id,titulo,ano,genero,nota,votos,orcamento,receita,diretor,poster,sinopse,duracao,popularidade
969681,Homem-Aranha: Um Novo Dia,2026-07-29,Ficção científica,7.885,1920,225000000,2022543660,Destin Daniel Cretton,https://image.tmdb.org/t/p/w500/x0nvYzQpyJc5pdT9lMnkMuYAg0O.jpg,"É um novo dia para Peter Parker. Combatendo o crime em tempo integral como Homem-Aranha em um mundo que não se lembra mais dele e lidando com a pressão de ver seus antigos amigos seguirem em frente sem sua presença, Peter passa por uma mudança que talvez nem ele tenha o poder de controlar. Mas essa transformação também pode ser a única coisa capaz de deter uma surpreendente nova ameaça à cidade e às pessoas que ele ama: um poderoso vilão que ninguém sequer consegue enxergar.",143,1872.4338
1368337,A Odisseia,2026-07-15,Aventura,7.99,2936,250000000,1294477255,Christopher Nolan,https://image.tmdb.org/t/p/w500/muMwJAiMtReEHLKpKMWt2rMkYF7.jpg,"Acompanhe a saga de Odisseu, o lendário rei de Ítaca, em sua longa e perigosa jornada de retorno ao lar após a Guerra de Troia.",172,778.47
634649,Homem-Aranha: Sem Volta Para Casa,2021-12-15,Ação,7.94,22749,200000000,1921426073,Jon Watts,https://image.tmdb.org/t/p/w500/xaKydnMw6wR1MBAjS5seGPVusbs.jpg,"Peter Parker é desmascarado e não consegue mais separar sua vida normal dos grandes riscos de ser um super-herói. Quando ele pede ajuda ao Doutor Estranho, os riscos se tornam ainda mais perigosos, e o forçam a descobrir o que realmente significa ser o Homem-Aranha...",149,438.3768
1084244,Toy Story 5,2026-06-17,Animação,7.825,1061,250000000,1115340965,Andrew Stanton,https://image.tmdb.org/t/p/w500/sssrBhdvDcczgMQYDc8oCoSuFEJ.jpg,"O trabalho de Buzz, Woody, Jessie e do resto da gangue fica exponencialmente mais difícil quando eles enfrentam uma nova ameaça à diversão: a tecnologia.",100,388.1231
1323244,Rage of Stars,2026-08-06,Ação,5.4,5,0,0,Łukasz Róg,https://image.tmdb.org/t/p/w500/oLld47ZT1I3iecM3OWhIphohQUJ.jpg,,0,339.1926
1375646,Zona Zero,2026-05-21,Ação,8.106,540,0,0,Yeon Sang-ho,https://image.tmdb.org/t/p/w500/5tQ8kDNk00HPuVb43pZH1BmcNWQ.jpg,"De repente, um vírus que sofre mutações rápidas é liberado em uma conferência de biologia, forçando o isolamento imediato do local. A contaminação se espalha rapidamente, e os infectados não apenas atacam, eles evoluem de formas imprevisíveis e cada vez mais perigosas. Presos nesse confinamento, um grupo de sobreviventes precisa lutar pela própria vida enquanto, a cada minuto, as regras do jogo mudam.",122,300.1541
1315772,Minions & Monstros,2026-06-24,Aventura,7.491,744,85000000,484839794,Pierre Coffin,https://image.tmdb.org/t/p/w500/hTowtXrkCY7FJyoj4p91JckrJSE.jpg,"Esta é a frenética, ridícula e totalmente verdadeira história de como os Minions conquistaram Hollywood, se tornaram estrelas de cinema, perderam tudo, libertaram monstros pelo mundo e, depois, se uniram para tentar salvar o planeta do caos que eles mesmos haviam acabado de criar.",87,288.8608
1284041,A Última Casa,2026-08-06,Terror,6.913,870,0,0,Louis Leterrier,https://image.tmdb.org/t/p/w500/AqOwuZ4X0Ssi3LIsYqXNw52IIvW.jpg,Uma família trancada misteriosamente na própria casa precisa se unir para sobreviver à escassez de recursos e à força sombria que a mantém presa.,110,243.5797
1339713,Obsessão,2026-05-13,Terror,8.2,4830,750000,495693715,Curry Barker,https://image.tmdb.org/t/p/w500/wUc6IDf5ChjM1UyQye21qFBeJY0.jpg,"Sem grandes pretensões, um romântico incurável compra um brinquedo que promete realizar desejos únicos. Ele quebra o artefato misterioso enquanto pede para conquistar a crush e consegue exatamente o que desejava, mas descobre que a consequência é sinistra.",100,238.3554
1101383,O Fim da Rua,2026-08-12,Ficção científica,6.537,245,80000000,47010488,David Robert Mitchell,https://image.tmdb.org/t/p/w500/4uuHvSqtAqbFFl0ZgOMx3xbGw1J.jpg,"Após um misterioso evento cósmico abalar o bairro Oak Street e o transportar dos subúrbios para um lugar desconhecido, a família Platt descobre que sua sobrevivência vai depender da união entre todos para enfrentar um ambiente agora irreconhecível.",100,217.1636
1284465,A Morte de Robin Hood,2026-06-18,Aventura,6.3,227,25000000,3200000,Michael Sarnoski,https://image.tmdb.org/t/p/w500/o0QndnepFPWget2kdKpzh26RBYt.jpg,"Atormentado pelas cicatrizes de uma vida marcada pelo crime, Robin Hood sobrevive por pouco àquela que acreditava ser sua batalha final. Gravemente ferido, ele é encontrado por uma mulher misteriosa que o recolhe das sombras e passa a cuidar de seus ferimentos. Com o corpo fora de combate, cada erro cometido no passado volta para assombrá-lo.",123,212.8565
1108427,Moana,2026-07-08,Família,6.007,201,250000000,293019159,Thomas Kail,https://image.tmdb.org/t/p/w500/eEsiTi19EYBluPQliS3CMnBgqTj.jpg,"Na Polinésia Antiga, quando uma terrível maldição contraída por Maui chega à ilha de um impetuoso chefe, sua filha obstinada responde ao chamado do Oceano para procurar o semideus e consertar as coisas. Adaptação live-action do filme de animação da Disney de 2016 'Moana'",115,178.6083
1275779,Dia D,2026-06-10,Ficção científica,7.5,2890,115000000,240659748,Steven Spielberg,https://image.tmdb.org/t/p/w500/pmff1wjKrgJi92PPr346lAifzlg.jpg,"O mundo entra em colapso quando uma meteorologista, em plena transmissão ao vivo, é dominada por uma força invisível, perdendo a fala e emitindo sons perturbadores. Enquanto fenômenos inexplicáveis e sinais de controle mental em massa se espalham, um informante tenta expor segredos governamentais guardados por décadas.",146,175.2468
1212763,A Morte do Demônio: Em Chamas,2026-07-07,Terror,7.867,1171,20000000,71433538,Sébastien Vaniček,https://image.tmdb.org/t/p/w500/fteLdvfRnltfLjAEnsl5E3vImnW.jpg,"Após a perda do marido, uma mulher busca consolo com seus sogros em sua casa isolada. À medida que, um a um, eles são transformados em Deadites — transformando o encontro em uma reunião familiar infernal —, ela descobre que os votos que fez em vida... continuam vivos mesmo após a morte.",117,169.309
1081003,Supergirl,2026-06-24,Ação,6.745,1937,175000000,126349292,Craig Gillespie,https://image.tmdb.org/t/p/w500/qhXfLI1gDWaahzfHT0cb2CH61hO.jpg,"Quando um adversário implacável atinge alguém muito próximo dela, Kara Zor-El relutantemente une forças com uma companheira improvável em uma épica jornada interestelar de vingança e justiça.",108,138.8174
82023,Hotel Desire,2011-12-07,Drama,6.172,154,230758,0,Sergej Moya,https://image.tmdb.org/t/p/w500/myzQj8Rk178DrWsiZjVKjz7Kj9P.jpg,"O filme conta a história de mãe solteira Antonia. Nos oito anos que se passaram desde o nascimento de seu filho, ela parou para tomar, além de deveres maternos e seu lugar como uma mulher. E parece que ela já chegou a um acordo com o seu triste destino. Resignada, ela observa que é para os homens da sua idade tornaram-se aparentemente invisível. Eles rotineiramente realizada neste dia insuportavelmente quente, o seu trabalho no Mare Mira hotel. É um dia como todos os outros. Até seu caminho cruza com um convidado que vê o mundo com olhos diferentes ...",38,137.406
1307118,Soulm8te,2026-07-31,Terror,7.223,202,0,0,Kate Dolan,https://image.tmdb.org/t/p/w500/bNErActDctl6cdUGw9pnjSCmyhQ.jpg,"Um homem adquire um androide com inteligência artificial para lidar com o luto de sua falecida esposa. No entanto, ao tentar criar uma parceira verdadeiramente senciente, ele acaba transformando, inadvertidamente, um robô inofensivo em uma alma gêmea mortal.",99,132.0729
1083381,Backrooms: Um Não-Lugar,2026-05-27,Terror,7.1,2848,10000000,393159819,Kane Parsons,https://image.tmdb.org/t/p/w500/a1pgQeEge47xrS4jGlDwIHiieVK.jpg,"Em 1990, o vendedor de móveis Clark descobre em sua loja um portal para os ""Backrooms"", um labirinto infinito de escritórios surreais. Fascinado, ele convence sua funcionária Kat e o namorado dela a mapearem as anomalias do local. Após o desaparecimento de Clark, sua terapeuta, a Dra. Mary Kline, mergulha na dimensão impossível para resgatá-lo, sendo forçada a confrontar seus próprios traumas enquanto busca uma saída.",110,131.2784
315635,Homem-Aranha: De Volta ao Lar,2017-07-05,Ação,7.333,23684,175000000,880978185,Jon Watts,https://image.tmdb.org/t/p/w500/1nkwRL17cAGO8A1yu3miRBdvOsl.jpg,"Depois de atuar ao lado dos Vingadores, chegou a hora de Peter Parker voltar para casa e para a sua vida, já não mais tão normal.",133,129.1004
1273221,Todo Mundo em Pânico,2026-06-03,Comédia,6.44,1668,30000000,231467451,Michael Tiddes,https://image.tmdb.org/t/p/w500/y9yJd2qIIwhZcllHeKHsz5eRvNr.jpg,"Vinte e seis anos depois de escaparem de um assassino mascarado suspeitosamente familiar, o Quarteto Fantástico está de volta à mira do criminoso, e nenhuma propriedade intelectual de filmes de terror está a salvo.",95,127.5083
687163,Devoradores de Estrelas,2026-03-15,Ficção científica,8.652,7167,200000000,684234722,Phil Lord,https://image.tmdb.org/t/p/w500/2i8uru7rlbHKaoIbC2V4FZLT7uW.jpg,"O professor de ciências Ryland Grace acorda em uma espaçonave a anos-luz de casa, sem nenhuma lembrança de quem é ou como chegou ali. À medida que sua memória retorna, ele começa a descobrir sua missão: resolver o enigma de uma substância misteriosa que está fazendo o Sol morrer. Ele precisará recorrer ao seu conhecimento científico e a ideias nada convencionais para salvar tudo na Terra da extinção… mas uma amizade inesperada pode significar que ele não terá que fazer isso sozinho.",157,127.2495
1003596,Vingadores: Doutor Destino,2026-12-16,Ficção científica,0.0,0,0,0,Joe Russo,https://image.tmdb.org/t/p/w500/j8ThEXgdGWYg1uWdSqygOSnlIA2.jpg,"Heróis icônicos de três universos diferentes são colocados em rota de colisão mortal e enfrentam uma ameaça existencial sem precedentes, diferente de tudo que já vivenciaram antes.",165,118.2699
1481343,A Boca do Diabo,2026-07-29,Terror,6.59,653,0,0,Jeff Wadlow,https://image.tmdb.org/t/p/w500/2CZecxLrTSmzngWqIGganSMg6gK.jpg,"Cinco amigos exploram as cavernas da Boca do Diabo, na Tailândia, para uma última aventura antes de começar a vida real. Mas logo descobrem que há algo mortal à espreita embaixo d'água.... veloz, silencioso e letal. Na escuridão sufocante, a confiança se desfaz, o pânico se espalha e cada passo errado se torna uma luta pela sobrevivência.",106,111.0638
980431,Avatar Aang: O Último Mestre do Ar,2026-07-24,Animação,9.228,898,0,0,Lauren Montgomery,https://image.tmdb.org/t/p/w500/tiUtJXN4OZaK2PQM0q8mbbBgKS4.jpg,"O Avatar Aang, o último mestre do ar do mundo, toma conhecimento de um poder antigo que poderia salvar sua cultura da extinção. Com a ajuda de seus amigos, ele embarca em uma busca global para encontrá-lo antes que caia em mãos erradas e ameace destruir a paz que eles sacrificaram tudo para alcançar.",99,110.9348
1594914,Lucky Strike,2026-06-26,Ação,7.3,30,10000000,803112,Rod Lurie,https://image.tmdb.org/t/p/w500/7AEBdyGYXumXWmMFeynE8227KeZ.jpg,"Um soldado americano ferido luta para sobreviver atrás das linhas inimigas durante a Batalha das Ardenas, na Segunda Guerra Mundial, contra os alemães, confiando em seu instinto, habilidades de espionagem e um rádio portátil para evitar a captura e encontrar o caminho de volta para sua unidade.",102,108.8539
1612018,Jackass: O Último é o Melhor,2026-06-25,Ação,7.5,161,10000000,310282181,Jeff Tremaine,https://image.tmdb.org/t/p/w500/pU9949BZVMUmZtiEiJyN76bFaLA.jpg,"johnny knoxville e toda turma estão de volta para uma última jornada, trazendo novas acrobacias, bobagens inéditas e os momentos mais icônicos de uma geração de caos. celebre com seus amigos mais bobos e gargalhem mais do que nunca… pela última vez.",92,106.6404
454639,Mestres do Universo,2026-06-03,Ação,7.177,1866,200000000,113763426,Travis Knight,https://image.tmdb.org/t/p/w500/atpb7NKSyM4bJSUY8vQTunzK4Na.jpg,"Adam caiu na Terra quando era criança e perdeu a espada mágica que o ligava a Eternia. Quase 20 anos depois, ele a recupera e retorna ao seu planeta natal para protegê-lo do malvado Esqueleto, mas primeiro precisa desvendar seu passado.",133,105.1579
1698863,The Odyssey,2026-07-03,Aventura,4.063,263,0,0,Marcel Walz,https://image.tmdb.org/t/p/w500/xBHCRB7zLIW41w8QskfwJhm32YF.jpg,,86,103.6476
1523145,Coração Partido,2026-03-26,Romance,7.1,121,3716000,7578000,Михаил Вайнберг,https://image.tmdb.org/t/p/w500/lsa8cLHVMPcKiSV5blNOqHTpQil.jpg,"A adolescente Polina tenta recomeçar a vida em uma nova cidade, mas logo se torna alvo de bullying na escola. Tudo muda quando Bars, o aluno mais temido e misterioso do colégio, oferece proteção em troca de que ela siga suas próprias regras. O que começa com um “fake dating” logo evolui para uma relação intensa e emocionalmente complexa, marcada por dependência, vulnerabilidade e uma crescente necessidade de pertencimento.",105,103.2321
557,Homem-Aranha,2002-05-01,Ação,7.345,21181,139000000,821708551,Sam Raimi,https://image.tmdb.org/t/p/w500/RbZQL5hXmydecu82UHw9ZGyytB.jpg,"Peter Parker é um jovem estudioso que vive com seus tios, Ben e May, desde que seus pais faleceram. Peter tem dificuldade em se relacionar com seus colegas, por ser tímido e por eles o considerarem um nerd. Até que, em uma demonstração científica, um acidente inesperado faz com que uma aranha modificada geneticamente pique Peter. A partir de então seu corpo é quimicamente alterado pela picada da aranha.",121,101.0598
950028,O Convite,2026-06-25,Comédia,7.4,272,6000000,42892172,Olivia Wilde,https://image.tmdb.org/t/p/w500/yXLx87GoPrM1ofZyIdFJOaqCjKP.jpg,"O casamento de Joe e Angela está por um fio. Quando eles convidam seus enigmáticos vizinhos do andar de cima para um jantar, a noite toma rumos inesperados.",107,100.7257
1564614,Leviticus,2026-06-17,Terror,6.796,379,3500000,8493480,Adrian Chiarella,https://image.tmdb.org/t/p/w500/5M2dI8TJeRNY3Aeidhp3Ujrb3aI.jpg,Dois adolescentes precisam escapar de uma entidade violenta que assume a forma da pessoa que eles mais desejam — um ao outro.,88,92.8966
1311031,Demon Slayer: Kimetsu no Yaiba Castelo Infinito,2025-07-18,Animação,8.732,1891,20000000,733030221,外崎春雄,https://image.tmdb.org/t/p/w500/41XdjOXGQoH0HTDNqEfwKGvGgwm.jpg,"Enquanto os membros dos caçadores e os Hashira participavam de um rigoroso programa de fortalecimento coletivo, conhecido como Treinamento dos Hashira, em preparação para a batalha final contra os demônios, Muzan Kibutsuji aparece na Mansão Ubuyashiki. Com a vida do líder da organização em risco, Tanjiro e os Hashira correm até o quartel-general, mas acabam sendo lançados, pelas mãos de Muzan, em uma queda profunda rumo a um espaço misterioso para um confronto final, o Castelo Infinito.",155,92.4348
1280738,The Furious,2026-06-10,Ação,8.086,561,20000000,36653413,谷垣健治,https://image.tmdb.org/t/p/w500/k334z7zxOJlJvOsOwyRF6HClCvi.jpg,"Após a filha de Wang Wei ser sequestrada por uma rede criminosa e ele não receber ajuda da polícia corrupta, Wei decide encontrá-la por conta própria. Seu único aliado é Navin, um jornalista implacável cuja esposa desapareceu misteriosamente. Movidos por uma fúria vingativa, a dupla improvável enfrenta os sequestradores impiedosamente neste explosivo confronto de artes marciais.",114,90.7448
278,Um Sonho de Liberdade,1994-09-23,Drama,8.728,31078,25000000,28341469,Frank Darabont,https://image.tmdb.org/t/p/w500/umX3lBhHoTV7Lsci140Yr8VpXyN.jpg,"Em 1946, Andy Dufresne, um banqueiro jovem e bem sucedido, tem a sua vida radicalmente modificada ao ser condenado por um crime que nunca cometeu, o homicídio de sua esposa e do amante dela. Ele é mandado para uma prisão que é o pesadelo de qualquer detento, a Penitenciária Estadual de Shawshank, no Maine. Lá ele irá cumprir a pena perpétua. Andy logo será apresentado a Warden Norton, o corrupto e cruel agente penitenciário, que usa a Bíblia como arma de controle e ao Capitão Byron Hadley que trata os internos como animais. Andy faz amizade com Ellis Boyd Redding, um prisioneiro que cumpre pena há 20 anos e controla o mercado negro da instituição.",142,88.7998
1599191,仙逆剧场版：弑仙之战,,Animação,0.0,0,0,0,石头熊,https://image.tmdb.org/t/p/w500/m1dXI1997D7lj6Sh0Z2DI26o2nI.jpg,,0,88.4782
299536,Vingadores: Guerra Infinita,2018-04-25,Aventura,8.241,32615,300000000,2052415039,Joe Russo,https://image.tmdb.org/t/p/w500/A4kvp7vY1BDLrrQIagRCffLKj1t.jpg,"Homem de Ferro, Thor, Hulk e os Vingadores se unem para combater seu inimigo mais poderoso, o maligno Thanos. Em uma missão para coletar todas as seis pedras infinitas, Thanos planeja usá-las para infligir sua vontade maléfica sobre a realidade.",148,87.8112
83533,Avatar: Fogo e Cinzas,2025-12-17,Ficção científica,7.646,4154,350000000,1485999890,James Cameron,https://image.tmdb.org/t/p/w500/3almrQT8GnrDjnQeWotdExjJhZm.jpg,"Após a devastadora guerra contra a RDA e a perda de seu filho mais velho, Jake Sully e Neytiri enfrentam uma nova ameaça em Pandora: o Povo das Cinzas, uma tribo Na'vi violenta e sedenta por poder, liderada pela implacável Varang. A família de Jake deve lutar por sua sobrevivência e pelo futuro de Pandora em um conflito que os leva aos seus limites emocionais e físicos.",197,86.8115
755898,A Guerra dos Mundos,2025-07-29,Ficção científica,4.066,1082,10000000,0,Rich Lee,https://image.tmdb.org/t/p/w500/yY5CbfXBxsPvYi0TzmaCP7uunnn.jpg,"Will Radford é um renomado analista de cibersegurança do Departamento de Segurança Interna dos Estados Unidos, encarregado de rastrear possíveis ameaças à segurança nacional por meio de um programa de vigilância em massa. No entanto, um ataque inesperado por uma entidade desconhecida o leva a suspeitar que o governo esteja escondendo algo dele… e do restante do mundo.",90,84.5051
441168,Aluna Exemplar e Estrela Pornô,2017-02-11,Drama,5.9,167,0,0,Vanessa Parise,https://image.tmdb.org/t/p/w500/7o7qmymPy1D9mASODsrOHq41Fye.jpg,"Miriam Weeks, também conhecida como Belle Knox, ganhou notoriedade por estrelar em filmes pornográficos para pagar suas despesas na Duke University. Uma decisão que mudou sua vida para sempre.",87,83.4264
1314481,O Diabo Veste Prada 2,2026-04-29,Comédia,7.069,2111,100000000,691379651,David Frankel,https://image.tmdb.org/t/p/w500/50yWyY981TyUHhoxxSEKwO70FmQ.jpg,"Miranda Priestly navega por sua carreira em meio ao declínio das publicações tradicionais de revistas. Ela se confronta com Emily Charlton, sua ex-assistente, agora uma influente executiva de um grupo de luxo, que detém verbas publicitárias de que Miranda Priestly precisa desesperadamente.",119,78.613
1493400,Camp Rock 3,2026-08-13,Música,6.323,65,0,0,Veronica Rodriguez,https://image.tmdb.org/t/p/w500/rS7byWK9cfPfdLeFNlRIaJxH9mN.jpg,"O Connect 3 perde sua banda de abertura para uma grande turnê de reunião e decide retornar ao amado Camp Rock para descobrir o próximo grande talento. Enquanto os campistas disputam a chance de abrir os shows de sua banda favorita, as tensões aumentam e as amizades são testadas, levando a alianças inesperadas, revelações e romances.",93,83.3879
1408162,விஸ்வநாத் & சன்ஸ்,2026-08-14,Drama,8.429,7,0,0,Venky Atluri,https://image.tmdb.org/t/p/w500/pjhMuXD5LzjaCmOeKe31S4cYd1O.jpg,,161,78.6765
24428,Os Vingadores: The Avengers,2012-04-25,Ficção científica,8.067,39291,220000000,1518815515,Joss Whedon,https://image.tmdb.org/t/p/w500/PtSapjHdDjlVcsqdEo0u7rDE6i.jpg,"Loki, o irmão de Thor, ganha acesso ao poder ilimitado do cubo cósmico ao roubá-lo de dentro das instalações da S.H.I.E.L.D. Nick Fury, o diretor desta agência internacional que mantém a paz, logo reúne os únicos super-heróis que serão capazes de defender a Terra de ameaças sem precedentes. Homem de Ferro, Capitão América, Hulk, Thor, Viúva Negra e Gavião Arqueiro formam o time dos sonhos de Fury, mas eles precisam aprender a colocar os egos de lado e agir como um grupo em prol da humanidade.",143,77.2303
89657,Country Hooker,1974-10-04,Drama,4.2,6,0,0,Lew Guinn,https://image.tmdb.org/t/p/w500/v1idmJb9QWzhRllXlveKxYtsAHG.jpg,,75,76.7839
1127384,Águas Mortais,2026-04-30,Terror,7.135,405,0,2286163,Renny Harlin,https://image.tmdb.org/t/p/w500/dWsw0X420R6ngEcVCkNlZ189Amr.jpg,"Um voo de Los Angeles para Xangai cai no meio do Oceano Pacífico. Após sobreviverem ao acidente, os passageiros logo percebem que não estão sozinhos e precisam lutar pela própria vida em águas infestadas por tubarões.",106,71.4917
429617,Homem-Aranha: Longe de Casa,2019-06-28,Ação,7.394,17431,160000000,1132723226,Jon Watts,https://image.tmdb.org/t/p/w500/tX0o4AdHpidgniTWwfzK0dNTKrc.jpg,"Peter Parker está em uma viagem de duas semanas pela Europa, ao lado de seus amigos de colégio, quando é surpreendido pela visita de Nick Fury. Convocado para mais uma missão heroica, ele precisa enfrentar vários vilões que surgem em cidades-símbolo do continente, como Londres, Paris e Veneza, e também a aparição do enigmático Mysterio.",130,70.4393
1930,O Espetacular Homem-Aranha,2012-06-23,Ação,6.753,18930,215000000,758725893,Marc Webb,https://image.tmdb.org/t/p/w500/gxSsFBCFuDhVQMCuIDoZcmHOqlY.jpg,"Peter Parker está tentando saber mais sobre sua origem. Ele encontra uma pasta que pertenceu ao seu pai e quer descobrir por que seus pais desapareceram. Sua busca o leva a Oscorp e ao dr. Curt Connors, que tem como alterego o letal Lagarto.",136,74.2722
1630409,O Cobrador de Dívidas,2026-07-20,Ação,7.968,109,0,0,สุรพงษ์ เพลินแสง,https://image.tmdb.org/t/p/w500/qBKdfIV8YeReAYyzebW7R14vWhe.jpg,"Assombrado pela culpa após a prisão, um ex-cobrador de dívidas corre contra uma doença terminal, retornando ao seu antigo mundo para vingar as vítimas dos agiotas.",134,73.1712
5721,Vixen!,1968-10-15,Drama,5.486,108,73000,8000000,Russ Meyer,https://image.tmdb.org/t/p/w500/wJScc4TQpz7FZmTl0GN11Xf4X8q.jpg,"Este é o primeiro filme daquela que viria a ser a mais conhecida série do realizador de culto da comédia erótica norte americana, Russ Meyer, o mestre inconfundível do cinema que nos deu a ver as mais generosamente dotadas mulheres do mundo.  Vixen é uma jovem e esplendorosa mulher que vive com o seu marido numa estalagem na floresta. Vixen é uma força da natureza e no convivio diário com a vida selvagem, os seus sentidos estão sempre à beira de explodir. Para Vixen, fazer amor é como respirar e uma alegria que tem que partilhar com toda a gente: o jovem marido, o irmão, o guarda-florestal, um casal em visita, de que nem a mulher escapa... Vixen é uma bela e escultural rapariga, uma mulher insaciavel, que não sabe dizer que não...",70,72.5169
1569947,O Padre: O Massacre no Dia de Ação de Graças,2025-08-08,Terror,3.481,54,0,0,Steve Lawson,https://image.tmdb.org/t/p/w500/gH8pWTFrJcVQv5EsLgc9XAUFfFr.jpg,"Durante o Dia de Ação de Graças, um padre se vê no centro de uma onda de violência quando um massacre atinge sua comunidade. À medida que o caos se instala, ele precisa confrontar não apenas a brutalidade ao seu redor, mas também seus próprios limites de fé e sobrevivência",83,72.387
157336,Interestelar,2014-11-05,Aventura,8.485,40810,165000000,746606706,Christopher Nolan,https://image.tmdb.org/t/p/w500/6ricSDD83BClJsFdGB6x7cM0MFQ.jpg,"As reservas naturais da Terra estão chegando ao fim e um grupo de astronautas recebe a missão de verificar possíveis planetas para receberem a população mundial, possibilitando a continuação da espécie. Cooper é chamado para liderar o grupo e aceita a missão sabendo que pode nunca mais ver os filhos. Ao lado de Brand, Jenkins e Doyle, ele seguirá em busca de um novo lar.",169,67.2233
1285366,愛のぬくもり,2024-07-06,Romance,6.2,4,0,0,今岡信治,https://image.tmdb.org/t/p/w500/3r0O6BW9USoZ9mteCVyNKMQriRL.jpg,,91,71.5511
1084242,Zootopia 2,2025-11-26,Animação,7.677,3288,150000000,1868208796,Jared Bush,https://image.tmdb.org/t/p/w500/sOgzzmyHJ3uWjEU509AwrcXoE71.jpg,Os detetives Judy Hopps e Nick Wilde se encontram na trilha sinuosa de um réptil misterioso que chega a Zootopia e vira a metrópole dos mamíferos de cabeça para baixo.,108,70.7946
1110034,Kraken: O Terror das Profundezas,2026-02-06,Terror,6.248,278,1000000,14329678,Pål Øie,https://image.tmdb.org/t/p/w500/lb8lEHDWRAflGr0daGsmJVoey2d.jpg,"Um biólogo marinho investiga uma fazenda de peixe. Adolescentes mortos e curiosos acreditam que uma criatura gigantesca com vários tentáculos está localizada nas profundezas do fiordo, pronta para esmagar suas vítimas.",94,70.2476
1510795,"Shake, Rattle & Roll: As Origens do Mal",2026-06-05,Terror,5.071,14,0,0,Shugo Praico,https://image.tmdb.org/t/p/w500/4NSwhJVIvO54GyWsvGXHxRPRd3q.jpg,"Dos corredores assombrados da abadia no passado, de um tumulto assassino no Halloween no presente a um apocalipse monstruoso no futuro; a décima sétima edição traz três histórias de terror em cada ciclo.",148,61.5329
1439930,O Justiceiro: Uma Última Morte,2026-05-12,Ação,8.295,2088,0,0,Reinaldo Marcus Green,https://image.tmdb.org/t/p/w500/ppRmgI2MbEOADvKKvlNoRJHPXOT.jpg,"Enquanto Frank Castle busca um significado além da vingança, uma força inesperada o arrasta de volta para a luta.",51,68.9522
1698856,Master of the Universe,2026-05-22,Ficção científica,5.0,72,0,0,Marcel Walz,https://image.tmdb.org/t/p/w500/a77OcLmarwiBJakOPPC36m58t4L.jpg,,81,61.0478
1504358,Não Deseje Boa Sorte,2026-08-13,Comédia,7.1,35,0,0,Julia Hart,https://image.tmdb.org/t/p/w500/l6cwkNbPIOdjvFwm7XZTI2EZhZu.jpg,Sophie Birenbaum está pronta para brilhar no musical da escola. Mas a situação complica quando ela precisa enfrentar mais drama dentro de casa do que em cima do palco.,96,68.7627
1226863,Super Mario Galaxy: O Filme,2026-04-01,Família,8.242,3485,110000000,1012203331,Aaron Horvath,https://image.tmdb.org/t/p/w500/b3WeTp42eJSRuE4UZfyPCOJW4c.jpg,"Depois de salvar o Reino dos Cogumelos, Mario e seus amigos se encontram em uma missão intergaláctica para deter um novo vilão ameaçador.",95,60.4349
559,Homem-Aranha 3,2007-05-01,Ação,6.475,15600,258000000,894983373,Sam Raimi,https://image.tmdb.org/t/p/w500/5831VrgpYNPEokBwxurLVpQ3twM.jpg,"O relacionamento entre Peter Parker e Mary Jane parece estar dando certo, mas outros problemas começam a surgir. A roupa de Homem-Aranha torna-se preta e acaba controlando Peter, que apesar de aumentar seus poderes, revela o lado obscuro de sua personalidade. Os vilões Venon e Homem-Areia tentam destruir o super-herói.",139,62.6895
569094,Homem-Aranha: Através do Aranhaverso,2023-05-31,Animação,8.344,9043,100000000,690897910,Justin K. Thompson,https://image.tmdb.org/t/p/w500/fBS6y0LYX4kU6pPSBYMdQy6SIHX.jpg,"Miles Morales retorna para o próximo capítulo da saga do Aranhaverso, uma aventura épica que transportará o Homem-Aranha em tempo integral e amigável do bairro do Brooklyn através do Multiverso para unir forças com Gwen Stacy e uma nova equipe de Homens-Aranha para enfrentar com um vilão mais poderoso do que qualquer coisa que eles já encontraram.",140,62.7986
299534,Vingadores: Ultimato,2019-04-24,Aventura,8.239,28369,356000000,2799439100,Anthony Russo,https://image.tmdb.org/t/p/w500/9fRX8UKlIW7Lb9GqNsJVakWWFCi.jpg,"Após os eventos devastadores de ""Vingadores: Guerra Infinita"", o universo está em ruínas devido aos esforços do Titã Louco, Thanos. Com a ajuda de aliados remanescentes, os Vingadores devem se reunir mais uma vez a fim de desfazer as ações de Thanos e restaurar a ordem no universo de uma vez por todas, não importando as consequências.",181,64.0922
155,Batman: O Cavaleiro das Trevas,2008-07-16,Ação,8.534,36443,185000000,1004558444,Christopher Nolan,https://image.tmdb.org/t/p/w500/4lj1ikfsSmMZNyfdi8R8Tv5tsgb.jpg,"Após dois anos desde o surgimento do Batman, os criminosos de Gotham City têm muito o que temer. Com a ajuda do tenente James Gordon e do promotor público Harvey Dent, Batman luta contra o crime organizado. Acuados com o combate, os chefes do crime aceitam a proposta feita pelo Coringa e o contratam para combater o Homem-Morcego.",152,61.3608
27205,A Origem,2010-07-15,Ação,8.372,39932,160000000,839030630,Christopher Nolan,https://image.tmdb.org/t/p/w500/9e3Dz7aCANy5aRUQF745IlNloJ1.jpg,"Cobb é um ladrão habilidoso que comete espionagem corporativa infiltrando-se no subconsciente de seus alvos durante o estado de sono. Impedido de retornar para sua família, ele recebe a oportunidade de se redimir ao realizar uma tarefa aparentemente impossível: plantar uma ideia na mente do herdeiro de um império. Para realizar o crime perfeito, ele conta com a ajuda do parceiro Arthur, o discreto Eames e a arquiteta de sonhos Ariadne. Juntos, eles correm para que o inimigo não antecipe seus passos.",148,64.2651
931285,Mortal Kombat 2,2026-05-06,Ação,7.873,2389,80000000,129470110,Simon McQuoid,https://image.tmdb.org/t/p/w500/iILiJSRViTEcF23MHhGCbVm3mfW.jpg,"Os campeões favoritos dos fãs – agora acompanhados pelo próprio Johnny Cage – são colocados uns contra os outros numa sangrenta e derradeira batalha, sem regras ou limites, para derrotar o governo sombrio de Shao Kahn.",116,60.4244
822119,Capitão América: Admirável Mundo Novo,2025-02-12,Ação,5.947,3294,180000000,415101577,Julius Onah,https://image.tmdb.org/t/p/w500/5nbSgP8f5LMCI0PwVRRaHJaUmR3.jpg,"Após se encontrar com o recém-eleito presidente dos EUA, Thaddeus Ross, Sam se vê no meio de um incidente internacional. Ele deve descobrir o motivo por trás de uma conspiração global nefasta antes que o verdadeiro gênio faça o mundo inteiro ser dominado pelo vermelho.",119,58.7104
1228710,Star Wars: O Mandaloriano e Grogu,2026-05-20,Ação,7.504,1301,165000000,345166617,Jon Favreau,https://image.tmdb.org/t/p/w500/dNwaS0tnwgQRaQFPY5MbGxdmYXr.jpg,"O maligno Império caiu e os senhores da guerra Imperiais ainda estão espalhados pela galáxia. Enquanto a jovem Nova República luta para proteger tudo pelo que a Rebelião batalhou, ela conta com a ajuda do lendário caçador de recompensas Mandaloriano Din Djarin e seu jovem aprendiz Grogu.",132,61.189
1419406,Operação Sombra,2025-08-16,Ação,8.118,1225,0,174400000,杨子,https://image.tmdb.org/t/p/w500/zI4UdGnD4KMjiaGQTgF5PMiagVF.jpg,"Um policial aposentado, especialista em rastreamento, é convocado de volta à ativa em Macau para desmantelar uma gangue de ladrões de alta tecnologia, colocando suas táticas tradicionais contra a tecnologia avançada, num jogo de gato e rato com uma equipe de jovens detetives de elite.",141,61.0977
102382,O Espetacular Homem-Aranha 2: A Ameaça de Electro,2014-04-16,Ação,6.556,14602,200000000,716934779,Marc Webb,https://image.tmdb.org/t/p/w500/cyMz4OfmNqpuQ02QQOQCbGxQjwK.jpg,"O jovem Peter Parker está fascinado com as habilidades que adquiriu como Homem-Aranha. Agora, ele precisa lidar com dois problemas: o retorno de um velho amigo, Harry Osborn, e a chegada de um vilão mais forte e poderoso, Electro.",141,58.3114
1404304,The Isolate Thief,2026-07-10,Faroeste,7.4,16,0,0,John Suits,https://image.tmdb.org/t/p/w500/gmmCh2BvTKp0YGT2FYG0eOQJELi.jpg,"Uma mulher esconde ouro roubado de bandidos que controlam seu posto remoto enquanto enfrentam o inverno, onde a sobrevivência depende de engenhosidade e lealdade.",95,54.0969
1290821,Missão Refúgio,2026-01-28,Ação,7.78,1718,50000000,53933639,Ric Roman Waugh,https://image.tmdb.org/t/p/w500/hSvhZRkbYD9crC4nqy8uCk9EdFH.jpg,"Um ex-assassino de aluguel, agora um homem recluso numa ilha costeira remota, salva uma garota de uma tempestade terrível, colocando os dois na mira do perigo. Forçado a sair da aposentadoria e do isolamento, o homem é obrigado a enfrentar seu passado perigoso para proteger a menina enquanto tenta sobreviver uma jornada tensa repleta de perigos e redenção.",107,56.4994
238,O Poderoso Chefão,1972-03-14,Drama,8.685,23375,6000000,245066411,Francis Ford Coppola,https://image.tmdb.org/t/p/w500/oJagOzBu9Rdd9BrciseCm3U3MCU.jpg,"Em 1945, Don Corleone é o chefe de uma mafiosa família italiana de Nova York. Ele costuma apadrinhar várias pessoas, realizando importantes favores para elas, em troca de favores futuros. Com a chegada das drogas, as famílias começam uma disputa pelo promissor mercado. Quando Corleone se recusa a facilitar a entrada dos narcóticos na cidade, não oferecendo ajuda política e policial, sua família começa a sofrer atentados para que mudem de posição. É nessa complicada época que Michael, um herói de guerra nunca envolvido nos negócios da família, vê a necessidade de proteger o seu pai e tudo o que ele construiu ao longo dos anos.",175,57.6588
1391021,欢迎来龙餐馆,2026-08-08,Drama,9.235,17,0,134100000,文牧野,https://image.tmdb.org/t/p/w500/2OJX7udqqpk5c82pXXdL2hnny0D.jpg,,140,52.7705
324857,Homem-Aranha: No Aranhaverso,2018-12-06,Animação,8.395,17666,90000000,394884133,Bob Persichetti,https://image.tmdb.org/t/p/w500/ybQSBSrINtjWsJQ6Ih8sva8HlEZ.jpg,"Miles Morales é um jovem negro do Brooklyn que se tornou o Homem-Aranha inspirado no legado de Peter Parker, já falecido. Entretanto, ao visitar o túmulo de seu ídolo em uma noite chuvosa, ele é surpreendido com a presença do próprio Peter, vestindo o traje do herói aracnídeo sob um sobretudo. A surpresa fica ainda maior quando Miles descobre que ele veio de uma dimensão paralela, assim como outras variações do Homem-Aranha.",117,55.5623
1184918,Robô Selvagem,2024-09-12,Família,8.306,6455,78000000,331982078,Chris Sanders,https://image.tmdb.org/t/p/w500/gAHNIZKG8fmK7njOTpMmLKJXiag.jpg,"Um robô – unidade ROZZUM 7134, abreviadamente “Roz” – naufraga em uma ilha desabitada e deve aprender a se adaptar ao ambiente hostil, gradualmente construindo relacionamentos com os animais da ilha e se tornando o pai adotivo de um filhote de ganso órfão.",101,54.3057
1327819,"Cara de Um, Focinho de Outro",2026-03-04,Aventura,8.2,2201,150000000,389685783,Daniel Chong,https://image.tmdb.org/t/p/w500/ftPFJBGbldoWiiPrmesW96zBzdH.jpg,"Mabel é uma jovem amante da natureza que tenta impedir o prefeito Jerry de construir uma rodovia que destruirá suas florestas locais. Graças a um experimento secreto de troca de cérebros, Mabel consegue transferir sua mente para um castor robô e segue para um lago, onde refugiados da industrialização invasora desembarcaram. Lá, ela tenta convencer os animais, liderados pelo castor majestoso Rei George, a se juntarem a ela e impedirem a construção da rodovia.",105,52.6687
194117,La donna della luna,1988-03-31,Drama,5.6,8,0,0,Vito Zagarrio,https://image.tmdb.org/t/p/w500/6uiz2xx61qhGv3ZcZg0n5tgahY3.jpg,,90,51.9629
271110,Capitão América: Guerra Civil,2016-04-27,Aventura,7.451,24392,250000000,1155046416,Joe Russo,https://image.tmdb.org/t/p/w500/dsvUR5aEVSkB1Sro7nT6Khqik71.jpg,"Depois do ataque de Ultron, os políticos decidem controlar os Vingadores, já que suas ações afetam toda a humanidade. A decisão coloca o Capitão América em rota de colisão com o Homem de Ferro.",137,50.8413
1728704,Siping,2026-07-10,Drama,4.6,4,0,0,Christopher Novabos,https://image.tmdb.org/t/p/w500/wNzRyplxryB8s6jb8Be5dYAKZb5.jpg,,70,50.7151
1007757,Como Mágica,2026-05-01,Aventura,8.88,2112,7,7,Nathan Greno,https://image.tmdb.org/t/p/w500/2TZiL4ZYOwWeIjGfz3glpMuPqpN.jpg,Uma pequena criatura da floresta e um pássaro majestoso trocam de corpo e precisam se unir para sobreviver à aventura mais incrível de suas vidas.,102,50.529
122,O Senhor dos Anéis: O Retorno do Rei,2003-12-17,Aventura,8.504,27120,94000000,1118888979,Peter Jackson,https://image.tmdb.org/t/p/w500/rU4oIKv5I4C59DpcXKmT7kNwGI0.jpg,"O confronto final entre as forças do bem e do mal que lutam pelo controle do futuro da Terra-Média se aproxima. Sauron planeja um grande ataque a Minas Tirith, capital de Gondor, o que faz com que Gandalf e Pippin partam para o local na intenção de ajudar a resistência. Um exército é reunido por Théoden em Rohan, em mais uma tentativa de deter as forças de Sauron. Enquanto isso, Frodo, Sam e Gollum seguem sua viagem rumo à Montanha da Perdição para destruir o Um Anel.",202,50.5079
533535,Deadpool & Wolverine,2024-07-24,Ação,7.585,9212,200000000,1338073645,Shawn Levy,https://image.tmdb.org/t/p/w500/cJFqqiDYprqExaXatu4AaoMzDG2.jpg,"Um apático Wade Wilson trabalha duro na vida civil. Seus dias como mercenário moralmente flexível, Deadpool, ficaram para trás. Quando seu planeta enfrenta uma ameaça, Wade deve relutantemente vestir-se novamente com um ainda mais relutante... relutante? Mais relutante? Ele deve convencer um Wolverine relutante em... Porra. As sinopses são tão estúpidas.",128,50.0467
1368166,A Empregada,2025-12-18,Mistério,7.273,2886,35000000,399644671,Paul Feig,https://image.tmdb.org/t/p/w500/qaqAdyuk8Fcgfsj19Cj3OpJ8hN.jpg,"Millie é uma mulher passando por dificuldades que se sente aliviada com a chance de um novo começo como empregada doméstica de Nina e Andrew, um casal rico. Logo, ela descobre que os segredos da família são muito mais perigosos do que os seus.",131,49.97
617126,Quarteto Fantástico: Primeiros Passos,2025-07-23,Ficção científica,6.947,3718,200000000,521858728,Matt Shakman,https://image.tmdb.org/t/p/w500/8F2vIxWycANHW763lnx2hJVtjDC.jpg,"No vibrante cenário de um mundo retrofuturista inspirado nos anos 1960, a Primeira Família da Marvel é forçada a equilibrar seus papéis como heróis com a força de seus laços familiares, enquanto defendem a Terra de um deus espacial voraz chamado Galactus e sua enigmática arauta, a Surfista Prateada.",115,49.2265
99861,Vingadores: Era de Ultron,2015-04-22,Ação,7.276,24834,235000000,1405403694,Joss Whedon,https://image.tmdb.org/t/p/w500/uvzqTsRmUzk9mJVzX8cMSWMyM5l.jpg,"Ao tentar proteger o planeta de ameaças, Tony Stark constrói um sistema de inteligência artificial que cuidaria da paz mundial. O projeto acaba dando errado e gera o nascimento do Ultron. Com o destino da Terra em jogo, os Vingadores terão que se unir para mais uma vez salvar a raça humana da extinção.",141,49.1101
803796,Guerreiras do K-Pop,2025-06-20,Fantasia,8.001,3118,100000000,24619953,Chris Appelhans,https://image.tmdb.org/t/p/w500/gbdMa7woiuF7IiEB5Spwv5od4oo.jpg,"Quando não estão lotando estádios, as estrelas do K-pop Rumi, Mira e Zoey usam seus poderes secretos para proteger os fãs contra ameaças sobrenaturais.",95,48.7945
1487864,Nando Entre Dois Mundos: Um Filme Sintonia,2026-08-12,Drama,5.3,13,0,0,Johnny Araújo,https://image.tmdb.org/t/p/w500/dwnqhUeXO1vRgXH9zgyeeihpxqo.jpg,"Dividido entre a vida em família e suas obrigações com o mundo do crime, Nando precisa fazer uma escolha impossível: a quem ele deve sua lealdade total?",109,48.3974
1491920,功夫女足,2026-07-11,Drama,6.2,23,0,0,Stephen Chow,https://image.tmdb.org/t/p/w500/7H9Gkdr9V5KMM6STtCRdTuRD2Zd.jpg,,106,48.2083
1089791,O Traço dos seus Lábios,2023-06-17,Drama,5.3,10,0,0,Julián Hernández,https://image.tmdb.org/t/p/w500/i0nUi81v14czJ48IiKBfoQYOIYn.jpg,"Román é um ator que atua em filmes B e está isolado em seu apartamento enquanto a pandemia atinge o mundo. Aldo, um jovem indígena, é um trabalhador essencial que tem permissão para ir e vir pelas autoridades. Eles moram em um condomínio de apartamentos, um em frente ao outro. Eles se encontram online, podem conversar e até se ver por videochamada, mas não podem se encontrar pessoalmente. Eventualmente, sentem a tentação de quebrar o lockdown.",81,48.1746
1234821,Jurassic World: Recomeço,2025-06-23,Ficção científica,6.259,3663,180000000,869146189,Gareth Edwards,https://image.tmdb.org/t/p/w500/zuEC2i3I2P7QIcLoUJNBwqRYO4S.jpg,"Cinco anos após os eventos de Jurassic World: Domínio, a ecologia do planeta se mostrou inóspita para os dinossauros, com os poucos sobreviventes vivendo isolados nas regiões equatoriais. Zora Bennett é contratada para liderar uma equipe de especialistas cujo objetivo é obter o material genético das três maiores criaturas, cujo DNA contém a chave para a criação de um medicamento que trará grandes benefícios à humanidade. Mas a operação se cruzará com uma família cujo barco virou, e todos acabarão em uma ilha proibida, ocupada por dinossauros de inúmeras espécies, onde terão que fazer o impossível para sobreviver.",134,47.3148
1589248,"Meu Melhor Amigo, sua Namorada e Eu",2026-08-14,Comédia,3.7,13,0,0,Marco Petry,https://image.tmdb.org/t/p/w500/zyTqoS4eXC5vf3g61CuoxIr6Tyn.jpg,"Olli e Matze, inseparáveis desde a escola, são amigos, colegas de trabalho e até dividem o apartamento. Só que, agora, Rebecca chegou. E ela vai mudar tudo.",98,46.8606
1304313,Maldição da Múmia,2026-04-15,Terror,7.9,2527,22000000,90552113,Lee Cronin,https://image.tmdb.org/t/p/w500/fI6XBw8k5CWNwxLEYZwpjA89TPg.jpg,"A filha de um jornalista desaparece num deserto sem deixar rastros, deixando a família dilacerada e em luto. Até que, oito anos mais tarde, a jovem garota reaparece, deixando todos chocados. O problema é que esse encontro aparentemente feliz se transforma em um pesadelo de proporções gigantes.",133,46.8106
652,Tróia,2004-05-13,Guerra,7.2,11393,175000000,497409852,Wolfgang Petersen,https://image.tmdb.org/t/p/w500/iKp2NxUkqPVSPN2FdXUn9gxj4Nn.jpg,"Quando Páris, o príncipe de Troia, se apaixona por Helena, rainha de Esparta, o rei inicia uma guerra de anos entre os dois reinos. Para vencer, Esparta conta com Aquiles, um guerreiro lendário que comanda um exército próprio.",162,46.3907
603,Matrix,1999-03-31,Ação,8.255,28493,63000000,463517383,Lana Wachowski,https://image.tmdb.org/t/p/w500/lDqMDI3xpbB9UQRyeXfei0MXhqb.jpg,"O jovem programador Thomas Anderson é atormentado por estranhos pesadelos em que está sempre conectado por cabos a um imenso sistema de computadores do futuro. À medida que o sonho se repete, ele começa a desconfiar da realidade. Thomas conhece os misteriosos Morpheus e Trinity e descobre que é vítima de um sistema inteligente e artificial chamado Matrix, que manipula a mente das pessoas e cria a ilusão de um mundo real enquanto usa os cérebros e corpos dos indivíduos para produzir energia.",136,45.7278
671,Harry Potter e a Pedra Filosofal,2001-11-16,Aventura,7.902,30037,125000000,1029374615,Chris Columbus,https://image.tmdb.org/t/p/w500/4rtsbE9aQ1qw4gv7yYwaNYfWFoS.jpg,"Harry Potter é um garoto órfão que vive infeliz com seus tios, os Dursley. Em seu aniversário de 11 anos ele recebe uma carta que mudará sua vida: um convite para ingressar em Hogwarts, uma Escola de Magia e Bruxaria.",152,45.5762
1656061,Immortal Combat,2026-04-24,Ação,4.7,19,0,0,Monroe Robertson,https://image.tmdb.org/t/p/w500/pnOh13XVTFVU9RYbq54koeeuaOR.jpg,,88,45.1488
1242898,Predador: Terras Selvagens,2025-11-05,Ação,7.828,3506,105000000,184500000,Dan Trachtenberg,https://image.tmdb.org/t/p/w500/f3yLlUrJDdDL8d4nxywyotN45SL.jpg,"No futuro, em um planeta remoto, um jovem Predador, rejeitado por seu clã, encontra em Thia uma aliada improvável e embarca em uma jornada traiçoeira em busca do adversário supremo.",107,43.7398
872585,Oppenheimer,2023-07-19,Drama,8.022,12262,100000000,952000000,Christopher Nolan,https://image.tmdb.org/t/p/w500/1OsQJEoSXBjduuCvDOlRhoEUaHu.jpg,"A história do físico americano J. Robert Oppenheimer, seu papel no Projeto Manhattan e no desenvolvimento da bomba atômica durante a Segunda Guerra Mundial, e o quanto isso mudaria a história do mundo para sempre.",181,43.558
361743,Top Gun: Maverick,2022-05-21,Ação,8.16,11378,170000000,1488732821,Joseph Kosinski,https://image.tmdb.org/t/p/w500/kPbuLGVSJHATkW9fX9L3h1wM0Pa.jpg,"Depois de mais de 30 anos de serviço como um dos principais aviadores da Marinha, Pete ""Maverick"" Mitchell está de volta, rompendo os limites como um piloto de testes corajoso. No mundo contemporâneo das guerras tecnológicas, Maverick enfrenta drones e prova que o fator humano ainda é essencial.",131,43.4998
986056,Thunderbolts*,2025-04-30,Ação,7.299,3900,180000000,382436917,Jake Schreier,https://image.tmdb.org/t/p/w500/3cME244QKWg5mAvcsmthmtx7VR1.jpg,"Depois de se verem presos em uma armadilha mortal, uma equipe não convencional de sete anti-heróis deve embarcar em uma missão perigosa que os forçará a confrontar os cantos mais sombrios de seus passados.",126,43.2046
840464,Destruição Final 2,2026-01-07,Aventura,6.401,1462,90000000,44856736,Ric Roman Waugh,https://image.tmdb.org/t/p/w500/s6nzVekLSd1y0vGjLz8WPfC1Sau.jpg,"Tendo encontrado a segurança do bunker da Groenlândia depois que o cometa Clarke dizimou a Terra, a família Garrity deve agora arriscar tudo para embarcar em uma jornada angustiante através do deserto da Europa para encontrar um novo lar.",99,43.0651
1726,Homem de Ferro,2008-04-30,Ação,7.664,28606,140000000,585174222,Jon Favreau,https://image.tmdb.org/t/p/w500/mqN7RxojEiPoh3FTSTwOtwg7KAu.jpg,"Tony Stark é um industrial bilionário, que também é um brilhante inventor. Ao ser sequestrado ele é obrigado por terroristas a construir uma arma devastadora mas, ao invés disto, constrói uma armadura de alta tecnologia que permite que fuja de seu cativeiro. A partir de então ele passa a usá-la para combater o crime, sob o alter ego do Homem de Ferro.",126,42.1397
1308767,George Washington,2026-07-02,História,7.759,81,20000000,44888507,Jon Erwin,https://image.tmdb.org/t/p/w500/xgi2dObKLcSeUeFIT2Gw3U6Ed9d.jpg,"Antes de se tornar o Pai da Nação, ele era um soldado lutando para sobreviver. Um único passo em falso lança o jovem George Washington no centro de um conflito global, testando sua honra, lealdade e coragem. À medida que as alianças se desfazem e a fronteira entra em guerra, ele precisa confrontar não apenas seus inimigos, mas também o homem em que está se tornando. Esta é a história não contada do jovem Washington.",125,41.9177
120,O Senhor dos Anéis: A Sociedade do Anel,2001-12-18,Aventura,8.442,28131,93000000,871368364,Peter Jackson,https://image.tmdb.org/t/p/w500/tlvsNCwWEIgwAM23aNzTmMIcPEZ.jpg,"Após herdar um anel de seu tio, o hobbit Frodo participa da missão de salvar a Terra-Média do perverso Sauron. Ele precisa conduzir o Um Anel até a Montanha da Perdição e destruí-lo para sempre e, para isso, conta com a aliança de oito bravos companheiros contando com um mago, três hobbits, um elfo, um anão e dois homens.",179,41.8881
453395,Doutor Estranho no Multiverso da Loucura,2022-05-04,Fantasia,7.227,10671,295400000,955775804,Sam Raimi,https://image.tmdb.org/t/p/w500/7pLIVfovuIf2KQOOvMsKx3Lanrg.jpg,"Doutor Estranho, com a ajuda de aliados místicos antigos e novos, atravessa as perigosas realidades alternativas e alucinantes do Multiverso para enfrentar um novo adversário misterioso.",126,41.7942
1413976,Citizen Vigilante,2026-06-19,Thriller,6.3,320,0,0,Uwe Boll,https://image.tmdb.org/t/p/w500/6LmJD3Wohe0g4U62wgi7RyJqfE4.jpg,"Um homem faz justiça com suas próprias mãos, perseguindo criminosos. Sua cruzada como vigilante faz dele uma estrela da mídia social, mas isso o coloca em conflito com o chefe de polícia local.",89,41.7123
1724,O Incrível Hulk,2008-06-12,Ficção científica,6.255,13006,150000000,264770996,Louis Leterrier,https://image.tmdb.org/t/p/w500/v1UXe9WlwkkZ5YrffUSPdYNeJz3.jpg,"Vivendo escondido e longe de Betty Ross, a mulher que ama, o cientista Bruce Banner busca um meio de retirar a radiação gama que está em seu sangue. Ao mesmo tempo ele precisa fugir da perseguição do general Ross, seu grande inimigo, e da máquina militar que tenta capturá-lo, na intenção de explorar o poder que faz com que Banner se transforme no Hulk.",120,41.6583
1599993,Animales,2026-02-05,Comédia,6.067,15,0,0,José Ramón Alama,https://image.tmdb.org/t/p/w500/9fbZdiOI9fRinl44mNm3CYgEtYR.jpg,"Quatro casais navegam na linha tênue entre o desejo e a busca pela autenticidade, em um mundo onde a verdade é tão frágil quanto seus relacionamentos.",0,41.6102
1625901,The Dating App Killer: The Monica White Story,2026-02-14,Thriller,7.4,5,0,0,Elisabeth Röhm,https://image.tmdb.org/t/p/w500/wyu5CdFptyz7ZxmgwcHMMhR5tt0.jpg,,86,41.5545
284053,Thor: Ragnarok,2017-10-02,Ação,7.582,22344,180000000,855301806,Taika Waititi,https://image.tmdb.org/t/p/w500/2K45Fp6koAVoeeYS6aMb9BeNt4F.jpg,"Thor está preso do outro lado do universo. Ele precisa correr contra o tempo para voltar a Asgard e parar Ragnarok, a destruição de seu mundo, que está nas mãos da poderosa e implacável vilã Hela.",131,41.4559
550,Clube da Luta,1999-10-15,Drama,8.436,32656,63000000,100853753,David Fincher,https://image.tmdb.org/t/p/w500/mCICnh7QBH0gzYaTQChBDDVIKdm.jpg,Um homem deprimido que sofre de insônia conhece um estranho vendedor de sabonetes chamado Tyler Durden. Eles formam um clube clandestino com regras rígidas onde lutam com outros homens cansados de suas vidas mundanas. Mas sua parceria perfeita é comprometida quando Marla chama a atenção de Tyler.,139,41.4048
98,Gladiador,2000-05-04,Ação,8.23,21300,103000000,465516248,Ridley Scott,https://image.tmdb.org/t/p/w500/4DUClyGA6OqjXv6yC0Imf6THGfp.jpg,"Nos dias finais do reinado de Marcus Aurelius, o imperador desperta a ira de seu filho Commodus ao tornar pública sua predileção em deixar o trono para Maximus, o comandante do exército romano. Sedento pelo poder, Commodus mata seu pai, assume a coroa e ordena a morte de Maximus, que consegue fugir antes de ser pego e passa a se esconder sob a identidade de um escravo e gladiador do Império Romano.",155,41.3154
680,Pulp Fiction: Tempo de Violência,1994-09-10,Thriller,8.48,30669,8000000,213928762,Quentin Tarantino,https://image.tmdb.org/t/p/w500/tptjnB2LDbuUWya9Cx5sQtv5hqb.jpg,"Vincent Vega e Jules Winnfield são dois assassinos profissionais que trabalham fazendo cobranças para Marsellus Wallace, um poderosos gângster. Vega é forçado a sair com a garota do chefe, temendo passar dos limites. Enquanto isso, o pugilista Butch Coolidge se mete em apuros por ganhar uma luta que deveria perder.",154,41.2085
693134,Duna: Parte Dois,2024-02-27,Ficção científica,8.132,8391,190000000,714844358,Denis Villeneuve,https://image.tmdb.org/t/p/w500/8LJJjLjAzAwXS40S5mx79PJ2jSs.jpg,"A jornada de Paul Atreides continua. Ele está determinado a buscar vingança contra aqueles que destruíram sua família e seu lar. Com a ajuda de Chani e dos Fremen, ele embarca em uma jornada espiritual, mística e marcial. Se torna Muad'Dib, o líder messiânico dos Fremen, enquanto luta para evitar um futuro sombrio que ele testemunhou em visões. No entanto, suas ações inadvertidamente desencadeiam uma Guerra Santa em seu nome, que se espalha pelo universo conhecido. Enquanto enfrenta escolhas difíceis entre o amor por Chani e o destino de seu povo, Paul precisa usar suas habilidades e conhecimentos para evitar o terrível futuro que previu.",166,40.782
105,De Volta para o Futuro,1985-07-03,Aventura,8.328,22197,19000000,381109762,Robert Zemeckis,https://image.tmdb.org/t/p/w500/i996T0lI1fGtFEowiH3V6eZthL0.jpg,"Marty McFly, um típico adolescente americano dos anos 80, acidentalmente é enviado de volta ao ano de 1955 em um carro modificado para ser uma máquino do tempo, inventada por um cientista louco. Durante sua fantástica e maluca viagem no tempo, McFly tem que fazer com que seus futuros pais se encontrem e se apaixonem, para que assim ele possa ir de volta para o futuro.",115,40.1349
393392,もどり川,1983-04-16,Crime,5.7,3,0,0,神代辰巳,https://image.tmdb.org/t/p/w500/4EHBFyeBWN2N1llrZqyddMK8rsN.jpg,,137,39.1817
1061474,Superman,2025-07-09,Ficção científica,7.325,5296,225000000,618723803,James Gunn,https://image.tmdb.org/t/p/w500/v8ezJI3qfEv4OYq8AWSp4inFIwE.jpg,"Superman, um jovem repórter de Metrópolis, embarca em uma jornada para reconciliar sua herança kryptoniana com sua criação humana como Clark Kent.",128,38.0411
1272837,Extermínio: O Templo dos Ossos,2026-01-14,Terror,7.094,1625,63000000,58527279,Nia DaCosta,https://image.tmdb.org/t/p/w500/tbECC1mMbytgaynCnBhgVPzCZcd.jpg,Dr. Kelson se vê envolvido num novo relacionamento chocante – com consequências que podem mudar o mundo como eles o conhecem – e o encontro de Spike com Jimmy Crystal se torna um pesadelo do qual ele não consegue escapar.,109,34.9574
1516698,O Último Nascer do Sol,2026-08-26,Romance,0.0,0,0,0,Carlson Young,https://image.tmdb.org/t/p/w500/aUP8lmnCvOUiG0n1ciXaeFEou3j.jpg,"Ry é uma estudante universitária que convive com uma doença crônica. Durante uma viagem de férias para a ilha de Maiorca com a sua mãe, Ry se apaixona inesperadamente por Julián. À medida que aprende a se entregar ao presente, o agravamento de sua condição de saúde e segredos familiares guardados há anos ameaçam desmoronar tudo antes que o verão chegue ao fim.",0,36.9976
1325734,O Drama,2026-04-01,Romance,6.911,1593,28000000,132227793,Kristoffer Borgli,https://image.tmdb.org/t/p/w500/tM3hbeEwJZdQAjwwt5UjFn638AY.jpg,"Profundamente apaixonados e em meio aos preparativos finais para o grande dia do casamento, o casal tem sua felicidade ameaçada quando vêm à tona segredos que jamais poderiam imaginar.",106,36.8716
1382832,A Fera do Pântano,2026-06-03,Thriller,7.2,228,0,0,James Nunn,https://image.tmdb.org/t/p/w500/hxg4RRGVJ2FTq6C38dGaOKu57l8.jpg,Um grupo de turistas precisa lutar por suas vidas contra um hipopótamo enfurecido à solta após se perder nos pântanos da Louisiana.,93,35.7184
1723013,Hibla 2,2026-06-30,Drama,3.0,1,0,0,Topel Lee,https://image.tmdb.org/t/p/w500/drDsk2ES8YvWFwgWaY9foKaE5xv.jpg,,80,38.0469
1318621,Descendentes: País das Maravilhas Malvado,2026-07-16,Cinema TV,7.6,155,0,0,Kimmy Gatewood,https://image.tmdb.org/t/p/w500/2IdGPF5ALnkPbDBqxuzjdTuCOFC.jpg,"Agora que a Rainha de Copas é boazinha e a Cinderela está a salvo, tudo parece perfeito para Red e Chloe. Mal sabem elas que mudar o passado criou um novo vilão: Maddox Hatter. Quando Maddox captura a Rainha de Copas, Red e Chloe se unem à nova irmã de Red, Pink, a Luis, filho de Luisa Madrigal, e a Max, filho de Maddox. Juntos, eles precisam salvar a rainha e o País das Maravilhas.",98,37.4539
1301421,As Ovelhas Detetives,2026-04-30,Comédia,7.926,1455,75000000,131550648,Kyle Balda,https://image.tmdb.org/t/p/w500/crW4rarCRUVRSRFy3Bufw8Mwf8l.jpg,"George é um pastor que lê romances policiais para suas queridas ovelhas todas as noites, acreditando que elas não conseguem entender. Mas, quando um incidente misterioso interrompe a vida na fazenda, as ovelhas percebem que precisam se tornar as detetives. Ao seguir as pistas e investigar suspeitos humanos, elas provam que até mesmo ovelhas podem ser brilhantes solucionadoras de crimes.",109,37.3654
1265609,Máquina de Guerra,2026-02-12,Ação,7.44,2317,73000000,0,Patrick Hughes,https://image.tmdb.org/t/p/w500/48h40o6Q97hZaqH0g7bOiXOrImX.jpg,"Em sua última missão de treinamento, um engenheiro de combate precisa liderar sua equipe de elite em uma luta pela sobrevivência contra uma máquina mortal.",110,36.1761
1430698,The Bay,2026-07-02,Thriller,5.729,24,0,0,Phil Volken,https://image.tmdb.org/t/p/w500/8QQUI4J2zLv6f96TOjbz9dcg8bc.jpg,,87,34.5806
436969,O Esquadrão Suicida,2021-07-28,Ação,7.452,9791,185000000,168717425,James Gunn,https://image.tmdb.org/t/p/w500/wTS3dS2DJiMFFgqKDz5fxMTri.jpg,"Bem-vindos ao inferno: Belle Reve, a prisão com a maior taxa de mortalidade dos Estados Unidos. É aqui que os piores supervilões são mantidos e onde eles fazem de tudo para sair, até mesmo se unir à misteriosa e supersecreta Força-Tarefa X.",132,39.4069
14836,Coraline e o Mundo Secreto,2009-02-05,Animação,7.93,9309,60000000,185860104,Henry Selick,https://image.tmdb.org/t/p/w500/rranXmvqPT4NoXzmxhFtXr9nNYT.jpg,"Entediada em sua nova casa, a pequena Coraline descobre uma porta secreta que contém um mundo parecido com o dela, porém melhor em muitas maneiras. Coraline se encanta com a descoberta, mas logo descobre que há algo de errado quando seus pais alternativos tentam mantê-la eternamente nesse mundo paralelo.",100,35.5389
949838,72 Horas em Miami,2026-07-20,Comédia,6.862,370,0,0,Tim Story,https://image.tmdb.org/t/p/w500/vLSogm0b4KokW3qLKEjZ6JwyCJ0.jpg,"Para salvar a carreira, um executivo quarentão vai a uma despedida de solteiro com um grupo de jovens, depois de ser adicionado por engano ao chat deles.",105,37.7136
976912,O Limite do Prazer,2023-08-31,Thriller,6.972,144,0,0,Andy Edwards,https://image.tmdb.org/t/p/w500/fmLQaEPC9uRCbjPs1NI4S90qimH.jpg,"Quando o recluso Franklin trai sua garota com uma mulher misteriosa que ele conhece em um aplicativo de namoro, isso se torna o início de uma obsessão mortal.",90,35.7213
496243,Parasita,2019-05-30,Comédia,8.49,21120,11363000,257591776,Bong Joon-ho,https://image.tmdb.org/t/p/w500/igw938inb6Fy0YVcwIyxQ7Lu5FO.jpg,"Toda a família de Ki-taek está desempregada, vivendo num porão sujo e apertado. Uma obra do acaso faz com que o filho adolescente da família comece a dar aulas de inglês à garota de uma família rica. Fascinados com a vida luxuosa destas pessoas, pai, mãe, filho e filha bolam um plano para se infiltrarem também na família glamorosa, um a um. No entanto, os segredos e mentiras necessários à ascensão social custarão caro a todos.",132,37.6515
674,Harry Potter e o Cálice de Fogo,2005-11-16,Aventura,7.801,22510,150000000,895921036,Mike Newell,https://image.tmdb.org/t/p/w500/5oWB3hjzyECRBAjgWkmZinxl9qA.jpg,"Em seu 4º ano na Escola de Magia e Bruxaria de Hogwards, Harry Potter é misteriosamente selecionado para participar do Torneio Tribruxo, uma competição internacional em que precisará enfrentar alunos mais velhos e experientes de Hogwards e também de outras escolas de magia. Além disso a aparição da marca negra de Voldemort ao término da Copa Mundial de Quadribol põe a comunidade de bruxos em pânico, já que sinaliza que o temido bruxo está prestes a retornar.",157,35.7059
1497463,Todo lo que nunca fuimos,2026-06-04,Drama,8.007,72,0,0,Jorge Alonso,https://image.tmdb.org/t/p/w500/heCO5WZ0dITQmN4S9tMF0piAnbC.jpg,,0,36.1668
672,Harry Potter e a Câmara Secreta,2002-11-13,Aventura,7.707,23927,100000000,876688482,Chris Columbus,https://image.tmdb.org/t/p/w500/811j0Jf2D0mK1U6RxXJoZgOB29n.jpg,"De férias na casa de seus tios, Harry Potter recebe a visita de Dobby, um elfo doméstico, que veio avisá-lo para não retornar à Escola de Magia e Bruxaria de Hogwarts, pois lá correrá um grande perigo. Harry não lhe dá ouvidos e decide retornar aos estudos, enfrentando um segundo ano recheado de novidades. Uma delas é a contratação de um novo professor, Gilderoy Lockhart, um grande galã que não perde uma oportunidade de fazer marketing pessoal. Porém, o aviso de Dobby se confirma e logo toda Hogwarts está envolvida em um mistério que resulta no aparecimento de alunos petrificados.",161,36.1527
1122573,Na Zona Cinzenta,2026-05-13,Ação,7.578,732,70000000,27117528,Guy Ritchie,https://image.tmdb.org/t/p/w500/h1eUeDH35Tdvsfu7Ouefa7CPwLa.jpg,"Dois especialistas em resgates embarcam na difícil missão de recuperar uma fortuna bilionária roubada. Para isso, eles precisam traçar uma rota de fuga segura para uma experiente negociadora, mas o plano rapidamente se transforma em uma guerra explosiva de estratégia, traições e sobrevivência.",98,36.0973
13,Forrest Gump: O Contador de Histórias,1994-06-23,Comédia,8.463,30236,55000000,677387716,Robert Zemeckis,https://image.tmdb.org/t/p/w500/d74WpIsH8379TIL4wUxDneRCYv2.jpg,"Quarenta anos da história dos Estados Unidos, vistos pelos olhos de Forrest Gump, um rapaz com QI abaixo da média e com boas intenções. Por obra do acaso, ele consegue participar de momentos cruciais, como a Guerra do Vietnã e o Caso Watergate, mas continua pensando no seu amor de infância, Jenny Curran.",142,35.7044
933260,A Substância,2024-09-07,Terror,7.131,6331,17500000,77316812,Coralie Fargeat,https://image.tmdb.org/t/p/w500/vWeOgzlhnP1sS23H3rzctGHB9Nb.jpg,"Uma estrela em declínio descobre uma substância misteriosa que lhe permite criar uma versão mais jovem e perfeita de si mesma. No entanto, o que parece ser uma solução milagrosa para recuperar sua glória logo se transforma em um pesadelo perturbador quando as consequências desta decisão começam a se manifestar de formas sombrias e irreversíveis.",140,35.6627
1185806,Patrulha Canina: Uma Aventura Dino,2026-07-23,Animação,7.061,33,40000000,69000000,Cal Brunker,https://image.tmdb.org/t/p/w500/bVwQR66OsPwCsUutfp3aNuaN1pW.jpg,"A Patrulha Canina para em uma misteriosa ilha de dinossauros, onde conhecem Rex, um filhote perdido. Quando a mineração imprudente de Humdinger provoca a erupção de um vulcão, a equipe enfrenta a maior missão de resgate para salvar a ilha.",88,35.5036
12444,Harry Potter e as Relíquias da Morte - Parte 1,2010-11-17,Aventura,7.733,20676,250000000,954305868,David Yates,https://image.tmdb.org/t/p/w500/67FVFOTaeBUQnimhCWpUkDawDct.jpg,"Harry, Ron e Hermione estão determinados em sua missão de descobrir e acabar com o segredo da imortalidade e do poder de destruição de Voldemort – os Horcruxes. Fugitivos e sozinhos, os três amigos devem apenas contar uns com os outros, agora mas do que nunca... Mas as Forças das Trevas no caminho ameaçam separá-los para sempre.",146,35.3087
354912,Viva: A Vida é uma Festa,2017-10-27,Família,8.197,21270,175000000,814641172,Lee Unkrich,https://image.tmdb.org/t/p/w500/6oNm06TPz2vGiPc2I52oXW3JwPS.jpg,"Apesar da desconcertante proibição da música imposta pela sua família há várias gerações, Miguel sonha em tornar-se um músico de sucesso como o seu ídolo, Ernesto de la Cruz. Desesperado para provar o seu talento, Miguel encontra-se na deslumbrante e colorida Terra dos Mortos, seguindo uma misteriosa cadeia de acontecimentos. Pelo caminho, conhece o encantador Hector e, juntos, partem numa extraordinária viagem para desvendar a verdadeira história por detrás da história da família de Miguel.",109,35.307
350,O Diabo Veste Prada,2006-06-29,Drama,7.44,14102,35000000,326588371,David Frankel,https://image.tmdb.org/t/p/w500/fwaioeouE89lrcnckfluzIKMwSu.jpg,"Andrea Sachs é uma jovem que conseguiu um emprego na Runaway Magazine, a mais importante revista de moda de Nova York. Ela passa a trabalhar como assistente de Miranda Priestly, principal executiva da revista. Apesar da chance que muitos sonhariam em conseguir, logo Andrea nota que trabalhar com Miranda não é tão simples assim.",109,35.0333
1291595,Sobrenatural: Agora Entre Nós,2026-08-19,Terror,5.5,2,0,0,Jacob Chase,https://image.tmdb.org/t/p/w500/dhGTfE0YEopNG4qryJ5eEPnPlAH.jpg,"Um trio de criminosos se infiltra em um bairro tranquilo e força uma nova família a entrar no plano astral, onde descobrem uma verdade aterradora: o Além está se infiltrando no mundo real.",106,34.7375
597,Titanic,1997-12-18,Drama,7.9,27560,200000000,2264162353,James Cameron,https://image.tmdb.org/t/p/w500/As0zX43h3w6kD2NS4uVHu9HKdEh.jpg,"Um artista pobre e uma jovem rica se conhecem e se apaixonam na fatídica jornada do Titanic, em 1912. Embora esteja noiva do arrogante herdeiro de uma siderúrgica, a jovem desafia sua família e amigos em busca do verdadeiro amor.",194,34.5961
911430,F1: O Filme,2025-06-25,Ação,7.819,4487,300000000,634142436,Joseph Kosinski,https://image.tmdb.org/t/p/w500/fMcY5hpVZQ0cLKHvFM1mo6GrAr0.jpg,"Sonny Hayes, a lenda do automobilismo, é persuadido a deixar a aposentadoria para liderar uma equipe de Fórmula 1 em dificuldades—e ser mentor de um jovem piloto famoso—enquanto busca mais uma oportunidade de glória.",155,34.4174
862,Toy Story: Um Mundo de Aventuras,1995-11-22,Família,7.986,20351,30000000,962301978,John Lasseter,https://image.tmdb.org/t/p/w500/686F0CEPmI4ZXjFbWtIHQOBwnfI.jpg,"Buzz Lightyear é o novo e sofisticado astronauta de brinquedo do garoto Andy. Buzz não imaginava que encontraria um rival: Woody, um cowboy de brinquedo que, dominado pelo ciúme, acredita ter perdido um lugar precioso no coração do seu dono. Os dois brinquedos vivem brigando até que vão parar nas garras do vizinho, um verdadeiro destruidor de brinquedos. Agora, mais do que nunca, Buzz e Woody precisam precisam se unir para escapar do perigo. Com a ajuda de seus amigos da caixa de brinquedos, eles vão viver uma incrível aventura.",81,34.3546
1358280,Taboo: Family Secrets,2024-10-22,Romance,5.0,9,0,0,Deborah Twiss,https://image.tmdb.org/t/p/w500/xatpxQfUVblKveWHXNOidaNg4ju.jpg,,95,34.0988
11,Guerra nas Estrelas,1977-05-25,Aventura,8.206,22689,11000000,775398007,George Lucas,https://image.tmdb.org/t/p/w500/dw7X9YPjjAfIxKHW04V64Bb9TB0.jpg,A princesa Leia é mantida refém pelas forças imperiais comandadas por Darth Vader. Luke Skywalker e Han Solo precisam libertá-la e restaurar a liberdade e a justiça na galáxia.,121,34.0637
447365,Guardiões da Galáxia: Vol. 3,2023-05-03,Ficção científica,7.934,8668,250000000,845550000,James Gunn,https://image.tmdb.org/t/p/w500/4yycSPnchdNAZirGkmCYQwTd3cr.jpg,"Peter Quill, que ainda está se recuperando da perda de Gamora, tem que reunir a sua equipe para defender o universo e proteger um dos seus. Uma missão que, se não for concluída com sucesso, pode levar ao fim dos Guardiões como os conhecemos.",150,33.756
1469342,Seu Inferno Particular,2026-07-23,Ficção científica,5.2,46,6000000,662177,Nicolas Winding Refn,https://image.tmdb.org/t/p/w500/62gkeidbflMmVmav17G7xJiGMA4.jpg,"Enquanto uma névoa misteriosa envolve uma metrópole futurista e libera uma presença mortal e indescritível, uma jovem atormentada parte em busca de seu pai. Nessa jornada, seu destino se cruza com o de um soldado americano que está em uma viagem desesperada para resgatar sua filha do inferno.",110,33.6314
246655,X-Men: Apocalipse,2016-05-18,Ficção científica,6.527,13991,178000000,543934787,Bryan Singer,https://image.tmdb.org/t/p/w500/avAUyU5cXk0ASy5yR8FMtO78LRS.jpg,"Apocalipse, o primeiro mutante de todos, consegue retornar à vida após milhares de anos. Agora, ele sai à procura de seguidores para dominar o mundo. Caberá aos X-Men se unirem para impedir os planos do vilão e evitar uma catástofre mundial.",144,33.5183
68718,Django Livre,2012-12-25,Drama,8.193,28426,100000000,425368238,Quentin Tarantino,https://image.tmdb.org/t/p/w500/ar63Sx8jeqk0OOu2uchS477S2zE.jpg,"Django é um escravo, comprado pelo caçador de recompensas alemão Dr. King Schultz para auxiliá-lo em uma missão. A dupla acaba fazendo amizade e, após resolver os problemas do caçador, parte em busca por Broomhilda, esposa de Django. Para isso, eles devem enfrentar o vilão Calvin Candie, proprietário da escrava.",165,33.316
497,À Espera de um Milagre,1999-12-10,Fantasia,8.506,19638,60000000,286801374,Frank Darabont,https://image.tmdb.org/t/p/w500/14hEqW67IiHlKpzKMLUXyktzZIV.jpg,"Milagres acontecem em lugares inesperados, mesmo no bloco de celas para o corredor da morte na Penitenciária Cold Mountain. Lá, John Coffey, um gentil e gigante prisioneiro com poderes sobrenaturais, traz um senso de espírito e humanidade aos seus guardas e colegas de cela.",189,33.045
1010581,Minha Culpa,2023-06-08,Drama,7.728,4169,0,0,Domingo González,https://image.tmdb.org/t/p/w500/a59iGvF609yAZ5tfZUoQ3XipeQH.jpg,"Noah é obrigada a mudar de cidade, deixando seus amigos e namorado para trás, após sua mãe se casar com um novo marido rico. Lá ela conhece Nick, seu novo meio-irmão, e os dois se apaixonam loucamente, vivendo um grande romance proibido.",117,32.9747
12445,Harry Potter e as Relíquias da Morte - Parte 2,2011-07-12,Aventura,8.081,22308,125000000,1341511219,David Yates,https://image.tmdb.org/t/p/w500/yD3VosOVW8WxPUzBDpEdzfv5pGx.jpg,"No final épico, a batalha entre as forças do bem e do mal no mundo da bruxaria toma proporções de uma guerra mundial. As apostas nunca foram tão altas e ninguém está a salvo. Mas é harry que pode ser convocado para fazer um derradeiro sacrifício, à medida que ele se aproxima cada vez mais do confronto final com Lorde Voldemort. Tudo termina aqui.",130,32.9657
284052,Doutor Estranho,2016-10-25,Fantasia,7.424,23748,180000000,676343174,Scott Derrickson,https://image.tmdb.org/t/p/w500/pb4clPWRJ5AKlSFu1HrrHdt5uAw.jpg,"Após sua carreira ser destruída, um brilhante, porém arrogante, cirurgião ganha uma nova chance em sua vida quando um feiticeiro o treina para se tornar o Mago Supremo.",115,32.8373
1297842,Um Cabra Bom de Bola,2026-02-11,Animação,8.09,997,90000000,193566330,Tyree Dillihay,https://image.tmdb.org/t/p/w500/x0SRTrltSJi1iQiIAUpyvkxnr41.jpg,"Uma pequena cabra com grandes sonhos recebe uma oportunidade única na vida de se juntar aos profissionais e jogar berrobol, um esporte de alta intensidade, misto e de contato total, dominado pelos animais mais rápidos e ferozes do mundo.",100,32.7689
390062,Na Selva,2017-06-27,Aventura,6.69,2205,0,1906640,Greg McLean,https://image.tmdb.org/t/p/w500/ztVMXVNCIYK0CgXOjEmJlWupn95.jpg,"O mochileiro israelense Yossi Ghinsberg, acompanhado de dois amigos, viaja até a cidade de La Paz, na Bolívia, para o que seria uma aventura inesquecível. Guiados pelos caminhos desconhecidos da Amazônia por um austríaco que mora no local há anos, os amigos embarcam numa viagem pela selva que se transforma em uma das mais assustadores jornadas de suas vidas.",115,32.7489
539972,Kraven: O Caçador,2024-12-11,Ação,6.421,2449,130000000,62076533,J.C. Chandor,https://image.tmdb.org/t/p/w500/pWvQsP9o1MQ4vQNjpL9QeYFXKOs.jpg,"Sergei Kravinoff é um grande caçador, que toma um soro mágico que lhe dá habilidades sobre-humanas e uma vida mais longa.",127,32.7447
1168190,Dupla Perigosa,2026-01-28,Ação,7.07,1214,78500000,89000000,Ángel Manuel Soto,https://image.tmdb.org/t/p/w500/jYpk5Zun4VTWrplO3m9BHANi4S5.jpg,"Dois meios-irmãos que não se falavam há muito, Jonny e James, se reencontram após a morte misteriosa do pai deles. Ao buscarem a verdade, desvendam segredos de uma conspiração que pode destruir a família.",124,32.688
76341,Mad Max: Estrada da Fúria,2015-05-13,Ação,7.636,24430,150000000,378858340,George Miller,https://image.tmdb.org/t/p/w500/tH64gzAHDFg7EFcgfkkZyHdGM5P.jpg,"Em um mundo apocalíptico, Max Rockatansky acredita que a melhor forma de sobreviver é não depender de ninguém. Porém, após ser capturado pelo tirano Immortan Joe e seus rebeldes, Max se vê no meio de uma guerra mortal, iniciada pela imperatriz Furiosa que tenta salvar um grupo de garotas. Também tentando fugir, Max aceita ajudar Furiosa. Dessa vez, o tirano Joe está ainda mais implacável pois teve algo insubstituível roubado.",120,32.5562
807,Seven - Os Sete Crimes Capitais,1995-09-22,Crime,8.38,23575,33000000,327311859,David Fincher,https://image.tmdb.org/t/p/w500/dZXYPSEaXCeigR2GEuZoukNmLTf.jpg,"Quando, a ponto de se aposentar, o detetive William Somerset aborda o último caso com a ajuda do recém-transferido David Mills, eles descobrem uma série de assassinatos. Logo percebem que estão lidando com um assassino que tem como alvo pessoas que ele acredita representar os sete pecados capitais.",127,32.4168
138843,Invocação do Mal,2013-07-18,Terror,7.542,12964,13000000,321293998,James Wan,https://image.tmdb.org/t/p/w500/1NxHKZW5DPbUFtbF3MxbdSyxRqU.jpg,"Harrisville, Rhode Island, Estados Unidos, 1968. Os investigadores paranormais Ed e Lorraine Warren trabalham para ajudar uma família aterrorizada por uma presença sombria em sua fazenda. Forçados a confrontar uma entidade poderosa, os Warrens se vêem presos no caso mais aterrorizante de suas vidas. Baseado numa história real.",112,32.4054
385687,Velozes & Furiosos 10,2023-05-17,Ação,7.0,6444,340000000,704709660,Louis Leterrier,https://image.tmdb.org/t/p/w500/xNqt1Om0IlUhDOjZRCL5ewoazVV.jpg,Dom Toretto enfrenta seu maior desafio até agora: a corrida para salvar a família de um inimigo cheio de rancor e fúria no volante.,142,32.2759
673,Harry Potter e o Prisioneiro de Azkaban,2004-05-31,Aventura,8.01,23499,130000000,789804554,Alfonso Cuarón,https://image.tmdb.org/t/p/w500/1HdMUghqlgOIvbsU9ZtO40IPRzl.jpg,"É o início do terceiro ano na escola de magia e bruxaria de Hogwarts. Harry, Ron e Hermione têm muito o que aprender. Mas uma ameaça ronda a escola e ela se chama Sirius Black. Após doze anos encarcerado na prisão de Azkaban, ele consegue escapar e volta para vingar seu mestre, Lord Voldemort. Para piorar, os Dementores, guardas supostamente enviados para proteger Hogwarts e seguir os passos de Black, parecem ser ameaças ainda mais perigosas.",142,32.2604
1669051,Kesong Puti,2026-04-24,Drama,3.8,4,0,0,Rodante Pajemna Jr.,https://image.tmdb.org/t/p/w500/8zYU8hlKR5111IToxXvv5575tZG.jpg,,0,32.2028
335984,Blade Runner 2049,2017-10-04,Ficção científica,7.601,15506,150000000,259239658,Denis Villeneuve,https://image.tmdb.org/t/p/w500/49pANIZXRAdHUiWjjBv4vxPeqRC.jpg,"Trinta anos após os acontecimentos do primeiro filme, um novo blade runner, o oficial K da polícia de Los Angeles, desenterra um segredo há muito enterrado que tem o potencial de mergulhar o que resta da sociedade no caos. A descoberta de K o leva a uma busca para encontrar Rick Deckard, um ex-blade runner do LAPD que está desaparecido há 30 anos.",164,31.8808
1171145,Caminhos do Crime,2026-02-11,Crime,7.01,1291,90000000,72900246,Bart Layton,https://image.tmdb.org/t/p/w500/3u8Pr8WF9hqMptlnuYL52YXSs8F.jpg,"Um ladrão enigmático realiza assaltos de alto risco ao longo da icônica rodovia 101. Quando ele mira o golpe de sua vida — na esperança de que este seja seu último trabalho —, seu caminho cruza com o de uma corretora de seguros desiludida, forçando os dois a colaborar. Determinado a desvendar o caso, um detetive implacável se aproxima da operação.",141,30.2242
675,Harry Potter e a Ordem da Fênix,2007-07-08,Aventura,7.673,21109,150000000,938212738,David Yates,https://image.tmdb.org/t/p/w500/tIf9aUyNljda9MG1pjlOLHCZ3b0.jpg,"Lord Voldemort está de volta, mas o Ministério da Magia está fazendo tudo a seu alcance para impedir que a comunidade mundial de bruxos descubra isso – incluindo indicar a oficial do Ministério, Dolores Umbridge, como a nova professora de Defesa Contra as Artes das Trevas de Hogwarts. Quando Umbridge se recusa a ensinar a prática de mágica defensiva, Rony e Hermione convencem Harry a secretamente treinar um grupo de estudantes para a guerra de magia que está prestes a estourar.",138,30.6007
240,O Poderoso Chefão: Parte II,1974-12-20,Drama,8.572,14195,13000000,102600000,Francis Ford Coppola,https://image.tmdb.org/t/p/w500/3ViYPhSAPwH2avQjdMl49F8PklB.jpg,"Após a máfia matar sua família, o jovem Vito foge da sua cidade na Sicília e vai para a América. Vito luta para manter sua família. Ele mata Black Hand Fanucci, que exigia dos comerciantes uma parte dos seus ganhos. Com a morte de Fanucci, o poderio de Vito cresce, mas sua família é o que mais importa para ele. Agora baseado no Lago Tahoe, Michael planeja fazer incursões em Las Vegas e Havana instalando negócios ligados ao lazer, mas descobre que aliados como Hyman Roth estão tentando matá-lo.",202,30.7144
1218925,Chainsaw Man – O Filme: Arco da Reze,2025-09-19,Animação,8.527,1127,4100000,191400000,吉原達矢,https://image.tmdb.org/t/p/w500/tj1XhCQ2Rw2sT2o7lIdqPIYvjsx.jpg,"Denji trabalhava como Caçador de Demônios para a yakuza, tentando pagar a dívida que herdou de seus pais, até que um dia, ele é traído e morre. Em seus últimos momentos de consciência, ele forma um pacto com Pochita e essa fusão cria o Homem-Motosserra. Agora, em uma guerra brutal contra demônios, caçadores e inimigos secretos, uma garota misteriosa chamada Reze entrou em seu universo e Denji precisa enfrentar sua batalha mais perigosa até hoje, movido pelo amor em um mundo onde a sobrevivência não conhece regras.",100,30.4075
106646,O Lobo de Wall Street,2013-12-25,Crime,8.026,26336,100000000,407038432,Martin Scorsese,https://image.tmdb.org/t/p/w500/sIy0jXDkaMf3SDZGaWcmkC2IOl.jpg,"Durante seis meses, Jordan Belfort trabalhou duro em uma corretora de Wall Street, seguindo os ensinamentos de seu mentor Mark Hanna. Quando finalmente consegue ser contratado como corretor da firma, acontece o Black Monday, que faz com que as bolsas de vários países caiam repentinamente. Sem emprego e bastante ambicioso, ele acaba trabalhando para uma empresa de fundo de quintal que lida com papéis de baixo valor, que não estão na bolsa de valores. É lá que Belfort tem a idéia de montar uma empresa focada neste tipo de negócio, cujas vendas são de valores mais baixos mas, em compensação, o retorno para o corretor é bem mais vantajoso. Ao lado de Donnie e outros amigos dos velhos tempos, ele cria a Stratton Oakmont, uma empresa que faz com que todos enriqueçam rapidamente e, também, levem uma vida dedicada ao prazer.",180,30.9854
1380291,Jack Ryan de Tom Clancy: Guerra Fantasma,2026-05-20,Ação,6.935,739,0,0,Andrew Bernstein,https://image.tmdb.org/t/p/w500/bPue4NKPiGNrIbZFeOsZfnovFAM.jpg,"Neste novo filme, Jack Ryan volta ao mundo da espionagem contra a sua vontade quando uma missão secreta internacional acaba revelando uma conspiração. Numa corrida contra o tempo, ele se junta aos seus aliados da CIA, Mike November e James Greer, e à perspicaz agente do MI6, Emma Marlowe, para combater uma unidade de operações secreta rebelde numa luta arriscada e extremamente pessoal.",107,28.6651
1022789,Divertida Mente 2,2024-06-11,Animação,7.542,6896,200000000,1698863816,Kelsey Mann,https://image.tmdb.org/t/p/w500/lHKNS35r4RTa9GO72vdadMLxoiV.jpg,"""Divertida Mente 2"", da Disney e da Pixar, retorna à mente da adolescente Riley, e o faz no momento em que a sala de comando está passando por uma demolição repentina para dar lugar a algo totalmente inesperado: novas emoções! Alegria, Tristeza, Raiva, Medo e Nojinho não sabem bem como reagir quando Ansiedade aparece, e tudo indica que ela não está sozinha.",100,30.7041
18,O Quinto Elemento,1997-05-02,Ficção científica,7.59,12019,90000000,263920180,Luc Besson,https://image.tmdb.org/t/p/w500/t2fanPUgCGty1tmU9t3jtYEOEMS.jpg,"No século XXIII, um motorista de taxi de Nova York se envolve em uma aventura na qual tem de deter um ser demoníaco que percorre a galáxia a cada cinco mil anos. Se nada for feito, a Terra será destruída. Mas para isto, ele precisa encontrar quatro pedras antigas que representam os elementos e colocá-las em volta de uma bela mulher, que é o quinto elemento.",125,31.7045
857,O Resgate do Soldado Ryan,1998-07-24,Guerra,8.232,17618,70000000,481840909,Steven Spielberg,https://image.tmdb.org/t/p/w500/hMLxNLCXRDd62acfCBn6mIyW1HU.jpg,"Ao desembarcar na Normandia, no dia 6 de junho de 1944, o capitão Miller recebe a missão de comandar um grupo do segundo batalhão para o resgate do soldado James Ryan, caçula de quatro irmãos, dentre os quais três morreram em combate. Por ordens do chefe George C. Marshall, eles precisam procurar o soldado e garantir o seu retorno, com vida, para casa.",170,31.7677
129,A Viagem de Chihiro,2001-07-20,Animação,8.534,18720,19000000,274925095,Hayao Miyazaki,https://image.tmdb.org/t/p/w500/hhoKhsyJ3hFaxEm5pMdZRiTu2lJ.jpg,"Chihiro e seus pais estão se mudando para uma cidade diferente. A caminho da nova casa, o pai decide pegar um atalho. Eles se deparam com uma mesa repleta de comida, embora ninguém esteja por perto. Chihiro sente o perigo, mas seus pais começam a comer. Quando anoitece, eles se transformam em porcos. Agora, apenas Chihiro pode salvá-los.",125,31.842
1305781,镖人：风起大漠,2026-02-17,Ação,8.142,204,123000000,203356793,Yuen Woo-ping,https://image.tmdb.org/t/p/w500/ki0ilBYgbOZKUuE1NN53FYWK9zQ.jpg,"A história segue Dao Ma (Wu Jing), o ""segundo fugitivo mais procurado"" do império. Ele é acolhido por um dos grandes clãs do deserto e encarregado de uma missão misteriosa: escoltar o ""fugitivo mais procurado"" até a capital Chang'an. Essa escolta simples rapidamente se transforma em uma jornada perigosa, cheia de conspirações políticas e traições. No caminho, alianças são testadas — especialmente quando Di Ting (Nicholas Tse), um antigo companheiro de armas, ressurge com intenções obscuras.",126,30.8413
244786,Whiplash: Em Busca da Perfeição,2014-10-10,Drama,8.374,16948,3300000,50307484,Damien Chazelle,https://image.tmdb.org/t/p/w500/2msJb27jMeuA101ox4MuTQK4mDa.jpg,"Andrew sonha em ser o melhor baterista de sua geração. Ele chama a atenção do impiedoso mestre do jazz Terence Fletcher, que ultrapassa os limites e transforma seu sonho em uma obsessão, colocando em risco a saúde física e mental do jovem músico.",107,30.3687
489,Gênio Indomável,1997-12-05,Drama,8.164,14163,10000000,225933435,Gus Van Sant,https://image.tmdb.org/t/p/w500/dTe3EpJGnfUeR5swLbWv61iRyFc.jpg,"Um professor do MIT descobre que um faxineiro da universidade é um gênio da matemática, e um psicólogo pouco ortodoxo ajuda o jovem a desenvolver seu potencial.",126,30.6347
198663,Maze Runner: Correr ou Morrer,2014-09-10,Ação,7.191,18362,34000000,348319861,Wes Ball,https://image.tmdb.org/t/p/w500/efAJzIyjYlgdO7fzfMBJcFZqI5v.jpg,"Num cenário pós-apocalíptico, uma comunidade de rapazes descobre que estão presos num labirinto misterioso. Juntos, terão de descobrir como escapar, resolver o enigma e revelar o arrepiante segredo acerca de quem os colocou ali e por que razão.",113,29.1502
687259,镜花风月三之螺女挑情,1982-01-01,Terror,6.2,2,0,0,辛仁,https://image.tmdb.org/t/p/w500/m4ALMhsuqOOUkkABvgQWfrgoL8y.jpg,,80,27.9165
299537,Capitã Marvel,2019-03-06,Ação,6.773,17021,152000000,1131416446,Ryan Fleck,https://image.tmdb.org/t/p/w500/n3BisLdTMceUWcdP1ooP5VwN9JF.jpg,"Capitã Marvel, parte do exército de elite dos Kree, uma raça alienígena, encontra-se no meio de uma batalha entre seu povo e os Skrulls. Ao tentar impedir uma invasão de larga escala na Terra, em 1995, ela tem memórias recorrentes de uma outra vida, como Carol Danvers, agente da Força Aérea norte-americana. Com a ajuda de Nick Fury, Capitã Marvel precisa descobrir os segredos de seu passado e pôr um fim ao conflito intergalático com os Skrulls.",124,30.4549
1288445,Código: Vingança,2026-08-19,Ação,9.8,6,0,0,Jean-François Richet,https://image.tmdb.org/t/p/w500/gVZgjKIsXZOT3cNZm5PJZBtQRaG.jpg,"Após testemunhar o assassinato de seu chefe bilionário e ser injustamente incriminado pelo crime, Cole Reed embarca em um navio cargueiro em uma cruzada solitária para vingar a morte do chefe. No entanto, à medida que avança em sua missão, ele descobre que está no centro de uma perigosa conspiração internacional.",95,30.1536
293660,Deadpool,2016-02-09,Ação,7.626,33132,58000000,782837347,Tim Miller,https://image.tmdb.org/t/p/w500/tekExNqal2kcHp8BKiHX5jjxK9J.jpg,"Depois de passar por um experimento desonesto que lhe concede um fator de cura acelerado, mas desfigura seu rosto, o ex-agente das Forças Especiais Wade Wilson assume o alter ego de Deadpool. Com suas novas habilidades e um senso de humor sombrio e perverso, Deadpool persegue o homem que quase destruiu sua vida.",107,30.0272
82976,As Noviças,1970-04-01,Comédia,4.8,13,0,0,Guy Casaril,https://image.tmdb.org/t/p/w500/4Ppq2oJPnEqSeyliPG9QbCHUL0q.jpg,,91,29.6717
122917,O Hobbit: A Batalha dos Cinco Exércitos,2014-12-10,Ação,7.34,15632,250000000,956019788,Peter Jackson,https://image.tmdb.org/t/p/w500/wRKwrfQ7p0ttrb09G3mcOSyN1pk.jpg,"O dragão Smaug lança sua fúria ardente contra a Cidade do Lago que fica próxima da montanha de Erebor. Bard consegue derrotá-lo, mas, rapidamente, sem a ameaça do dragão, inicia-se uma batalha pelo controle de Erebor e sua riqueza. Os anões, liderados por Thorin, adentram a montanha e estão dispostos a impedir a entrada de elfos, anões e orcs. Bilbo Bolseiro e Gandalf tentam impedir a guerra.",165,29.5587
475557,Coringa,2019-10-01,Crime,8.119,28130,55000000,1078958629,Todd Phillips,https://image.tmdb.org/t/p/w500/xLxgVxFWvb9hhUyCDDXxRPPnFck.jpg,"Isolado, intimidado e desconsiderado pela sociedade, o fracassado comediante Arthur Fleck inicia seu caminho como uma mente criminosa após assassinar três homens em pleno metrô. Sua ação inicia um movimento popular contra a elite de Gotham City, da qual Thomas Wayne é seu maior representante.",122,29.5347
767,Harry Potter e o Enigma do Príncipe,2009-07-15,Aventura,7.682,21079,250000000,933959197,David Yates,https://image.tmdb.org/t/p/w500/hTQQ5l9mxA3Rob8PTyvrNNGuj6y.jpg,"À medida que Lord Voldemort aumenta seu controle sobre o mundo Trouxa e bruxo, Hogwarts não é mais um local seguro. Harry suspeita que haja perigos dentro do castelo, mas Dumbledore está mais empenhado em prepará-lo para a batalha final que se aproxima rapidamente. Juntos, eles trabalham para encontrar a chave para desbloquear as defesas de Voldemort e, para esse fim, Dumbledore recruta seu velho amigo e colega Horácio Slughorn, que ele acredita possuir informações cruciais. Mesmo quando o confronto decisivo se aproxima, o romance floresce para Harry, Ron, Hermione e seus colegas de classe. O amor está no ar, mas o perigo está por vir e Hogwarts pode nunca mais ser a mesma.",153,29.49
1100988,Extermínio: A Evolução,2025-06-18,Terror,6.609,2829,60000000,151308832,Danny Boyle,https://image.tmdb.org/t/p/w500/2K5LCXOqlbzRu7mWHbDnLdDQj6I.jpg,"Já se passaram quase três décadas desde que o vírus da raiva escapou de um laboratório de armas biológicas. Agora, sob uma quarentena rigidamente imposta, alguns conseguiram encontrar maneiras de sobreviver em meio aos infectados. Um desses grupos vive em uma pequena ilha, ligada ao continente por uma única passagem fortemente protegida. Quando um dos membros parte em uma missão rumo ao sombrio coração do continente, ele descobre segredos, maravilhas e horrores que transformaram não apenas os infectados, mas também outros sobreviventes.",115,29.2714
16869,Bastardos Inglórios,2009-08-02,Drama,8.217,24591,70000000,321457747,Quentin Tarantino,https://image.tmdb.org/t/p/w500/6UjYycIR6VLYgggfNpmSPJHmFS0.jpg,"Durante a Segunda Guerra Mundial, na França, um grupo de judeus americanos conhecidos como Bastardos espalha o terror entre o terceiro Reich. Ao mesmo tempo, Shosanna, uma judia que fugiu dos nazistas, planeja vingança quando um evento em seu cinema reunirá os líderes do partido.",152,29.2616
49018,Sobrenatural,2011-03-31,Terror,6.95,7482,1500000,100106454,James Wan,https://image.tmdb.org/t/p/w500/4ObTwWSADRETMEqrlpXiubZrOc1.jpg,"Josh e Renai se mudam com a família para uma casa maior. Lá, o filho Dalton sofre um estranho acidente e entra em coma. Enquanto eles tentam salvar o menino, entidades malignas atormentam a família.",103,29.2403
324786,Até o Último Homem,2016-10-07,Drama,8.192,15151,40000000,175302354,Mel Gibson,https://image.tmdb.org/t/p/w500/mPnU3yKuZpmLjkVXGplhkpX31LY.jpg,"Desmond T. Doss, foi o médico do Exército Americano da Segunda Guerra Mundial, que serviu durante a Batalha de Okinawa, se recusando a matar pessoas, tornando-se o primeiro homem da história americana a receber a Medalha de Honra sem disparar um tiro.",140,29.1071
1054867,Uma Batalha Após a Outra,2025-09-23,Thriller,7.337,4104,175000000,209377100,Paul Thomas Anderson,https://image.tmdb.org/t/p/w500/2peYXW6CoruehDnKJGMjl2NuaNB.jpg,"Bob, um revolucionário fracassado, vive chapado e em um estado de paranoia, sobrevivendo isolado com Willa, sua filha espirituosa e independente. Quando seu perverso arqui-inimigo ressurge após 16 anos e ela desaparece, o ex-radical corre para encontrá-la, pai e filha tendo que enfrentar as consequências do passado dele.",161,28.7853
10138,Homem de Ferro 2,2010-04-28,Aventura,6.855,22751,200000000,623933331,Jon Favreau,https://image.tmdb.org/t/p/w500/vzROjQbgKWMVf2EldXipCcjpuBL.jpg,"Em um mundo ciente da existência do Homem de Ferro, o inventor bilionário Tony Stark sofre pressão de todos os lados para compartilhar sua tecnologia com as forças armadas. Ele resiste para divulgar os segredos de sua inigualável armadura, com medo de que estas informações caiam nas mãos erradas.",124,28.637
1719326,The Cheating Wife,2026-06-26,Drama,3.0,1,0,0,Mikko Baldoza,https://image.tmdb.org/t/p/w500/3KVI4XvSTnGeUf5UriMN12uw4qj.jpg,,76,28.5917
950396,Entre Montanhas,2025-02-13,Romance,7.685,4096,70000000,0,Scott Derrickson,https://image.tmdb.org/t/p/w500/7zL6RxMPmpPSdU5OTdVC4dtiKcr.jpg,"Dois agentes altamente treinados se aproximam à distância após serem enviados para proteger lados opostos de um desfiladeiro misterioso. Quando um mal emerge, eles precisam trabalhar juntos para sobreviver ao que está lá dentro.",127,28.541
497698,Viúva Negra,2021-07-07,Ação,7.155,11493,200000000,379751131,Cate Shortland,https://image.tmdb.org/t/p/w500/lrJ9QI2HMbO8N2S2r2v7fjtou5c.jpg,"Natasha Romanoff, também conhecida como Viúva Negra, confronta o lado mais sombrio de sua história quando surge uma perigosa conspiração ligada ao seu passado. Perseguida por uma força implacável disposta a tudo para destruí-la, Natasha precisa agora lidar com seu passado como espiã e com as relações que deixou para trás muito antes de se tornar uma Vingadora.",135,28.5295
863,Toy Story 2,1999-10-30,Animação,7.619,15224,90000000,497375404,John Lasseter,https://image.tmdb.org/t/p/w500/xVhEI1WCgNCCa5I86AqiwuZoog3.jpg,"Quando Andy viaja para um acampamento de verão, Woody é sequestrado por Al, um ambiocioso colecionador, que precisa do brinquedo favorito de Andy para completar sua coleção da Gangue do Rodeio. Junto com Jessie, Bala no Alvo e Mineiro, Woody corre o risco de ter que passar o resto de sua vida em exposição num museu. Agora, Buzz, Sr. Cabeça de Batata, Porquinho, Rex e Slinky terão que salvar seu amigo e trazê-lo de volta à vida de brinquedos.",92,28.4376
19995,Avatar,2009-12-16,Ficção científica,7.609,34476,237000000,2923706026,James Cameron,https://image.tmdb.org/t/p/w500/lRRMQhlOLM9xgvjKKFndOmptqKR.jpg,"Apesar de não ter mais os movimentos da perna, o ex-fuzileiro naval Jake Sully ainda sente que pode ser um guerreiro. Sua intuição começa a se tornar realidade quando ele viaja anos-luz até a estação espacial montada no Planeta Pandora. Habitado por grandes seres azuis, os Na´vi, o local tem uma atmosfera fatal para qualquer terrestre. Por isso, oficiais criaram o programa Avatar, em que um corpo biológico, híbrido de humano e Na´vi, pode ser comandado a distância.",179,28.3431
1078605,A Hora do Mal,2025-08-04,Terror,7.254,3795,38000000,269972492,Zach Cregger,https://image.tmdb.org/t/p/w500/psEJSjQr6I9GSJTdW28CKC4Kffs.jpg,"Quando todas as crianças de uma mesma classe, exceto uma, somem misteriosamente, na mesma noite e exatamente ao mesmo tempo, todos da cidade começam a se questionar quem ou o que está por trás deste estranho desaparecimento.",129,28.3243
22,Piratas do Caribe: A Maldição do Pérola Negra,2003-07-09,Aventura,7.833,22610,140000000,655011224,Gore Verbinski,https://image.tmdb.org/t/p/w500/xsAlxvMCRzyreLxdZL1dOUSbonV.jpg,"O pirata Jack Sparrow tem seu navio saqueado e roubado pelo capitão Barbossa e sua tripulação. Com o navio de Sparrow, Barbossa invade a cidade de Port Royal, levando consigo Elizabeth Swann, filha do governador. Para recuperar sua embarcação, Sparrow recebe a ajuda de Will Turner, um grande amigo de Elizabeth. Eles desbravam os mares em direção à misteriosa Ilha da Morte, tentando impedir que os piratas-esqueleto derramem o sangue de Elizabeth para desfazer a maldição que os assola.",143,28.2932
10193,Toy Story 3,2010-06-16,Animação,7.814,16078,200000000,1067316101,Lee Unkrich,https://image.tmdb.org/t/p/w500/rf67AeS9nP8DD7dZYbvhjEVoIBf.jpg,"Woody, Buzz e o resto dos brinquedos de Andy não são usados há anos. Com Andy prestes a ir para a faculdade, o grupo acaba por ser deixado acidentalmente numa creche. Os brinquedos devem se unir para escapar e voltar para casa de Andy.",103,28.201
921711,தமிழ் ராக்கர்ஸ்,2021-12-31,Comédia,4.75,4,0,0,Barani Jayapal,https://image.tmdb.org/t/p/w500/hOoMQIANxXhRUPkrtSYHYuZaFSm.jpg,,98,28.0819
1487861,Elize: Sombras de uma Mulher,2026-07-22,Thriller,7.421,178,0,0,Vellas,https://image.tmdb.org/t/p/w500/612ZyfilK8CVEEFphgPb3GOw0NF.jpg,"Nesta adaptação de um crime chocante, uma mulher descobre as traições do marido e vê seu conto de fadas se transformar em um jogo violento.",93,28.073
283995,Guardiões da Galáxia - Vol. 2,2017-04-25,Ficção científica,7.61,23276,200000000,863756051,James Gunn,https://image.tmdb.org/t/p/w500/jGtBLu0JAKf5JxhWgmF68HROzCA.jpg,"Os Guardiões precisam lutar para manter sua recém descoberta família unida, enquanto descobrem os mistérios sobre o verdadeiro pai de Peter Quill.",136,28.0234
1444466,आवारापन २,2026-08-14,Ação,0.0,0,5400000,14000000,Nitin Kakkar,https://image.tmdb.org/t/p/w500/lD3J6zTbWkVtPYuSUuuBwpuKMCO.jpg,,150,27.9169
1599189,剑来院线剧场版 十三之争,2026-05-01,Animação,0.0,0,0,0,Desconhecido,https://image.tmdb.org/t/p/w500/95OnjUQ1mlu7JHvIMcjYL6ah9Ah.jpg,,0,27.8756
1368314,Passageiro do Mal,2026-05-20,Terror,7.296,765,15000000,31620508,André Øvredal,https://image.tmdb.org/t/p/w500/aSoOiatgMmXtDS3iwWD5hC2Rbyn.jpg,"Durante uma viagem de van, um jovem casal presencia um acidente terrível que resulta na morte do motorista. Logo, eles passam a ser perseguidos por uma entidade demoníaca, de quem é impossível escapar e que os segue por onde quer que vão.",94,27.7807
11324,Ilha do Medo,2010-02-14,Drama,8.197,26257,80000000,294804195,Martin Scorsese,https://image.tmdb.org/t/p/w500/erl801HYIodoIBGZeFk0GTwCUBh.jpg,"No verão de 1954, os agentes judiciais Teddy Daniels (DiCaprio) e Chuck Aule (Ruffalo) foram designados para uma ilha remota do porto de Boston para investigar o desaparecimento de uma perigosa assassina (Mortimer) que estava reclusa no hospital psiquiátrico Ashecliffe, um centro penitenciário para criminosos perturbados dirigido pelo sinistro médico John Cawley. (Kingsley). Logo eles descobrem que o centro guarda muitos segredos e que a ilha esconde algo mais perigoso que os pacientes.",138,27.7676
1241982,Moana 2,2024-11-21,Aventura,6.989,3227,150000000,1059242164,David G. Derrick Jr.,https://image.tmdb.org/t/p/w500/dnqgkKoIGf6hErzRm6VtaK1OJrD.jpg,"Depois de receber um chamado inesperado de seus ancestrais navegadores, Moana vai viajar para mares distantes da Oceania, em águas perdidas em uma aventura perigosa.",100,27.7139
912649,Venom: A Última Rodada,2024-10-22,Ficção científica,6.671,4431,120000000,478937618,Kelly Marcel,https://image.tmdb.org/t/p/w500/eZIIPjL7oGqfmF7Gw5ZnbDjH6yu.jpg,"Eddie e Venom estão fugindo. Perseguidos pelos dois mundos, a dupla é forçada a tomar uma decisão devastadora que vai fechar as cortinas da última rodada de Venom e Eddie.",110,27.6576
1588838,Feras no Limite,2026-02-06,Drama,5.75,16,0,1030147,Salvador Calvo,https://image.tmdb.org/t/p/w500/s9kLAZDpvjKCkaESrRhpfuuWAQP.jpg,"Inspirado em uma história real, este filme acompanha cinco amigos aventureiros que arriscam a vida voando de wingsuit e descobrem novas emoções.",113,27.4705
616037,Thor: Amor e Trovão,2022-07-06,Fantasia,6.36,8808,250000000,760928081,Taika Waititi,https://image.tmdb.org/t/p/w500/8gdBMIYwPPxp3b9FjY9yCxme5Rs.jpg,"Thor parte em uma jornada de autodescoberta, diferente de tudo que ele já enfrentou. Mas seus esforços são interrompidos por um assassino galáctico conhecido como Gorr, o Carniceiro dos Deuses, que busca a extinção dos deuses. Para combater esta ameaça, Thor pede a ajuda da Rei Valquíria, Korg e da ex-namorada Jane Foster, que, para a surpresa de Thor, inexplicavelmente empunha seu mágico martelo, Mjolnir, como a Poderosa Thor. Juntos, eles embarcam em uma angustiante aventura cósmica para descobrir o mistério da vingança do Carniceiro dos Deuses e detê-lo antes que seja tarde demais.",119,27.3657
49026,Batman: O Cavaleiro das Trevas Ressurge,2012-07-17,Ação,7.797,24755,250000000,1081041287,Christopher Nolan,https://image.tmdb.org/t/p/w500/j4z01cnbTCaVX69bik1612pSuH6.jpg,"Após ser culpado pela morte de Harvey Dent e passar de herói a vilão, Batman desaparece. As coisas mudam com a chegada de uma ladra misteriosa, a Mulher-Gato, e Bane, um terrorista mascarado, que fazem Batman abandonar seu exílio forçado.",165,27.3592
549509,O Brutalista,2024-12-20,Drama,6.936,1754,9600000,50145227,Brady Corbet,https://image.tmdb.org/t/p/w500/52iVP3AtNtpjFiBxlOYCUPXhr47.jpg,"Fugindo da Europa pós-guerra, um arquiteto visionário chega à América para reconstruir sua vida, carreira e casamento. Sozinho em um novo país estranho, ele se estabelece na Pensilvânia, onde um rico e proeminente industrial reconhece seu talento.",215,27.3297
76600,Avatar: O Caminho da Água,2022-12-14,Ação,7.6,14517,460000000,2334484620,James Cameron,https://image.tmdb.org/t/p/w500/hm6nONQOgVpKmRK5YUX9EqfJ0NH.jpg,"12 anos depois de explorar Pandora e se juntar aos Na'vi, Jake Sully formou uma família com Neytiri e se estabeleceu entre os clãs do novo mundo. Porém, a paz não durará para sempre.",192,27.3275
372058,Your Name.,2016-07-01,Animação,8.484,12874,7500000,407210429,Makoto Shinkai,https://image.tmdb.org/t/p/w500/bMOKAjTU1TNUjRSF7icldbii06u.jpg,"Mitsuha é a filha do prefeito de uma pequena cidade, mas sonha em tentar a sorte em Tóquio. Taki trabalha em um restaurante em Tóquio e deseja largar o seu emprego. Os dois não se conhecem, mas estão conectados pelas imagens de seus sonhos.",106,27.3264
808,Shrek,2001-05-18,Animação,7.776,19148,60000000,489676241,Andrew Adamson,https://image.tmdb.org/t/p/w500/wxeqfC221YMptRRdzxlijAh7q8l.jpg,"Em um pântano distante vive Shrek, um ogro solitário que vê, sem mais nem menos, sua vida ser invadida por uma série de personagens de contos de fada. Todos eles foram expulsos de suas casas pelo maligno Lorde Farquaad. Determinado a recuperar a tranquilidade, Shrek faz um acordo com Farquaad: todos os personagens poderão retornar aos seus lares se ele e seu amigo Burro resgatarem uma princesa que foi aprisionada por um dragão.",90,27.3172
389,12 Homens e uma Sentença,1957-04-10,Drama,8.569,10251,397751,4360000,Sidney Lumet,https://image.tmdb.org/t/p/w500/aiHIhV8c45FzIlbqYlswrrNyQD6.jpg,"Um jovem porto-riquenho é acusado do brutal crime de ter matado o próprio pai. Quando ele vai a julgamento, doze jurados se reúnem para decidir a sentença, levando em conta que o réu deve ser considerado inocente até que se prove o contrário. Onze dos jurados têm plena certeza de que ele é culpado, e votam pela condenação, mas um jurado acha que é melhor investigar mais para que a sentença seja correta. Para isso ele terá que enfrentar diferentes interpretações dos fatos, e a má vontade dos outros jurados, que só querem ir logo para suas casas.",96,27.3162
1198994,Socorro!,2026-01-22,Terror,7.044,2165,40000000,94041481,Sam Raimi,https://image.tmdb.org/t/p/w500/rpU5DGrTVdqcygZBB9npt1WMFch.jpg,"Após um acidente aéreo, um chefe e uma funcionária que se odeiam são os únicos sobreviventes. Isolados numa ilha deserta, eles precisam decidir se cooperam ou competem para escapar, mas é difícil deixar para trás os conflitos do escritório.",113,27.2559
10681,WALL-E,2008-06-26,Animação,8.12,20690,180000000,521311860,Andrew Stanton,https://image.tmdb.org/t/p/w500/qNiwJPVCO4cgiM8LVtxwPV2HxHS.jpg,"No ano 2800, num planeta Terra devastado e sem vida, depois de centenas de anos solitários a fazer aquilo para que foi construído - limpar o planeta de lixo - o pequeno robô WALL-E descobre uma nova missão na sua vida quando conhece uma moderna e brilhante robô exploradora chamada EVE. Os dois vão viajar pela galáxia e viver uma aventura emocionante e inesquecível.",97,27.1646
2062,Ratatouille,2007-06-28,Animação,7.846,18797,150000000,623726000,Brad Bird,https://image.tmdb.org/t/p/w500/41Co0TRUJNyvjr2vHBEcAKAEFpX.jpg,"Remy, morador de Paris, aprecia boa comida e tem um paladar bastante sofisticado. Ele adoraria se tornar um chef para poder criar e desfrutar de obras-primas culinárias para o deleite de seu coração. O único problema é que Remy é um rato. Quando acaba no esgoto debaixo de um dos melhores restaurantes de Paris, o roedor gourmet encontra-se na posição ideal para realizar o seu sonho.",110,27.0979
109445,Frozen: Uma Aventura Congelante,2013-11-20,Animação,7.249,17796,150000000,1274219009,Jennifer Lee,https://image.tmdb.org/t/p/w500/hOZKUJGN0m717LRSQDxhgABqWrf.jpg,"A destemida e otimista Anna sai em uma jornada épica, ao lado de Kristoff e sua leal rena Sven, para encontrar sua irmã Elsa, cujos poderes congelantes aprisionaram o reino de Arendelle em um inverno eterno. Encontrando condições de Everest, trolls místicos e um hilário boneco de neve chamado Olaf, Anna e Kristoff enfrentam obstáculos em uma corrida para salvar o reino.",102,27.084
1740877,Tempestade na Vila Sésamo,2026-08-03,Família,5.917,6,0,0,Scott Preston,https://image.tmdb.org/t/p/w500/7Ibn8R0SDx1859Ekqd5ALsuxU2f.jpg,"Um furacão atinge a Vila Sésamo e deixa Garibaldo sem ninho. Por sorte, os amigos fazem de tudo para animá-lo e ajudam a reconstruir a casa dele.",30,27.0315
44980,Zero WOMAN ＩＩ　警視庁０課の女,1995-09-05,Ação,5.0,8,0,0,Daisuke Gotô,https://image.tmdb.org/t/p/w500/z9XSICETB0XWQRyMWpN2s3bAUlz.jpg,,99,26.9534
939243,Sonic 3: O Filme,2024-12-19,Ação,7.599,3411,122000000,492162604,Jeff Fowler,https://image.tmdb.org/t/p/w500/tfM1T6tAivjvy0sLwt6Y9WvlmzB.jpg,"Sonic, Knuckles e Tails se reúnem contra um novo e poderoso adversário, Shadow, um vilão misterioso com poderes diferentes de tudo que eles já enfrentaram antes. Com suas habilidades superadas em todos os sentidos, a Equipe Sonic deve buscar uma aliança improvável na esperança de parar Shadow e proteger o planeta.",110,26.9529
505642,Pantera Negra: Wakanda para Sempre,2022-11-09,Ação,6.997,7677,250000000,859102154,Ryan Coogler,https://image.tmdb.org/t/p/w500/cryEN3sWlgB2wTzcUNVtDGI8bkM.jpg,"A rainha Ramonda, Shuri, M'Baku, Okoye e as poderosas Dora Milaje lutam para proteger sua nação após a morte do rei T'Challa. Com a ajuda da Cão de Guerra Nakia e de Everett Ross, eles tentam encontrar um novo caminho para Wakanda.",162,26.8897
895954,莫尼卡中心,2021-01-01,Romance,4.0,1,0,0,Desconhecido,https://image.tmdb.org/t/p/w500/saca8CL9kk22AS5BfMbwSYgMvdp.jpg,,87,26.8727
39254,Gigantes de Aço,2011-09-28,Ação,7.134,9456,110000000,299300000,Shawn Levy,https://image.tmdb.org/t/p/w500/pp74uUjwQTknGPqNrerj4FvU0ce.jpg,"Em um futuro próximo, as máquinas substituem os seres humanos no ringue. As lutas de boxe, nesse contexto, acontecem entre robôs de alta tecnologia e Charlie, um ex-lutador frustrado, não consegue se adaptar a isso. Quando tudo parece perdido, ele se une ao filho para construir um competidor imbatível.",127,26.7227
436270,Adão Negro,2022-10-19,Ação,6.778,7182,200000000,393452111,Jaume Collet Serra,https://image.tmdb.org/t/p/w500/ZTzxi5aKXua2eIlmaMbxxcoW7v.jpg,"Quase 5.000 anos depois de ter sido concedido com os poderes onipotentes dos deuses egípcios - e de ter sido preso, - Adão Negro se ergue de seu túmulo, pronto para trazer sua justiça ao mundo moderno.",125,26.7185
11036,Diário de uma Paixão,2004-06-25,Romance,7.891,12769,29000000,115600000,Nick Cassavetes,https://image.tmdb.org/t/p/w500/hO6k34ZNDwWzgcnzFbqYf2Rjg5W.jpg,"Na década de 40, o operário Noah Calhoun e a rica Allie estão desesperadamente apaixonados, mas os pais da jovem não aprovam o namoro. Quando Noah vai para a Segunda Guerra Mundial, parece ser o fim do romance. Enquanto isso, Allie se envolve com outro homem. Mas quando Noah retorna para a pequena cidade anos mais tarde, próximo ao casamento de Allie, logo se torna claro que a paixão ainda não acabou.",123,26.7031
8587,O Rei Leão,1994-06-15,Animação,8.252,20002,45000000,763455561,Roger Allers,https://image.tmdb.org/t/p/w500/8aIvm8OaJISOpVTt7rMIh7X35G5.jpg,"Mufasa, o Rei Leão, e a rainha Sarabi apresentam ao reino o herdeiro do trono, Simba. O recém-nascido recebe a bênção do sábio babuíno Rafiki, mas ao crescer é envolvido nas artimanhas de seu tio Scar, o invejoso e maquiavélico irmão de Mufasa, que planeja livrar-se do sobrinho e herdar o trono.",89,26.6749
574475,Premonição 6: Laços de Sangue,2025-05-14,Terror,7.033,3044,50000000,317854739,Zach Lipovsky,https://image.tmdb.org/t/p/w500/x3J781PsdMrjenzQKM5eJXqK5Nd.jpg,"Atormentada por um pesadelo violento recorrente, a estudante universitária Stefanie volta para casa para encontrar a única pessoa que pode quebrar o ciclo e salvar sua família do destino horrível que inevitavelmente os aguarda.",110,26.6665
615656,Megatubarão 2,2023-08-02,Ação,6.368,4061,129000000,398500317,Ben Wheatley,https://image.tmdb.org/t/p/w500/x3uhIodq56mlGBwpDTZ52trGb35.jpg,Um mergulho exploratório nas profundezas do oceano de uma ousada equipe de pesquisa se transforma em caos quando uma operação de mineração malévola ameaça sua missão e os força a uma batalha de alto risco pela sobrevivência.,116,26.6208
1317288,Marty Supreme,2025-12-19,Drama,7.367,2087,65000000,191303074,Josh Safdie,https://image.tmdb.org/t/p/w500/oLWBW1Sg9V8KGgbR3Y8jeEWF2Gi.jpg,"Marty Mauser é um jovem prodígio do tênis de mesa que tem sonhos grandiosos e estilo de jogo arrojado, mas é desacreditado pelas outras pessoas. Buscando provar sua capacidade, ele faz de tudo para alcançar o reconhecimento que julga merecer.",149,26.6191
499546,Wij,2018-07-12,Crime,5.387,119,0,0,Rene Eller,https://image.tmdb.org/t/p/w500/cKl4RiJ3ocf2BlKML5PwGOy7lUh.jpg,,100,26.6064
575265,Missão: Impossível - O Acerto Final,2025-05-17,Ação,7.175,3050,400000000,598767057,Christopher McQuarrie,https://image.tmdb.org/t/p/w500/yKQjrwgEkPOGel3JKT2neJzu0jh.jpg,"Depois de escapar de um acidente de trem calamitoso, Ethan percebe que a Entidade está escondida a bordo de um antigo submarino russo, mas um inimigo do seu passado chamado Gabriel também está no encalço.",169,26.5441
1363387,Insaciável,2026-05-22,Terror,6.801,133,0,141492,Natalie Erika James,https://image.tmdb.org/t/p/w500/u0CbGwuZEdr9pg2H5guowPTzjNE.jpg,"Hana, uma estudante de medicina, se deixa consumir por uma obsessão perigosa com o próprio corpo e a perda de peso. Influenciada por uma amiga que emagreceu rapidamente, ela inicia um programa extremo de consequências irreversíveis, baseado em pílulas para emagrecer que escondem um segredo macabro: são produzidas a partir de cinzas humanas.",113,26.477
502356,Super Mario Bros. O Filme,2023-04-05,Família,7.596,11039,100000000,1360879735,Michael Jelenic,https://image.tmdb.org/t/p/w500/ij8sapIEbLf2g8npOu6XgsQS2w0.jpg,"Transportados do Brooklyn para o Reino Cogumelo num passe de mágica, dois corajosos encanadores conhecem uma princesa e combatem um tirano que cospe fogo.",92,26.4057
585,Monstros S.A.,2001-11-01,Animação,7.856,20108,115000000,579700000,Pete Docter,https://image.tmdb.org/t/p/w500/5p6cdAeUevsLOX0oI1T4JIul4QO.jpg,"O astro do susto, Sulley, e seu falante assistente, Mike, trabalham na Monstros S.A., a maior fábrica de processamento de gritos da cidade de Monstrópolis. A principal fonte de energia do mundo dos monstros provém da coleta dos gritos das crianças humanas. Os monstros acreditam que as crianças são tóxicas, e entram em pânico quando uma menininha invade seu mundo. Sulley e Mike fazem de tudo para levar a garota de volta para casa, mas enfrentam desafios monstruosos e algumas situações hilárias em suas atrapalhadas aventuras.",92,26.4048
280,O Exterminador do Futuro 2: O Julgamento Final,1991-07-03,Ação,8.163,14672,102000000,517778573,James Cameron,https://image.tmdb.org/t/p/w500/eTIY2LO5cDclxgKtCHuvIKdF3c3.jpg,"O jovem John Connor é a chave para a vitória da civilização sobre uma rebelião de robôs do futuro. No entanto, ele torna-se alvo de T-1000, um exterminador que pode assumir a forma que desejar e que foi enviado do futuro para matá-lo. Outro exterminador, o renovado T-800, também é enviado de volta ao passado para proteger o garoto. Quando John e sua mãe embarcam na fuga com T-800, o menino cria um vínculo forte e inesperado com o robô.",136,26.3362
564,A Múmia,1999-04-16,Aventura,6.99,10290,80000000,415885488,Stephen Sommers,https://image.tmdb.org/t/p/w500/kyLGWOQT17uOJwYIn0sgj00vVPo.jpg,"Em 1926, um grupo de arqueólogos descobre uma tumba na cidade perdida de Hamunaptra. Dentro da tumba é encontrado o corpo de Imhotep, o sacerdote do Faraó Seti, que foi mumificado vivo além de ter recebido a mais terrível das maldições por ter dormido com a amante do faraó e, movido por ciúme doentio e amor, ter matado o Faraó. No entanto, quando um dos membros da expedição lê um manuscrito que foi encontrado pelo grupo e traz Imhotep de volta vida, ele ressurge cheio de ódio e só pensa em reencontrar sua amada e destruir todos que cruzem o seu caminho, trazendo consigo as dez pragas do Egito.",125,26.2923
330457,Frozen II,2019-11-20,Família,7.228,10411,150000000,1453683476,Jennifer Lee,https://image.tmdb.org/t/p/w500/yK9wazsgpZ9QfmITC96biaMzndV.jpg,"Elsa, Anna, Kristoff, Olaf e Sven se aventuram na floresta encantada e nos mares escuros além de Arendelle – onde Elsa descobre não apenas a verdade sobre seu passado, mas uma ameaça ao seu reino.",103,26.2637
68721,Homem de Ferro 3,2013-04-18,Ação,6.934,23741,200000000,1215577205,Shane Black,https://image.tmdb.org/t/p/w500/C7MZwRTjvEy7gkWcLJeBGZFE1w.jpg,"Depois de um inimigo reduzir o mundo de Tony Stark a destroços, o Homem de Ferro precisa aprender a confiar em seus instintos para proteger aqueles que ama, especialmente sua namorada, e lutar contra seu maior medo: o fracasso.",130,26.2452
558,Homem-Aranha 2,2004-06-25,Ação,7.326,16746,200000000,788976453,Sam Raimi,https://image.tmdb.org/t/p/w500/xB05Gyeo2w4RBwt7nZlPkjZzt9X.jpg,"Dois anos se passaram desde que o tranquilo Peter Parker separou-se do grande amor de sua vida, Mary Jane Watson, e decidiu assumir o compromisso e a responsabilidade de seguir sendo o Homem-Aranha. Peter enfrenta novos desafios enquanto aprende a lidar com ""seu dom e sua maldição"", tentando desesperadamente harmonizar suas duas identidades: A do super-herói aracnídeo, o Homem-Aranha, e a do estudante universitário.",137,26.2227
1433367,Só Por uma Noite,2026-07-28,Comédia,6.833,30,25000000,12128065,Will Gluck,https://image.tmdb.org/t/p/w500/61fSMjhMoBgoXvKOlz3AvMM6CHT.jpg,"Allie e Owen são dois desconhecidos que se encontram em Nova York na única noite do ano em que relações sexuais são permitidas por lei. Abandonados por seus parceiros, a busca deles por conexão emocional toma rumos inesperados",102,26.0083
1422,Os Infiltrados,2006-10-04,Drama,8.159,16498,90000000,291465000,Martin Scorsese,https://image.tmdb.org/t/p/w500/qtnAwzDapzOML4Q9p7lv2bk5gvz.jpg,"Billy Costigan, um jovem policial, recebe a missão de se infiltrar na máfia, mais especificamente no grupo comandado por Frank Costello. Billy conquista sua confiança ao mesmo tempo em que Colin Sullivan, um criminoso que atuou na polícia como informante de Costello, também ascende dentro da corporação. Tanto Billy quanto Colin se sentem aflitos devido à vida dupla que levam. Mas quando a máfia e a polícia descobrem que há um espião entre eles, a vida de ambos passa a correr perigo.",151,25.8798
38757,Enrolados,2010-11-24,Animação,7.617,12614,260000000,592461732,Byron Howard,https://image.tmdb.org/t/p/w500/wZzVkdnc0kw20lSJc13ZmgTPah3.jpg,"O bandido mais procurado do reino, Flynn Rider, se esconde em uma torre e imediatamente se torna prisioneiro de Rapunzel, residente de longa data do local. Dona de cabelos dourados mágicos com 21 metros de comprimento, ela está trancada há anos e quer, desesperadamente, a liberdade. A adolescente determinada faz um acordo com o rapaz, e, juntos, partem para uma aventura emocionante.",101,25.7879
1240889,"Acampamento Miasma: Adolescência, Sexo e Morte",2026-08-06,Comédia,7.2,24,10000000,1593388,Jane Schoenbrun,https://image.tmdb.org/t/p/w500/7r37ugEVIODiGk05UjzlD8t9F7d.jpg,"Após anos de sequências desleixadas, a franquia Camp Miasma é entregue a uma jovem diretora entusiasmada para ser revitalizada. Mas ao visitar a estrela do filme original, hoje uma atriz reclusa e envolta em mistério, as duas mergulham em um mundo ensanguentado de desejo, medo e delírio.",106,25.7389
12,Procurando Nemo,2003-05-30,Animação,7.821,20833,94000000,940335536,Andrew Stanton,https://image.tmdb.org/t/p/w500/djbivExXSZb0sTO8uYaaQC5vMRM.jpg,"Nemo, um jovem peixe-palhaço aventureiro, é inesperadamente levado de sua casa na Grande Barreira de Corais para o aquário do consultório de um dentista. Cabe ao seu preocupado pai Marlin e à simpática mas esquecida peixe Dory trazer Nemo para casa - encontrando tubarões vegetarianos, tartarugas surfistas, medusas hipnóticas, gaivotas esfomeadas e muito mais pelo caminho.",100,25.6792
189,Sin City: A Dama Fatal,2014-08-20,Ação,6.401,4234,65000000,39407616,Frank Miller,https://image.tmdb.org/t/p/w500/477iFpk3xfMeNiFgbGxEQjSLeBl.jpg,"Dwight tem seu confronto final com a mulher dos seus sonhos e pesadelos, Ava. Ela consegue ler mentes e transforma-se exatamente no que os homens desejam. Repleta de mulheres fortes, anti-heróis e vilões cruéis, seus caminhos se cruzam pelas ruas e bares da cidade do pecado.",102,25.6717
1159559,Pânico 7,2026-02-25,Terror,6.236,1225,45000000,213835967,Kevin Williamson,https://image.tmdb.org/t/p/w500/rEevavl5vebCVEd5imx7D1k8nmV.jpg,"Quando um novo Ghostface surge na pacata cidade onde Sidney Prescott reconstruiu sua vida, seus medos mais sombrios se tornam reais enquanto sua filha se torna o próximo alvo do assassino. Determinada a proteger sua família, Sidney terá que enfrentar os horrores do seu passado para acabar com o massacre de uma vez por todas.",114,25.669
1541560,Stop! That! Train!,2026-06-12,Ação,5.3,42,20000000,3992733,Adam Shankman,https://image.tmdb.org/t/p/w500/7t69fo096Ddre1fEmCitxTdQ89v.jpg,,90,25.599
177572,Operação Big Hero,2014-10-24,Aventura,7.726,16826,165000000,657870525,Don Hall,https://image.tmdb.org/t/p/w500/5EodFesjReSDlX1c0I5ANZijBFy.jpg,"O grande robô inflável está sempre a postos para cuidar de Hiro Hamada. Quando algo devastador assola a cidade, o menino prodígio, seus amigos e o robô formam um grupo de heróis para combater o mal.",102,25.5906
13333,Jogo da Morte,1978-03-23,Drama,6.373,749,850000,50000000,Robert Clouse,https://image.tmdb.org/t/p/w500/z6Le2lNTx8ySBd311RlOxkFaTsI.jpg,"Billy Lo é um ator de filmes de artes marciais e sua namorada, Ann Morris, é uma cantora que está atingindo a fama. Agora, o sindicato quer que os dois se unam a eles, mas Billy sabe que serão tratados como propriedades e, após um ataque que quase o mata, forja sua morte e prepara uma vingança impiedosa.",101,25.5848
37165,O Show de Truman: O Show da Vida,1998-06-04,Comédia,8.156,20650,60000000,264118712,Peter Weir,https://image.tmdb.org/t/p/w500/3mEoGWyJCZTSoYyjFD3gFd6hzU4.jpg,"Truman Burbank é um pacato vendedor de seguros que leva um vida simples com sua esposa Meryl Burbank. Porém algumas coisas ao seu redor fazem com que ele passe a estranhar sua cidade, seus supostos amigos e até sua mulher. Após conhecer a misteriosa Lauren, ele fica intrigado e acaba descobrindo que toda sua vida foi monitorada por câmeras e transmitida em rede nacional.",103,25.5739
604079,A Longa Marcha: Caminhe ou Morra,2025-09-10,Ficção científica,6.861,1823,20000000,63103084,Francis Lawrence,https://image.tmdb.org/t/p/w500/qE0XKOHZvXtiM4aBLlTPUVZiIc5.jpg,"Um grupo de adolescentes compete em uma competição anual conhecida como ""A Longa Marcha"", onde eles devem manter uma certa velocidade de caminhada ou levar um tiro.",109,25.4726
1156594,Nossa Culpa,2025-10-15,Romance,7.4,731,0,0,Domingo González,https://image.tmdb.org/t/p/w500/tPq8xqhsTYZzUGwMKuksa0eyeGZ.jpg,"O casamento de Jenna e Lion marca o tão esperado reencontro entre Noah e Nick após o término. A incapacidade de Nick de perdoar Noah é uma barreira intransponível. Ele, herdeiro dos negócios do avô, e ela, iniciando a vida profissional, evitam alimentar uma chama ainda acesa. Mas, agora que seus caminhos se cruzaram novamente, será o amor mais forte que o ressentimento?",115,25.4553
1632473,O Que Fica por Dizer,2026-08-13,Drama,4.5,1,0,0,Cholo Laurel,https://image.tmdb.org/t/p/w500/hgr46OnroBUZLE1nGtJV6awB5Mv.jpg,A vida cuidadosamente reconstruída de uma roteirista de TV desmorona quando a mãe reaparece após 27 anos trazendo um segredo que muda tudo.,112,25.4202
1087891,Operação Vingança,2025-04-09,Thriller,6.91,1713,60000000,96000836,James Hawes,https://image.tmdb.org/t/p/w500/m9bV8N7up3kdnheJQ6CNYWGR9o3.jpg,"Depois que sua esposa é tragicamente morta em um ataque terrorista em Londres, um criptógrafo da CIA exige que seus chefes vão atrás dos assassinos. Quando fica claro que eles não agirão devido a prioridades internas conflitantes, ele chantageia a agência para treiná-lo e deixá-lo ir atrás deles sozinho.",123,25.2876
1062722,Frankenstein,2025-10-17,Drama,7.616,3728,120000000,480678,Guillermo del Toro,https://image.tmdb.org/t/p/w500/rB0tZwNImTT8febX5qVycZ5YVeF.jpg,"Dr. Victor Frankenstein, um cientista brilhante, mas egoísta, dá vida a uma criatura em um experimento monstruoso que acaba levando à ruína tanto do criador quanto de sua trágica criação.",149,25.1411
301528,Toy Story 4,2019-06-19,Família,7.463,10875,175000000,1073841394,Josh Cooley,https://image.tmdb.org/t/p/w500/csiyO6q8rR74pfgJDjwINzhoick.jpg,"Agora morando na casa da pequena Bonnie, Woody apresenta aos amigos o novo brinquedo construído por ela: Garfinho, baseado em um garfo de verdade. O novo posto de brinquedo não o agrada nem um pouco, o que faz com que Garfinho fuja de casa. Decidido a trazer de volta o atual brinquedo favorito de Bonnie, Woody parte em seu encalço e, no caminho, reencontra Bo Peep, que agora vive em um parque de diversões.",100,25.1194
1288341,Seven Snipers,2026-04-30,Ação,6.094,117,0,0,Sandra Sciberras,https://image.tmdb.org/t/p/w500/pK6tGCG6UAgUT5FTq3ylGErHxQQ.jpg,Uma franco-atiradora aposentada escondida em um rancho australiano deve reunir seu esquadrão de extermínio de elite quando um guerreiro vingativo ameaça sua filha.,87,25.0238
713704,A Morte do Demônio: A Ascensão,2023-04-12,Terror,7.0,3924,15000000,147256372,Lee Cronin,https://image.tmdb.org/t/p/w500/pYHypEGMKtFTSQqfWC6IJFeaz1J.jpg,"Duas irmãs distantes cujo reencontro é interrompido por demônios devoradores de carne que aparecem de repente, levando-as a uma batalha primal pela sobrevivência, enfrentando a versão mais assustadora que se possa imaginar de uma família.",96,24.9624
18785,"Se Beber, Não Case!",2009-06-02,Comédia,7.337,18391,35000000,469310836,Todd Phillips,https://image.tmdb.org/t/p/w500/m0tQyMdp3fy5ooUOQkJMd1fQKBJ.jpg,"Dois dias antes de seu casamento, Doug e três amigos vão de carro até Las Vegas para uma louca e memorável despedida de solteiro. Quando os três padrinhos acordam na manhã seguinte, eles não conseguem se lembrar de nada e notam que Doug desapareceu. Com pouco tempo de sobra, os amigos tentam refazer a noite anterior e encontrar Doug para que possam levá-lo de volta a Los Angeles a tempo de chegar ao altar.",99,24.9381
207,Sociedade dos Poetas Mortos,1989-06-02,Drama,8.297,12847,16400000,235860116,Peter Weir,https://image.tmdb.org/t/p/w500/gMmbJEqEzupp4BYTcRkNsPDPvQE.jpg,"Em 1959 na Welton Academy, uma tradicional escola preparatória, um ex-aluno se torna o novo professor de literatura, mas logo seus métodos de incentivar os alunos a pensarem por si mesmos cria um choque com a ortodoxa direção do colégio, principalmente quando ele fala aos seus alunos sobre a ""Sociedade dos Poetas Mortos"".",128,24.9041
1525963,채무자의 아내,2024-12-26,Desconhecido,0.0,0,0,0,Desconhecido,https://image.tmdb.org/t/p/w500/ouXTrnJBimHIhWIUlHARDJH47no.jpg,,0,24.8773
558449,Gladiador 2,2024-11-13,Ação,6.6,4671,310000000,462180717,Ridley Scott,https://image.tmdb.org/t/p/w500/342bly9MqveL65TnEFzx8TTUxcL.jpg,"Anos depois de testemunhar a trágica morte do reverenciado herói Maximus nas mãos de seu tio malvado, Lucius se vê forçado a lutar no Coliseu depois que sua terra natal é conquistada por dois imperadores tirânicos, que agora governam Roma. Com o coração ardendo de raiva e o destino do Império pendurado por um fio, Lucius deve enfrentar perigos e inimigos, redescobrindo em seu passado a força e a honra necessárias para trazer a glória de Roma de volta ao seu povo.",150,24.8713
259693,Invocação do Mal 2,2016-06-08,Terror,7.294,9343,40000000,322819915,James Wan,https://image.tmdb.org/t/p/w500/dOPVzDQdRQtSan36LpLwWcfzCgu.jpg,"Lorraine e Ed Warren ajudam uma mãe solteira a criar seus quatro filhos numa casa assombrada por espíritos malignos. Conhecido como a Amityville da Inglaterra, o Poltergeist de Enfield foi o caso mais documentado na história da paranormalidade. Descubra a verdade por trás do evento que chocou o mundo.",134,24.8538
228150,Corações de Ferro,2014-10-15,Guerra,7.5,13135,68000000,211817906,David Ayer,https://image.tmdb.org/t/p/w500/tVZXsjBC9HIoKv6WnAv0nWObbrT.jpg,"Durante o final da Segunda Guerra Mundial, um grupo de cinco soldados americanos é encarregado de atacar os nazistas dentro da própria Alemanha. Apesar de estarem em quantidade inferior e terem poucas armas, eles são liderados pelo enfurecido Wardaddy, sargento que pretende levá-los à vitória, enquanto ensina o novato Norman a lutar.",135,24.8297
1632181,Socias por accidente,2026-03-12,Comédia,8.89,355,0,0,Ihtzi Hurtado,https://image.tmdb.org/t/p/w500/j0CIVzeR7hRAPBPGR54qDZoOQpp.jpg,,110,24.8184
1124,O Grande Truque,2006-10-19,Drama,8.211,17950,40000000,109676311,Christopher Nolan,https://image.tmdb.org/t/p/w500/4AUW2bGbQjWACUREckGJWXmyF0d.jpg,"No século 19, em Londres, dois amigos ilusionistas e mágicos, Alfred Borden e Rupert Angier, acabam construindo uma rivalidade, uma batalha por supremacia, que se estende ao longo dos anos e que se transforma em obsessão, cujos resultados serão inevitavelmente trágicos.",130,24.6635
1613798,Vingança Brutal,2026-02-26,Ação,7.493,294,0,0,Rodrigo Valdes,https://image.tmdb.org/t/p/w500/88P3qzWBRYvI0K5fNtqwwXQsvwi.jpg,"Quando sua esposa é brutalmente assassinada, Carlos Estrada, herói condecorado das forças especiais, passa a viver com apenas um propósito: vingança. Depois que uma reviravolta do destino o torna um milionário, Carlos transforma sua fortuna em um arsenal e, com seus soldados de maior confiança, inicia uma caçada incansável pelos responsáveis.",103,24.6546
127585,X-Men: Dias de um Futuro Esquecido,2014-05-15,Ação,7.535,16525,250000000,748045700,Bryan Singer,https://image.tmdb.org/t/p/w500/cAGrjXVQoNyqHgxPoXr68JGqmp0.jpg,"O Dr. Bolivar Trask acredita que os mutantes são uma ameaça para a humanidade. Ele desenvolve gigantescos robôs chamados Sentinelas, que perseguem impiedosamente os mutantes. Os poucos sobreviventes precisam viver escondidos. Wolverine viaja no tempo para procurar os jovens Xavier e Magneto e impedir que eles sejam caçados e aniquilados no futuro.",149,24.6171
945961,Alien: Romulus,2024-08-13,Terror,7.16,4794,80000000,350865342,Fede Álvarez,https://image.tmdb.org/t/p/w500/jB0W9tn4w07MFn7sTfqRTBLVytF.jpg,"Enquanto vasculham as profundezas de uma estação espacial abandonada, um grupo de jovens colonizadores espaciais se depara com a forma de vida mais aterrorizante do universo.",119,24.581
769,Os Bons Companheiros,1990-09-12,Drama,8.45,14630,25000000,47072327,Martin Scorsese,https://image.tmdb.org/t/p/w500/sTReXuaND1AjkXUfjl1gqRcuGfI.jpg,"A história real de Henry Hill, um garoto meio irlandês e meio siciliano do Brooklyn que é adotado por gangsters do bairro ainda jovem e sobe na hierarquia de uma família da máfia sob a orientação de Jimmy Conway.",146,24.5051
20352,Meu Malvado Favorito,2010-07-08,Animação,7.261,16283,69000000,543284256,Pierre Coffin,https://image.tmdb.org/t/p/w500/rYZzutMXxvirK9gK01iLo3Blaj3.jpg,"Um homem que adora todas as coisas diabólicas, o supervilão Gru traça um plano para roubar a lua. Rodeado de um exército de pequenos ajudantes e seu arsenal de armas e máquinas de guerra, Gru se prepara para destruir quem atravessar seu caminho. Mas ele não esperava pelo seu maior desafio: três adoráveis órfãs que querem ter Gru como pai.",95,24.453
629,Os Suspeitos,1995-07-19,Drama,8.165,11627,6000000,23300000,Bryan Singer,https://image.tmdb.org/t/p/w500/8RrGQ3kSiu2JJatkQ3o0DdXUGUU.jpg,"Um detetive interroga um dos únicos sobreviventes de uma explosão no cais que provocou dezenas de mortes. O suspeito conta uma história sobre os eventos que levaram ele e mais quatro criminosos ao local do crime, deixando dúvidas sobre a verdade.",106,24.4252
346698,Barbie,2023-07-19,Comédia,6.91,11424,145000000,1447138421,Greta Gerwig,https://image.tmdb.org/t/p/w500/yRRuLt7sMBEQkHsd1S3KaaofZn7.jpg,"No mundo mágico das Barbies, ""Barbieland"", uma das bonecas começa a perceber que não se encaixa como as outras. Depois de ser expulsa, ela parte para uma aventura no ""mundo real"", onde descobre que a beleza está no interior de cada um.",114,24.4007
1235877,ஜன நாயகன்,2026-07-22,Ação,5.5,14,0,0,H. Vinoth,https://image.tmdb.org/t/p/w500/jt8pfSIdi47YpFMMWVRr8w5u2S0.jpg,,183,24.3783
10867,Malèna,2000-10-27,Drama,7.555,2780,0,14493284,Giuseppe Tornatore,https://image.tmdb.org/t/p/w500/aGK0x9RblIUqkLp6xKYMSttlqMn.jpg,"Em 1941, numa pequena vila localizada na Sicília, um grupo de garotos de 13 anos de idade nutre uma profunda paixão por Malena (Monica Bellucci), a viúva de um soldado local, despertando uma história de amor, perda e coragem.",109,24.3269
1292415,Beast,2026-04-10,Ação,6.992,122,0,0,Tyler Atkins,https://image.tmdb.org/t/p/w500/87m6tpjod7SI6rnCUGYU5vpTUiK.jpg,Um pescador comercial que luta para sustentar a família e vingar a morte do irmão enfrenta um adversário perigoso em uma luta de artes marciais mistas.,115,24.3231
1432631,இதயம் முரளி,2026-07-10,Romance,7.333,6,0,0,Aakash Baskaran,https://image.tmdb.org/t/p/w500/8gfs5OsGINENFAl0h1XZPNup9lI.jpg,,164,24.272
216015,Cinquenta Tons de Cinza,2015-02-11,Drama,5.863,12506,40000000,569651467,Sam Taylor-Johnson,https://image.tmdb.org/t/p/w500/fAfsfaRyQV5LKNvYoqlav0Gr3uC.jpg,"Anastasia Steele (Dakota Johnson) é uma estudante de literatura de 21 anos, recatada e virgem. Uma dia ela deve entrevistar para o jornal da faculdade o poderoso magnata Christian Grey (Jamie Dornan). Nasce uma complexa relação entre ambos: com a descoberta amorosa e sexual, Anastasia conhece os prazeres do sadomasoquismo, tornando-se o objeto de submissão do sádico Grey.",125,24.2636
1477712,O Sorveteiro,2026-08-03,Terror,5.0,40,5500000,4481000,Eli Roth,https://image.tmdb.org/t/p/w500/qqgjzKXWibrBf7MgqwZ78pDe8HU.jpg,"Um sorveteiro misterioso distribui um doce amaldiçoado que transforma crianças em assassinas, sedentas por sangue e sem piedade com os adultos. Enquanto o massacre toma conta das ruas, três jovens que escaparam por pouco da maldição correm contra o tempo para descobrir a origem desse homem e impedir que a matança se espalhe, antes que não sobre ninguém vivo.",86,24.1577
1197306,Resgate Implacável,2025-03-26,Ação,6.684,2050,40000000,89400711,David Ayer,https://image.tmdb.org/t/p/w500/1w01rEQRYvIoSs5Is9cQDJhiUel.jpg,"Ele quer viver uma vida simples e ser um bom pai para sua filha. Mas quando a filha adolescente de seu chefe, Jenny, desaparece, ele é chamado para reempregar as habilidades que o tornaram uma figura lendária nas operações secretas.",116,24.1116
348,Alien: O Oitavo Passageiro,1979-05-25,Terror,8.172,16689,11000000,104931801,Ridley Scott,https://image.tmdb.org/t/p/w500/rFHzJrkO1kNIezb6rFog5oCJUEn.jpg,"Quando a tripulação da sonda espacial Nostromo responde a um pedido de socorro vindo de um planeta inóspito, eles descobrem uma forma de vida mortal que se reproduz dentro de humanos. Agora, a tripulação deve lutar para permanecer viva e impedir que a criatura chegue até a Terra.",117,24.1048
150540,Divertida Mente,2015-06-17,Animação,7.907,23759,175000000,857611174,Pete Docter,https://image.tmdb.org/t/p/w500/62SAZfLfzhxJWUFJvfIPMw6QUpE.jpg,"Quando Riley, de 11 anos, se muda para uma nova cidade, suas Emoções - Alegria, Medo, Raiva, Nojinho e Tristeza trabalham juntas para ajudá-la na transição. Porém, uma série de eventos faz com que Alegria e Tristeza se envolvam em uma perigosa aventura que virará o mundo de Riley de cabeça para baixo.",95,24.097
102899,Homem-Formiga,2015-07-14,Ficção científica,7.066,21124,130000000,519311965,Peyton Reed,https://image.tmdb.org/t/p/w500/lsiy4IcnbtChkayPMxLda2fq4xM.jpg,"Dr. Hank Pym, o inventor da fórmula/traje que permite o encolhimento, precisa impedir que seu ex-pupilo Darren Cross consiga replicar o feito e vender a tecnologia para uma organização do mal. Depois de sair da cadeia, o trambiqueiro Scott Lang está disposto a reconquistar o respeito da ex-mulher, Maggie e, principalmente, da filha. Com dificuldades de arrumar um emprego honesto, ele aceita praticar um último golpe. O que ele não sabia era que tudo não passava de um plano do Dr. Pym que, depois de anos observando o hábil ladrão, o escolhe para vestir o traje do Homem-Formiga.",115,23.9872
1430077,Hokum: O Pesadelo da Bruxa,2026-04-29,Terror,6.92,749,5000000,24117049,Damian McCarthy,https://image.tmdb.org/t/p/w500/fn5QNtG3LLXC3e7ZTQDYP92kFYc.jpg,"O escritor solitário Ohm Bauman refugia-se em um hotel isolado para cumprir o último desejo de seus pais. A despedida silenciosa transforma-se em pesadelo quando histórias sobre uma antiga bruxa que assombra a suíte de lua de mel passam a invadir seus sonhos e sua mente. Entre visões perturbadoras e um desaparecimento chocante, Ohm é levado a um confronto aterrorizante com as forças que cercam o local e com os cantos mais sombrios de seu próprio passado.",108,23.9688
4935,O Castelo Animado,2004-09-09,Fantasia,8.388,11313,24000000,236049757,Hayao Miyazaki,https://image.tmdb.org/t/p/w500/1hTfaEWktMJPxCk5nZNtK7F86C9.jpg,"Sophie, uma jovem chapeleira, é transformada em uma mulher idosa por uma bruxa que entra em sua loja e a amaldiçoa. Ela encontra um mago chamado Howl e se vê envolvida em sua resistência em lutar pelo rei.",120,23.9204
218,O Exterminador do Futuro,1984-10-26,Ação,7.687,14955,6400000,78371200,James Cameron,https://image.tmdb.org/t/p/w500/fo4SSoNT1ASI4JP7dOLrosWNWKa.jpg,"Em um futuro próximo, a guerra entre humanos e máquinas foi iniciada. Com a tecnologia a seu dispor, um plano inusitado é arquitetado pelas máquinas ao enviar para o passado um andróide com a missão de matar a mãe daquele que viria a se transformar num líder e seu pior inimigo. Contudo, os humanos também conseguem enviar seu representante para proteger a mulher e tentar garantir o futuro da humanidade.",107,23.8868
545611,Tudo em Todo o Lugar ao Mesmo Tempo,2022-03-24,Ação,7.709,8287,25000000,139200000,Daniel Scheinert,https://image.tmdb.org/t/p/w500/2dSZQGwijlXvMSyuGe0FSgrXnv0.jpg,"Uma imigrante chinesa parte rumo a uma aventura onde, sozinha, precisará salvar o mundo, explorando outros universos e outras vidas que poderia ter vivido. Contudo, as coisas se complicam quando ela fica presa nessa infinidade de possibilidades sem conseguir retornar para casa.",139,23.862
567609,Casamento Sangrento,2019-08-21,Terror,7.095,5775,6000000,57615777,Tyler Gillett,https://image.tmdb.org/t/p/w500/k5dJuAdjv1wCq2Vzj1GZfwGmLoU.jpg,"Grace acaba de se casar com o herdeiro milionário de uma família especializada em jogos de tabuleiro. Antes de realmente integrar a família, no entanto, ela é obrigada a participar de uma tradição familiar: um jogo de esconde-esconde pela mansão dos Le Domas. Aos poucos, Grace percebe que a brincadeira inocente é na verdade uma caçada sangrenta contra a recém-casada, em que todas as armas e golpes são permitidos para assassiná-la. A jovem terá a difícil missão de sobreviver aos ataques até o amanhecer.",95,23.8427
1545621,名探偵コナン ハイウェイの堕天使,2026-04-10,Animação,7.6,16,0,0,蓮井隆弘,https://image.tmdb.org/t/p/w500/l2kfiNoRi6ofM5pSjr1rCloOfpx.jpg,,109,23.8244
1616131,Meu Próprio Filho,2026-07-30,Documentário,6.5,7,0,0,Maite Alberdi,https://image.tmdb.org/t/p/w500/iBD5kzk6XMyQEuV4m4A6OotqcSK.jpg,"Desesperada para ter um filho e pressionada pela família e pela sociedade, uma mulher finge estar grávida e acaba envolvida em um crime neste documentário impactante.",96,23.8202
1266127,Casamento Sangrento: A Viúva,2026-03-19,Terror,7.587,1498,14000000,42940054,Matt Bettinelli-Olpin,https://image.tmdb.org/t/p/w500/u6OwPW7mO8nrtJoC27W541bRQ8F.jpg,"A noiva retorna em uma nova e sinistra rodada do tradicional jogo de esconde-esconde, agora com elementos sobrenaturais e demoníacos.",108,23.8079
402431,Wicked,2024-10-16,Drama,6.901,3179,150000000,763963597,Jon M. Chu,https://image.tmdb.org/t/p/w500/qcaKkLwIXCAxJtpetVYHniCvLZj.jpg,"Elphaba é uma jovem como outra qualquer do Reino de Oz, mas incompreendida por causa de sua pele verde incomum e por ainda não ter descoberto seu verdadeiro poder. Sua rotina é tranquila e pouco interessante, mas ao iniciar seus estudos na Universidade de Shiz, seu destino encontra Glinda, uma jovem popular e ambiciosa, nascida em berço de ouro, que só quer garantir seus privilégios e ainda não conhece sua verdadeira alma. As duas iniciam uma inesperada amizade; no entanto, suas diferenças, como o desejo de Glinda pela popularidade e poder, e a determinação de Elphaba em permanecer fiel a si mesma, entram no caminho, o que pode perpetuar no futuro de cada uma e em como as pessoas de Oz as enxergam.",161,23.68
1650558,Abot Langit,2026-03-13,Romance,5.0,1,0,0,Topel Lee,https://image.tmdb.org/t/p/w500/5lVYe4aSimWdxJINKwq9s68TZ2G.jpg,,70,23.5313
58,Piratas do Caribe: O Baú da Morte,2006-07-06,Aventura,7.389,17456,200000000,1066179747,Gore Verbinski,https://image.tmdb.org/t/p/w500/yvD1G41HwHgj8afCjmfGbyRmBBR.jpg,"Will e Elizabeth estão prestes a se casar quando o lendário pirata Davy Jones, comandante do invencível navio assombrado O Holandês Voador, aparece para cobrar uma dívida do capitão Jack Sparrow, amigo do casal. A única chance de Sparrow se livrar de uma maldição de Jones é encontrando o baú da morte.",151,23.5013
1340206,O Afinador,2026-05-21,Crime,7.25,282,7000000,13410842,Daniel Roher,https://image.tmdb.org/t/p/w500/bq21NGxKqV6DgHfm5j48mscM7Ai.jpg,"Niki é um afinador de pianos talentoso treinado por Harry. Sua audição excepcional chama a atenção de criminosos. Essa habilidade rara não só o ajuda a trabalhar com instrumentos de alto padrão, mas também a abrir cofres com precisão. Ao longo do caminho, Niki conhece Ruthie, uma estudante de composição, e os dois criam uma conexão inesperada. Porém, sua vida dupla como arrombador começa a ameaçar o relacionamento, enquanto ele se envolve em situações cada vez mais perigosas.",108,23.4595
260514,Carros 3,2017-06-15,Animação,6.864,6527,175000000,383925276,Brian Fee,https://image.tmdb.org/t/p/w500/oEmdfjqQnAWe1t23WiiW0icFhGv.jpg,"Durante mais uma disputa eletrizante nas pistas, o campeão Relâmpago McQueen acelerou demais e acabou perdendo o controle. Agora, após ter capotando várias vezes e quase ter partido dessa para melhor, o vermelhinho vai ter sua vida alterada para sempre. O acidente foi tão grave que, com os estragos, McQueen pode ter que se aposentar de vez.",90,23.4372
210577,Garota Exemplar,2014-10-01,Mistério,7.889,20263,61000000,370890259,David Fincher,https://image.tmdb.org/t/p/w500/54nI3vSKlPp42WhJmKVRdmMbkzl.jpg,"Amy Dunne desaparece no dia do seu aniversário de casamento, deixando o marido Nick em apuros. Ele começa a agir descontroladamente, abusando das mentiras, e se torna o suspeito número um da polícia. Com o apoio da sua irmã gêmea, Margo, Nick tenta provar a sua inocência e, ao mesmo tempo, procura descobrir o que aconteceu com Amy.",149,23.3994
744275,After: Depois do Desencontro,2021-09-01,Drama,6.997,2770,14000000,21753705,Castille Landon,https://image.tmdb.org/t/p/w500/us14PtA89IjtR1JOdDamamPth7e.jpg,"Embora a história de amor entre Tessa Young e Hardin Scott tenha passado por muitas complicações, desta vez o problema é mais complexo do que nunca. Agora que Tessa tomou uma das decisões mais importantes de sua vida, tudo mudou completamente. Os segredos que vêm à tona sobre suas famílias colocam em risco seu relacionamento e seu futuro juntos. Embora a jovem saiba que Hardin a ama, os dois estão cercados de ciúme, ódio e perdão. Será que o amor entre os dois será o suficiente para manter seu relacionamento?",99,23.3639
411,"As Crônicas de Nárnia: O Leão, a Feiticeira e o Guarda-Roupa",2005-12-07,Aventura,7.141,11688,180000000,745013115,Andrew Adamson,https://image.tmdb.org/t/p/w500/sDBziWxSTavCNjbayaXaDDwmTiQ.jpg,"Durante os bombardeios da Segunda Guerra Mundial de Londres, quatro irmãos ingleses são enviados para uma casa de campo onde eles estarão seguros. Um dia, Lucy encontra um guarda-roupa que a transporta para um mundo mágico chamado Nárnia. Depois de voltar, ela logo volta a Nárnia com seus irmãos, Peter e Edmund, e sua irmã, Susan. Lá eles se juntam ao leão mágico, Aslan, na luta contra a Feiticeira Branca.",143,23.3436
1408170,లెనిన్,2026-07-10,Ação,6.4,5,0,0,Murali Kishor Abburu,https://image.tmdb.org/t/p/w500/rAHQviBq8Fxi20hNtHPGLnr4L0f.jpg,,156,23.3136
1538273,ப்யார் ப்ரேமா கல்யாணம்,2026-08-21,Romance,0.0,0,0,0,Elan,https://image.tmdb.org/t/p/w500/AjaNAeMXOrK9n0YqGqX0Lz5qxYu.jpg,,0,23.3129
597528,All Wives Party,2004-02-04,Romance,3.667,3,0,0,Cezar Capone,https://image.tmdb.org/t/p/w500/oHSwt62cpDQEtyyIPfn4IzTNs5d.jpg,,88,23.2873
578,Tubarão,1975-06-20,Terror,7.684,11755,7000000,470653000,Steven Spielberg,https://image.tmdb.org/t/p/w500/iD2XVowFgHngYGamCAdq2T44gMr.jpg,"Um terrível ataque a banhistas é o sinal de que a praia da pequena cidade de Amity virou refeitório de um gigantesco tubarão branco, que começa a se alimentar dos turistas. Embora o prefeito queira esconder os fatos da mídia, o xerife local pede ajuda a um ictiologista e a um pescador veterano para caçar o animal. Mas a missão vai ser mais complicada do que eles imaginavam.",124,23.2682
62,2001: Uma Odisséia no Espaço,1968-04-02,Ficção científica,8.047,12837,12000000,71923560,Stanley Kubrick,https://image.tmdb.org/t/p/w500/pVCmLuATJ0lQs4Vx1zUJUN0if2A.jpg,"Desde a “Aurora do Homem” (a pré-história), um misterioso monólito negro parece emitir sinais de outra civilização, assim interferindo no nosso planeta. Quatro milhões de anos depois, no século XXI, uma equipe de astronautas liderados pelo experiente David Bowman e Frank Poole é enviada ao planeta Júpiter para investigar o enigmático monólito na nave Discovery, totalmente controlada pelo computador HAL-9000. Entretanto, no meio da viagem, HAL-9000 entra em pane e tenta assumir o controle da nave, eliminando um a um os tripulantes.",148,23.2332
1631506,La ahorcada,2026-04-22,Terror,5.556,45,0,0,Miguel Ángel Lamata,https://image.tmdb.org/t/p/w500/nJG3aJsul9dgiN5j8BtCNU6I9QV.jpg,,91,23.1929
508947,Red: Crescer é Uma Fera,2022-03-10,Animação,7.329,6002,175000000,21813358,Domee Shi,https://image.tmdb.org/t/p/w500/aJ1uPESSu9zIpmvwCstJalXDeVg.jpg,"Mei, de treze anos, está experimentando a estranheza de ser uma adolescente com uma reviravolta – quando ela fica muito animada, ela se transforma em um panda vermelho gigante.",100,23.1461
333339,Jogador N° 1,2018-03-28,Aventura,7.588,17254,175000000,607274134,Steven Spielberg,https://image.tmdb.org/t/p/w500/sN46sgCsWqwgHMu4mEtKJ19knVr.jpg,"Num futuro distópico, situado em 2044, Wade Watts, como o resto da humanidade, prefere a realidade virtual do jogo OASIS ao mundo real. No jogo, seus usuários devem descobrir a chave de um quebra-cabeça diabólico, baseado na cultura do final do século XX, para conquistar um prêmio de valor inestimável. Para vencê-lo, porém, Watts terá de abandonar a existência virtual e ceder a uma vida de amor e realidade da qual sempre tentou fugir.",140,23.0867
1175942,Os Caras Malvados 2,2025-07-24,Família,7.615,877,80000000,239676236,Pierre Perifel,https://image.tmdb.org/t/p/w500/dbpNAldCtWjotI4vEiphPrz8DJh.jpg,"Os agora reformados Bad Guys estão tentando (muito, muito mesmo) ser bons, mas em vez disso se veem sequestrados para um assalto de alto risco e alcance mundial, arquitetado por uma nova equipe de criminosos que eles nunca imaginaram: as Bad Girls.",104,23.0742
566525,Shang-Chi e a Lenda dos Dez Anéis,2021-09-01,Ação,7.487,10624,150000000,432243292,Destin Daniel Cretton,https://image.tmdb.org/t/p/w500/d3wNegI8XJF8Kto6KhlqPicBRAp.jpg,"Shang-Chi precisa confrontar o passado que pensou ter deixado para trás. Ao mesmo tempo, ele é envolvido em uma teia de mistérios da organização conhecida como Dez Anéis.",132,23.0535
2105,American Pie: A Primeira Vez é Inesquecível,1999-07-09,Comédia,6.617,8483,11000000,235483004,Paul Weitz,https://image.tmdb.org/t/p/w500/4GxuPJxUcArRpfBGJL6BG3B4Cb9.jpg,"Jim Kevin, Oz e Finch são quatro amigos às vésperas do baile de formatura de escola. Entre tentativas frustradas de fazer sexo com as namoradas, vigiar garotas nuas pela Internet e até atacar uma torta recém-saída do forno, os rapazes fazem um pacto: deixar a virgindade para trás antes do baile de formatura. Começam, então, as investidas mais hilariantes em busca de sexo e, principalmente, mulheres.",95,23.0308
762509,Mufasa: O Rei Leão,2024-12-18,Aventura,7.293,2743,200000000,722631756,Barry Jenkins,https://image.tmdb.org/t/p/w500/iMVuv6Gz5fj7vZ51IjRF3AiW87y.jpg,"Acompanhe a história épica da ascensão improvável do amado rei das Terras do Reino. Órfão e sozinho, Mufasa se perde até encontrar Taka, herdeiro de uma linhagem real. Isso dá início a uma jornada épica que testa os laços entre os dois enquanto enfrentam um inimigo mortal.",118,23.0307
269149,Zootopia: Essa Cidade é o Bicho,2016-02-11,Animação,7.765,18407,150000000,1025521689,Byron Howard,https://image.tmdb.org/t/p/w500/27Ko4be7CeFmq2hVN7lp7TWG1sd.jpg,"Em uma cidade de animais antropomórficos, uma raposa fugitiva vigarista e um coelho policial recruta precisam trabalhar juntos para desvendar uma conspiração.",108,23.0136
1202033,Enola Holmes 3,2026-06-30,Aventura,6.81,617,0,0,Philip Barantini,https://image.tmdb.org/t/p/w500/dxqsd2iYZGzZafGxFWbHaDFACMp.jpg,"Em busca de aventura, a detetive Enola Holmes vai a Malta, mas o desaparecimento de Sherlock atrapalha seus planos e ela se vê envolvida em um caso desafiador.",109,23.0124
614945,Mensagens para Isabelle,2026-06-20,Romance,8.338,794,0,0,Leah McKendrick,https://image.tmdb.org/t/p/w500/nf7N5j407xPTOEPG0feJJbKFNRd.jpg,"As mensagens de voz sinceronas de uma jovem para a irmã falecida acabam sendo enviadas para um estranho, que começa a se apaixonar por ela mesmo de longe.",119,22.9608
337167,Cinquenta Tons de Liberdade,2018-01-17,Drama,6.669,8414,55000000,371985018,James Foley,https://image.tmdb.org/t/p/w500/xnaSOAq3oaAbMrsgFe9LWYGE7eP.jpg,"Superados os principais problemas, Anastasia e Christian agora têm amor, intimidade, dinheiro, sexo, relacionamento estável e um promissor futuro. A vida, no entanto, ainda reserva surpresas para os dois e fantasmas do passado como Jack Hyde e Elena Lincoln voltam a impedir a paz do casal.",101,22.9469
552524,Lilo & Stitch,2025-05-17,Família,7.185,2249,100000000,1038027526,Dean Fleischer Camp,https://image.tmdb.org/t/p/w500/m58Oxr3OZZbP2kTX2tj8TiAMLSv.jpg,"Stitch, um alienígena, chega ao planeta Terra após fugir de sua prisão e tenta se passar por um cachorro para se camuflar. As coisas mudam quando Lilo, uma travessa menina, o adota de um abrigo de animais. Juntos, eles aprendem os valores da amizade e família.",108,22.8178
1072790,Todos Menos Você,2023-12-21,Romance,6.752,3183,25000000,214891370,Will Gluck,https://image.tmdb.org/t/p/w500/iKOEAPkb5EyCPmAgByYNeAoG5uc.jpg,"Bea e Ben parecem o casal perfeito, mas depois de um primeiro encontro incrível, algo acontece que transforma sua atração ardente em gelo - até que eles se encontram inesperadamente juntos em um casamento na Austrália.  Então eles fazem o que dois adultos maduros fariam: fingem ser um casal.",104,22.7956
383498,Deadpool 2,2018-05-15,Ação,7.489,19524,110000000,785896632,David Leitch,https://image.tmdb.org/t/p/w500/rDRIx1J63HVXUkjWTf4RUiNOa3D.jpg,"Quando o super soldado Cable chega em uma missão para assassinar o jovem mutante Russel, o mercenário Deadpool precisa aprender o que é ser herói de verdade para salvá-lo. Para isso, ele recruta seu velho amigo Colossus e forma o novo grupo X-Force, sempre com o apoio do fiel escudeiro Dopinder.",134,22.7951
87101,O Exterminador do Futuro: Gênesis,2015-06-23,Ficção científica,5.959,9119,155000000,440603537,Alan Taylor,https://image.tmdb.org/t/p/w500/xmFGm5Earx8OOYEbgE3iuiNmQpu.jpg,"John Connor, líder da resistência humana contra Skynet, envia Kyle Reese de volta a 1984 para proteger sua mãe, Sarah. Porém, Reese se surpreende ao encontrá-la com um exterminador que age como seu protetor, e descobre que o passado foi alterado.",126,22.7655
1381027,Bom Garoto,2026-03-06,Thriller,7.25,232,0,0,Jan Komasa,https://image.tmdb.org/t/p/w500/hXVVZbIRikyXGhnAcIjXWvYZIOI.jpg,"Um criminoso de 19 anos, Tommy, é sequestrado e forçado a se reabilitar por um casal disfuncional, Chris e Kathryn, que tentam transformá-lo em um ""bom garoto"". Tommy deve encontrar uma maneira de escapar.",110,22.6993
12153,As Branquelas,2004-06-23,Comédia,6.96,4689,37000000,113100000,Keenen Ivory Wayans,https://image.tmdb.org/t/p/w500/aJZOcorpgloDLkPP6ED0t9sXjNu.jpg,O que acontece quando dois atrapalhados agentes do FBI se disfarçam de princesas mega-ricas para se infiltrarem na alta sociedade? O resultado é situações extremamente engraçadas e diversão total ao ver estes dois irmãos azarados transformando-se em duas senhoritas refinadas e com estilo!,114,22.6962
101,O Profissional,1994-09-14,Crime,8.293,16371,16000000,20330788,Luc Besson,https://image.tmdb.org/t/p/w500/lNyuX5XibtzRImuhACGy42jHXIs.jpg,"Mathilda tem apenas 12 anos de idade mas já conhece o lado obscuro da vida: seu pai abusivo guarda drogas para policiais corruptos e a mãe a negligencia. O vizinho Léon gosta de cuidar de plantas, mas é um assassino de aluguel para o gângster Tony. Quando sua família é assassinada por um agente antidrogas desonesto, Mathilda se une a um relutante Léon para aprender o negócio mortal e vingar a morte da família.",111,22.6946
363088,Homem-Formiga e a Vespa,2018-07-04,Ação,6.898,14400,140000000,622674139,Peyton Reed,https://image.tmdb.org/t/p/w500/5BKRuGVxx8qsB7WGSJ0oWRCHsgN.jpg,"Scott Lang lida com as consequências de suas escolhas tanto como super-herói quanto como pai. Enquanto tenta reequilibrar sua vida com suas responsabilidades como o Homem-Formiga, ele é confrontado por Hope van Dyne e Dr. Hank Pym com uma nova missão urgente. Scott deve mais uma vez vestir o uniforme e aprender a lutar ao lado da Vespa, trabalhando em conjunto para descobrir segredos do passado.",118,22.6808
1064028,Alice: Subservience,2024-08-15,Terror,6.638,1074,4400000,262793,SK Dale,https://image.tmdb.org/t/p/w500/6EO0cjZt2vzAOmuDJZGED6GQmi4.jpg,"Um pai de família compra uma robô com inteligência artificial para auxiliar nos afazeres domésticos. No entanto, todos seus planos mudam quando a ferramenta acaba adquirindo consciência, com consequências devastadoras.",105,22.6694
698687,Transformers: O Início,2024-09-11,Animação,7.977,1727,75000000,129408392,Josh Cooley,https://image.tmdb.org/t/p/w500/9yPuNAZQd5m5iKpQV2MDAfcwW9N.jpg,Veja a história não contada da origem de Optimus Prime e Megatron e descubra como estes dois companheiros de luta se tornaram inimigos mortais e mudaram para sempre o destino de Cybertron.,104,22.6518
228794,Vizio e provocazione,1995-12-15,Drama,5.4,24,0,0,Joe D'Amato,https://image.tmdb.org/t/p/w500/zthAXgufaVB7go6yTOME1pj2xkb.jpg,,87,22.5717
1151031,Faça Ela Voltar,2025-05-19,Terror,7.331,1860,15000000,39410222,Michael Philippou,https://image.tmdb.org/t/p/w500/xfmnUz6C5WRboIMQZD0j3SNDT7v.jpg,"Dois meios-irmãos, Andy e Piper, têm suas vidas viradas de cabeça para baixo após encontrarem o pai morto no banheiro, o que os leva a um lar adotivo. Eles são alocados para a casa de Laura, uma conselheira pedagógica excêntrica que se torna sua nova guardiã, e que também adota um jovem mudo chamado Oliver. Longe da cidade grande, o imóvel onde os irmãos passam a viver esconde segredos sinistros. A descoberta de um ritual aterrorizante nesse local ameaça destruir para sempre o vínculo entre Andy e Piper, transformando a relação fraterna em uma dor profunda.",114,22.4547
1306368,Dinheiro Suspeito,2026-01-13,Ação,7.088,1844,100000000,0,Joe Carnahan,https://image.tmdb.org/t/p/w500/bm04TGkE5ySrHbHlO6YloYZvs4P.jpg,"Quando uma equipe de policiais de Miami encontra milhões de dólares em um muquifo usado como esconderijo, a confiança fica abalada e todos viram suspeitos.",113,22.4474
181808,Star Wars: Os Últimos Jedi,2017-12-13,Aventura,6.743,16567,300000000,1334407706,Rian Johnson,https://image.tmdb.org/t/p/w500/5dGufuaIG5vNcxPm8QPij5MSPeQ.jpg,"A tranquila e solitária vida de Luke Skywalker sofre uma reviravolta quando ele conhece Rey, uma jovem que mostra fortes sinais da Força. O desejo dela de aprender o estilo dos Jedi força Luke a tomar uma decisão que mudará sua vida para sempre. Enquanto isso, Kylo Ren e o General Hux lideram a Primeira Ordem para um ataque total contra Leia e a Resistência pela supremacia da galáxia.",150,22.4101
269955,Perigosa Obsessão,2014-05-14,Drama,6.7,82,0,0,김대우,https://image.tmdb.org/t/p/w500/47PJFu8BBZLMCPzwT2BYSwoKFO9.jpg,"No verão de 1969, o Coronel Jin Pyeong, preso em um casamento sem amor com Soo Jin, e Jong Ga Heun, a esposa sino-coreana do Capitão Kyung Woo Jin, têm um caso secreto e apaixonado.",132,22.3821
14160,Up: Altas Aventuras,2009-05-28,Animação,7.961,21970,175000000,735103954,Pete Docter,https://image.tmdb.org/t/p/w500/oo5gvGDIiPwbXc3R0snZIuOc517.jpg,"Carl Fredricksen é um vendedor de balões que, aos 78 anos, está prestes a perder a casa em que sempre viveu com sua esposa, a falecida Ellie. Após um incidente, Carl é considerado uma ameaça pública e forçado a ser internado. Para evitar que isto aconteça, ele põe balões em sua casa, fazendo com que ela levante voo. Carl quer viajar para uma floresta na América do Sul, onde ele e Ellie sempre desejaram morar, mas descobre que um problema embarcou junto: Russell, um menino de 8 anos.",96,22.3459
1234731,Anaconda,2025-12-24,Aventura,5.8,1388,45000000,135148320,Tom Gormican,https://image.tmdb.org/t/p/w500/hRzpf8QELtzJnMt4SiDoFUmZ9KM.jpg,"Uma crise de meia-idade inspira Doug e Griff a irem até a floresta amazônica para refazer o filme favorito da juventude, mas tudo muda quando uma anaconda gigante de verdade aparece, transformando o cenário comicamente caótico em uma situação mortal. O filme que eles estão morrendo de vontade de fazer? Pode acabar matando-os.",105,22.3331
1002398,Donselya,2024-10-29,Drama,6.3,27,0,0,Christopher Novabos,https://image.tmdb.org/t/p/w500/iVS3ZiPsKy8Hhc5Dipqgrjmoj2b.jpg,,99,22.3
111,Scarface,1983-12-09,Ação,8.153,13308,25000000,66023329,Brian De Palma,https://image.tmdb.org/t/p/w500/b089YkBDJjOGDQxXkOXBR06Lz2Y.jpg,"Após receber residência permanente nos EUA em troca do assassinato de um oficial do governo cubano, Tony Montana se torna chefe do tráfico de drogas em Miami. A pressão da polícia, as guerras com cartéis colombianos e sua própria paranoia servem para alimentar as chamas de sua eventual queda.",166,22.2953
980477,Ne Zha 2: O Renascer da Alma,2025-01-29,Animação,8.153,799,80000000,2259822417,饺子,https://image.tmdb.org/t/p/w500/wJnb4ikygiVuYLuvj4b4Jpvudn1.jpg,"Após uma grande catástrofe, as almas de Ne Zha e Ao Bing são salvas, mas seus corpos enfrentam a ruína. Para lhes dar uma nova vida, Taiyi Zhenren recorre à mística lótus de sete cores em uma ousada tentativa de reconstruí-los e mudar seus destinos.",144,22.2709
38365,Gente Grande,2010-06-24,Comédia,6.432,6824,80000000,271457606,Dennis Dugan,https://image.tmdb.org/t/p/w500/ppU2xJnlKdW3F01AtC9wMuXRZCg.jpg,"A morte do treinador de basquete da infância de velhos amigos os reúne no mesmo lugar que celebraram um campeonato anos atrás. Os amigos, acompanhados de suas esposas e filhos, descobrem que idade não significa o mesmo que maturidade.",102,22.2672
77,Amnésia,2000-10-11,Mistério,8.174,16596,9000000,40060108,Christopher Nolan,https://image.tmdb.org/t/p/w500/7leBWM27Q0TUnvmhw6WnFNgGn4G.jpg,"Leonard está caçando o homem que estuprou e matou sua esposa. Ele tem dificuldades em encontrar o assassino pois sofre de uma forma intratável de perda de memória. Mesmo que ele possa lembrar detalhes da vida antes do acidente, Leonard não consegue lembrar o que aconteceu quinze minutos atrás, onde está indo ou a razão.",113,22.1578
694,O Iluminado,1980-05-23,Terror,8.201,19231,19000000,50312025,Stanley Kubrick,https://image.tmdb.org/t/p/w500/47BdQqDWnj3VIzpH9bd2agho2PN.jpg,"Durante o inverno, um homem é contratado para ficar como vigia em um hotel no Colorado e vai para lá com a esposa e seu filho. Porém, o contínuo isolamento começa a lhe causar problemas mentais sérios e ele vai se tornado cada vez mais agressivo e perigoso, ao mesmo tempo que seu filho passa a ter visões de acontecimentos ocorridos no passado, que também foram causados pelo isolamento excessivo.",146,21.9836
320288,X-Men: Fênix Negra,2019-06-05,Ficção científica,5.963,7213,200000000,252442974,Simon Kinberg,https://image.tmdb.org/t/p/w500/w4mvEKtjawXdYaq1bORuodLX6ti.jpg,"Ambientado em 1992, Charles Xavier está lidando com o fato dos mutantes serem considerados heróis nacionais. Com o orgulho a flor da pele, ele envia sua equipe para perigosas missões, mas a primeira tarefa dos X-Men no espaço gera uma explosão solar, que acende uma força malévola e faminta por poder dentro de Jean Grey.",114,21.9487
562,Duro de Matar,1988-07-15,Ação,7.815,12517,28000000,140767956,John McTiernan,https://image.tmdb.org/t/p/w500/2PD0HHoyVVAEUhep9JhlKtgyl8m.jpg,"O policial de Nova York John McClane está visitando sua família no Natal. Ele participa de uma confraternização de fim de ano na sede da empresa japonesa em que a esposa trabalha. A festa é interrompida por terroristas que invadem o edifício de luxo. McClane não demora a perceber que não há ninguém para salvá-los, a não ser ele próprio.",132,21.7794
447273,Branca de Neve,2025-03-19,Família,4.275,1710,271600000,205679463,Marc Webb,https://image.tmdb.org/t/p/w500/mVCNoUc3d1XRAtxwhTdsTyhnnRO.jpg,"Quando a Rainha Má manda matarem sua enteada por inveja de sua beleza, Branca de Neve foge do reino. Ela percorre a floresta e acha uma casinha onde vivem sete anões amigáveis com quem passa viver. Porém, a moça ainda não está a salvo, já que a bruxa planeja dar um fim a sua vida com uma maçã envenenada.",109,21.7469
286217,Perdido em Marte,2015-09-30,Ficção científica,7.706,21655,108000000,631058917,Ridley Scott,https://image.tmdb.org/t/p/w500/fG3S4zdgnsaF77tJGK3rA9tHBu4.jpg,"O astronauta Mark Watney é enviado a uma missão em Marte. Após uma severa tempestade ele é dado como morto, abandonado pelos colegas e acorda sozinho no misterioso planeta com escassos suprimentos, sem saber como reencontrar os companheiros ou retornar à Terra.",141,21.6886
85,Indiana Jones e os Caçadores da Arca Perdida,1981-06-12,Aventura,7.926,13873,18000000,389925971,Steven Spielberg,https://image.tmdb.org/t/p/w500/mtf7iKZRdsL6qbbCnd2TAxOfJYg.jpg,"Em 1936, o professor e arqueólogo Indiana Jones é contratado pelo governo para encontrar a Arca da Aliança, que segundo as escrituras bíblicas conteria ""Os Dez Mandamentos"" que Deus revelou a Moisés no Monte Horeb. Mas como a lenda diz que o exército que a possuir será invencível, Indiana Jones terá um adversário de peso na busca pela arca perdida: o regime nazista de Adolf Hitler.",115,21.6737
701387,Bugonia,2025-10-23,Ficção científica,7.303,2266,55000000,43500000,Γιώργος Λάνθιμος,https://image.tmdb.org/t/p/w500/6OeJbx1QGDwrlL8SPZeLKjLhhA7.jpg,"Dois jovens obcecados por teorias da conspiração sequestram a poderosa CEO de uma grande empresa, convencidos de que ela é uma alienígena com a intenção de destruir o planeta Terra.",118,21.6666
49013,Carros 2,2011-06-11,Animação,6.188,8623,200000000,559852396,John Lasseter,https://image.tmdb.org/t/p/w500/fIKaabvE40T39nOIngcZPcPJeYe.jpg,"O astro das corridas, Relâmpago McQueen, e o carro-guincho, Mate, viajam para disputar o primeiro Grand Prix Mundial, que irá revelar o carro mais veloz do planeta. Nessa jornada imperdível, Mate se envolve com um grupo de espionagem e vive grandes aventuras com seus amigos.",106,21.6414
9806,Os Incríveis,2004-10-27,Ação,7.728,19167,92000000,631442092,Brad Bird,https://image.tmdb.org/t/p/w500/z8k5EhZZTLsCRF8NWjSe6snWNZg.jpg,"Beto Pêra e sua mulher Helena estavam entre os maiores super-heróis do mundo, salvando inúmeras vidas e combatendo o mal diariamente. Quinze anos depois, eles foram forçados a adotar novas identidades e a mudar-se para o subúrbio, onde vivem como cidadãos comuns com seus três filhos, Violeta, Flecha e Zezé. Louco para voltar à ação, Beto tem a sua chance quando uma misteriosa ligação o intima a comparecer a uma ilha distante para receber uma missão ultra-secreta. Ele logo descobre que só uma família inteira de super-heróis será capaz de salvar o mundo e impedir sua total destruição.",115,21.5861
1279493,O Último Grande Assalto,2026-06-18,Ação,6.3,56,0,0,Derrick Borte,https://image.tmdb.org/t/p/w500/keU6EsXrkcc1uAEsEt1pI8keSsO.jpg,"Manco Kapak, dono de um clube, é assaltado e enfrenta ameaças dos cartéis. Seu sonho de vender o clube e se aposentar com a namorada está em risco. Um estranho finge estar interessado em comprar o clube, o que torna tudo mais complicado.",111,21.4825
91586,Sobrenatural: Capítulo 2,2013-09-12,Terror,6.688,4677,5000000,161921515,James Wan,https://image.tmdb.org/t/p/w500/9NyTTmE6H1qUcmx4bNxF6R8CTil.jpg,"Renai e Josh Lambert estão prontos para suas vidas voltarem ao normal, mas não sabem que Josh está possuído. A fim de derrotar as forças malévolas em torno deles, Lorraine Lambert e seus amigos investigam o passado para salvar o futuro da família.",106,21.4715
526024,Memórias de um acontecido,2017-05-31,Drama,4.8,20,0,0,Leopoldo Laborde,https://image.tmdb.org/t/p/w500/bXZkCHFDq7HsaHili2hEn2POITw.jpg,"Dois jovens passam a noite juntos depois de conhecerem a noite anterior em um famoso clube gay. No dia seguinte, no entanto, o anfitrião acorda e encontra o garoto que ele pegou confuso e confuso, incapaz de lembrar seu nome ou qualquer coisa sobre seu passado. Sem qualquer tipo de identificação ou pistas óbvias, os meninos começam a procurar a verdade entre fragmentos de memórias que podem ou não ser confiáveis. Um suspense homoerótico arrepiante, BOY UNDONE é o filme de guerrilha queer mais intenso.",116,21.4408
135397,Jurassic World: O Mundo dos Dinossauros,2015-06-06,Aventura,6.703,21821,150000000,1671537444,Colin Trevorrow,https://image.tmdb.org/t/p/w500/mTRLIP4J4iJrVbJplKiaGnc3G93.jpg,"Vinte e dois anos depois dos acontecimentos em Jurassic Park, a Isla Nublar foi transformada num enorme parque temático bem sucedido, o Jurassic Wold, com versões “domesticadas” de alguns dos dinossauros mais conhecidos. Quando tudo parece correr bem e ser o negócio do século, um novo dinossauro de espécie desconhecida, por ter sido criado através da manipulação genética de seu DNA, e que se revela muito mais inteligente do que se pensava, escapa de seu confinamento e começa a causar estragos entre os visitantes do Parque.",125,21.4318
1236153,Justiça Artificial,2026-01-19,Ficção científica,7.078,1602,60000000,54708061,Тимур Бекмамбетов,https://image.tmdb.org/t/p/w500/vI7bNC07BaSEvZ9ATzV57wpAYwQ.jpg,"Em um futuro próximo, um detetive é acusado de assassinar a própria esposa. Ele tem 90 minutos para provar sua inocência à avançada justiça de Inteligência Artificial que ele mesmo ajudou a implementar.",100,21.3948
572802,Aquaman 2: O Reino Perdido,2023-12-20,Ação,6.507,3618,205000000,440181226,James Wan,https://image.tmdb.org/t/p/w500/2Mys5JCHhUH6DE9YxLFFZaCsOHu.jpg,"Agora mais temível do que nunca, Arraia Negra detém o poder do mítico Tridente Preto e sua ancestral força malévola. Para derrotá-lo, Aquaman recorrerá a seu irmão Orm, o ex-Rei da Atlântida, ainda na prisão, para forjar uma aliança improvável. Juntos, eles vão ter que deixar de lado suas diferenças para proteger seu reino, salvar a família de Aquaman e o mundo da irreversível destruição.",124,21.3843
329865,A Chegada,2016-11-10,Drama,7.6,19717,47000000,203388186,Denis Villeneuve,https://image.tmdb.org/t/p/w500/3rDwbFpn6z5HJUgDjpfhEePx8VI.jpg,"Quando seres interplanetários deixam marcas na Terra, a Dra. Louise Banks, uma linguista especialista no assunto, é procurada por militares para traduzir os sinais e desvendar se os alienígenas representam uma ameaça. No entanto, a resposta para todas as perguntas e mistérios coloca em risco  a vida de Louise e a de toda a humanidade.",116,21.3557
77338,Intocáveis,2011-11-02,Drama,8.271,18698,13000000,426590315,Olivier Nakache,https://image.tmdb.org/t/p/w500/2tAzFC2xUAXEx96l5Xixb6WLAyO.jpg,"Quando um ex-presidiário é contratado para cuidar de um aristocrata francês, seu novo trabalho se torna uma aventura imprevisível. Acelerar uma Maserati em Paris, seduzir mulheres, e fazer parapente sobre os Alpes é apenas o começo, pois ele vira o mundo da classe alta de Paris de cabeça para baixo.",112,21.3402
744,Top Gun - Ases Indomáveis,1986-05-16,Ação,7.071,9798,15000000,356830601,Tony Scott,https://image.tmdb.org/t/p/w500/dDrMtnVgtDeecIgNchb9F8JcO5w.jpg,"A escola naval de pilotos é onde o melhor dos melhores treinam para refinar suas habilidades de voo de elite. Quando o piloto Maverick é enviado para a escola, sua atitude irresponsável e comportamento arrogante o colocam em desacordo com os outros pilotos, especialmente Iceman. Porém Maverick não está apenas competindo para ser o piloto superior de caça, ele também está lutando pela atenção de sua bonita instrutora de voo, Charlotte Blackwood.",109,21.3089
519182,Meu Malvado Favorito 4,2024-06-20,Animação,6.974,3326,100000000,972021410,Chris Renaud,https://image.tmdb.org/t/p/w500/s8BefU3RIJrfipTpsDtOiatlp8j.jpg,"Nesta sequência, o vilão mais amado do planeta retorna e agora Gru, Lucy, Margo, Edith e Agnes dão as boas-vindas a um novo membro da família: Gru Jr., que pretende atormentar seu pai. Enquanto se adapta com o pequeno, Gru enfrenta um novo inimigo, Maxime Le Mal, forçando sua namorada Valentina e a família a fugir do perigo.",94,21.2685
679,Aliens: O Resgate,1986-07-18,Ação,7.965,11072,18500000,183316455,James Cameron,https://image.tmdb.org/t/p/w500/dopA5H3VYKcTE1lDXkTwRx7uy2G.jpg,"Cinquenta e quatro anos após escapar da ""Nostromo"", a tenente Ripley é encontrada a flutuar, perdida no espaço, ainda adormecida. De volta ao nosso planeta, ela conta tudo o que lhe aconteceu, mas ninguém acredita realmente nela, ou lhe parece dar crédito, até que uma colônia de humanos, criada no planeta onde ela encontrou o primeiro Alienígena, deixa de emitir comunicações subitamente. Ela então é convocada para auxiliar uma expedição militar ao local, sendo a única aparentemente consciente de que o pesadelo está longe do fim.",154,21.2174
1101412,A Queda 2: No Limite,2026-09-02,Thriller,0.0,0,0,0,Michael Spierig,https://image.tmdb.org/t/p/w500/5MOFntnWffnC6HbLRJ2RLrGWtup.jpg,"Arrasada pela morte de sua irmã, Hunter, Jax se aproxima de Luce, a amiga destemida da jovem. Para superarem o luto, elas planejam escalar o Monte Kwan, na Tailândia. No entanto, após um deslizamento repentino deixá-las presas a 910 metros de altura, Jax precisará confrontar seus medos mais profundos e lutar pela sobrevivência para encontrar uma saída.",0,21.2036
272,Batman Begins,2005-06-10,Drama,7.729,22994,150000000,374218673,Christopher Nolan,https://image.tmdb.org/t/p/w500/7EyhcdfiLtH0xa6CZkyYuoWL2GJ.jpg,"Marcado pelo assassinato de seus pais quando ainda era criança, o milionário Bruce Wayne decide viajar pelo mundo em busca de encontrar meios que lhe permitam combater a injustiça e provocar medo em seus adversários. Após retornar a Gotham City, sua cidade-natal, ele idealiza seu alter-ego: Batman, um justiceiro mascarado que usa força, inteligência e um arsenal tecnológico para combater o crime.",140,21.2015
391312,喪服の女　崩れる,2001-09-28,Drama,4.5,6,0,0,Daisuke Gotô,https://image.tmdb.org/t/p/w500/4cfd33evWkw8TPq95WkHeU82m8O.jpg,,60,21.1919
141052,Liga da Justiça,2017-11-15,Ação,6.071,13849,300000000,661326987,Zack Snyder,https://image.tmdb.org/t/p/w500/vQIwxoGxW46Skq5ipu0pBFKZTKd.jpg,"Impulsionado pela restauração de sua fé na humanidade e inspirado pelo ato altruísta do Superman, Bruce Wayne convoca sua nova aliada Diana Prince para o combate contra um inimigo ainda maior, recém-despertado. Juntos, Batman e Mulher-Maravilha buscam e recrutam com agilidade um time de meta-humanos, mas mesmo com a formação da liga de heróis sem precedentes, poderá ser tarde demais para salvar o planeta de um catastrófico ataque.",120,21.1264
285,Piratas do Caribe: No Fim do Mundo,2007-05-19,Aventura,7.277,15720,300000000,961691209,Gore Verbinski,https://image.tmdb.org/t/p/w500/j15lZasREutscon6e61LSSNJoN7.jpg,"Will Turner e Elizabeth Swann unem forças com o Capitão Barbossa para libertarem Jack Sparrow da prisão de Davy Jones. Enquanto isso, a tripulação do barco fantasma O Holandês Voador causa estragos nos Sete Mares. Os amigos devem navegar através de águas perigosas para enfrentarem o pirata chinês São Feng e, finalmente, eles devem escolher em que lado ficar na batalha, pois a vida do pirata está em jogo.",169,21.0994
313369,La La Land: Cantando Estações,2016-12-01,Comédia,7.895,18361,30000000,509183536,Damien Chazelle,https://image.tmdb.org/t/p/w500/AvMietG6xuobpSSdmVnKuTjv4bL.jpg,"O pianista Sebastian conhece a atriz Mia, e os dois se apaixonam perdidamente. Em busca de oportunidades para suas carreiras na competitiva Los Angeles, os jovens tentam fazer o relacionamento amoroso dar certo, enquanto perseguem fama e sucesso.",128,21.0534
1479832,டிசி,2026-08-07,Romance,8.0,12,0,0,Arun Matheswaran,https://image.tmdb.org/t/p/w500/cm1uBPBUDfSIZXhWxsp1zzlKnf.jpg,,142,21.05
381284,Estrelas Além do Tempo,2016-12-10,Drama,8.046,10588,25000000,235957472,Theodore Melfi,https://image.tmdb.org/t/p/w500/6A1Jn0tooQYgi2C8sNz5OaIW98C.jpg,"Ano 1961, em plena Guerra Fria, Estados Unidos e União Soviética disputam a supremacia na corrida espacial ao mesmo tempo em que a sociedade norte-americana lida com uma profunda cisão racial, entre brancos e negros. Tal situação é refletida também na NASA, onde um grupo de funcionárias negras é obrigada a trabalhar a parte. É lá que estão Katherine Johnson, Dorothy Vaughn e Mary Jackson, grandes amigas que, além de provar sua competência dia após dia, precisam lidar com o preconceito arraigado para que consigam ascender na hierarquia da NASA.",127,20.9761
429,Três Homens em Conflito,1966-12-23,Faroeste,8.466,9855,1200000,38900000,Sergio Leone,https://image.tmdb.org/t/p/w500/n1nYQ9EX83BrixhBC1HIezzYu9O.jpg,"Durante o auge da Guerra Civil, um misterioso pistoleiro vaga pela fronteira do oeste. Ele não possui um lar, lealdade ou companhia... Até que encontra dois estrangeiros, que são tão brutos e desapegados quanto ele. Unidos pelo destino, os três homens juntam suas forças para tentar encontrar uma fortuna em ouro roubado. Mas trabalho em equipe não é uma coisa natural para voluntariosos pistoleiros, e eles logo descobrem que seu maior desafio é concentrar-se em sua perigosa missão — e em manterem-se vivos — atravessando um país arrasado pela guerra.",163,20.9568
1891,Guerra nas Estrelas: O Império Contra-Ataca,1980-05-20,Aventura,8.392,18705,18000000,538400000,Irvin Kershner,https://image.tmdb.org/t/p/w500/dLGT8b4Ut10z44uYLaip4QiwKta.jpg,"As forças imperais comandadas por Darth Vader lançam um ataque contra os membros da resistência, que são obrigados a fugir. Enquanto isso Luke Skywalker tenta encontrar o Mestre Yoda, que poderá ensiná-lo a dominar a ""Força"" e torná-lo um cavaleiro jedi. No entanto, Darth Vader planeja levá-lo para o lado negro da ""Força"".",124,20.951
1156593,Sua Culpa,2024-12-26,Drama,7.09,1615,0,0,Domingo González,https://image.tmdb.org/t/p/w500/mdaODPyPbAwIeQwgBv7u8CMsxIl.jpg,"O amor entre Noah e Nick aparenta ser inabalável, apesar das tentativas de seus pais de separá-los. Mas o emprego dele, e a entrada dela na faculdade abrem suas vidas para novos relacionamentos. O retorno de uma ex-namorada vingativa e da mãe de Nick, com intenções obscuras, vão balançar não só o relacionamento deles, mas também de toda a família Leister. Quando tantas pessoas buscam destruir um relacionamento, será que ele consegue sobreviver?",117,20.9386
216919,Deseo,2013-09-13,Drama,6.546,271,0,0,Antonio Zavala Kugler,https://image.tmdb.org/t/p/w500/df6rkcD37S1RN34vHuA3dSs0uJp.jpg,,97,20.9369
156022,O Protetor,2014-09-24,Thriller,7.293,10120,55000000,192330738,Antoine Fuqua,https://image.tmdb.org/t/p/w500/xTSOdJ0Ljs439lnKB7NsWlTibZN.jpg,"O ex-agente secreto Robert McCall acredita que seu passado ficou para trás e tenta viver uma nova vida. Porém, quando ele conhece Teri, uma jovem que está em poder de uma quadrilha russa, ele simplesmente não consegue ignorá-la. Munido de suas extraordinárias habilidades, ele ressurge como um verdadeiro anjo vingador. Fora da aposentadoria e com um novo desejo de fazer justiça, McCall decide ajudar quem foi brutalizado e oprimido.",132,20.9247
823219,Flow,2024-08-29,Aventura,8.07,2994,3700000,17660107,Gints Zilbalodis,https://image.tmdb.org/t/p/w500/o16J2ezv2rITe0ubuQOBen1L2Hk.jpg,"Gato é um animal solitário, mas quando seu lar é destruído por uma grande inundação, ele encontra refúgio em um barco habitado por diversas espécies, tendo que se juntar a elas apesar das diferenças.",85,20.9026
1495,Cruzada,2005-05-03,Drama,7.079,5147,130000000,218366336,Ridley Scott,https://image.tmdb.org/t/p/w500/unb9egsteLvvcXaWpgeK0RUorcD.jpg,"Ainda em luto pela repentina morte de sua esposa, o ferreiro Balian junta-se ao seu distante pai, Baron Godfrey, nas cruzadas a caminho de Jerusalém. Após uma jornada muito difícil até à cidade santa, o jovem valente entra no séquito do rei leproso Balduíno IV, que deseja lutar contra os muçulmanos para seu próprio ganho político e pessoal.",144,20.8787
115,O Grande Lebowski,1998-03-06,Comédia,7.834,12393,15000000,47010480,Joel Coen,https://image.tmdb.org/t/p/w500/d1Qxhvg2l3f2ow1Q6WAkOTkIWv2.jpg,"Em Los Angeles, 1991, Jeff Lebowski, mais conhecido como ""O Cara"", é um desocupado que gasta o seu tempo ouvindo rock dos anos 1960 e jogando boliche. Mas sua vida vai mudar. Confundido com um milionário da Califórnia, ele se vê envolvido com bandidos da pesada, advogados atrapalhados, detetives, sequestradores e, como se não bastasse, com a polícia. Com sua vida ameaçada, Lebowski procura seu amigo Walter, um veterano da Guerra do Vietnã que irá ajudá-lo com seus métodos pouco ortodoxos.",117,20.8669
1087192,Como Treinar o Seu Dragão,2025-06-06,Fantasia,7.927,3047,150000000,636351148,Dean DeBlois,https://image.tmdb.org/t/p/w500/vdvEClt3J8sFWxyMo0Jm7JpouEo.jpg,"Na montanhosa Ilha de Berk, vikings e dragões são inimigos implacáveis há gerações, mas Soluço é diferente. Filho do Chefe Stoico, o Imenso, o criativo e subestimado Soluço desafia séculos de tradição ao fazer amizade com Banguela, um temido dragão Fúria da Noite. Essa relação improvável revela a verdadeira natureza dos dragões, abalando as bases da sociedade viking.",125,20.8552
1038392,Invocação do Mal 4: O Último Ritual,2025-09-03,Terror,6.941,2059,55000000,499256445,Michael Chaves,https://image.tmdb.org/t/p/w500/40nHGUfypLhlr7gJx8At1IbYkaK.jpg,"O casal de investigadores Ed e Lorraine Warren assume um novo caso de horror sobrenatural que os força a um confronto derradeiro. Para vencer esta batalha final contra as forças malignas, eles são obrigados a encarar seus medos mais profundos, colocando suas vidas em extremo risco.",136,20.8353
604,Matrix Reloaded,2003-05-15,Aventura,7.085,12198,150000000,738599701,Lilly Wachowski,https://image.tmdb.org/t/p/w500/ayZkaN2f3ASjWW8ooCfuJT3T8Va.jpg,"Após derrotar as máquinas em seu combate inicial, Neo ainda vive na Nabucodonosor ao lado de Morpheus, Trinity e Link, o novo tripulante da nave. As máquinas estão realizando uma grande ofensiva contra Zion, onde 250 mil delas escavam rumo à cidade e podem alcançá-la em poucos dias. A Nabucodonosor é convocada para retornar a Zion e participar da reunião que definirá o contra-ataque para salvar a humanidade da extinção. Entretanto, um recado enviado pelo Oráculo faz com que Neo retorne à Matrix.",138,20.8114
1204680,Coyote vs. ACME,2026-08-20,Comédia,0.0,0,72000000,0,Dave Green,https://image.tmdb.org/t/p/w500/fqnp3doSeUFLGUFIolHVPA41O4E.jpg,"Após décadas de falhas catastróficas com os produtos ACME em sua caçada ao Papa-Léguas, Wile E. Coyote decide que é hora de buscar justiça e processar a corporação. Ao lado de um advogado azarado, Coyote trava uma batalha jurídica épica contra o impiedoso CEO da companhia. Enquanto enfrentam o sistema, a dupla desenvolve uma amizade improvável e luta para provar que a culpa de tantos desastres nunca foi do instinto, mas sim de defeitos de fabricação.",100,20.8024
603692,John Wick 4: Baba Yaga,2023-03-21,Ação,7.711,8185,100000000,447316405,Chad Stahelski,https://image.tmdb.org/t/p/w500/rXTqhpkpj6E0YilQ49PK1SSqLhm.jpg,"Com o preço por sua cabeça cada vez maior, John Wick leva sua luta contra a alta mesa global enquanto procura os jogadores mais poderosos do submundo, de Nova York a Paris, de Osaka a Berlim.",169,20.7269
949536,Kill Code,2026-04-16,Ação,4.7,17,20000000,19426,Justin Price,https://image.tmdb.org/t/p/w500/bXvSKLCillha6wxY0yxoRCM2WQl.jpg,,87,20.7107
917496,Os Fantasmas Ainda se Divertem: Beetlejuice Beetlejuice,2024-09-04,Comédia,6.921,3251,99000000,452000435,Tim Burton,https://image.tmdb.org/t/p/w500/v33dHteDj03HLtAgUb9CFgA2to1.jpg,"Depois de uma tragédia familiar inesperada, três gerações da família Deetz voltam para casa em Winter River. Ainda assombrada por Beetlejuice, a vida de Lydia vira de cabeça para baixo quando sua filha adolescente rebelde, Astrid, descobre a misteriosa maquete da cidade no sótão, e o portal para a vida após a morte é acidentalmente aberto. Com problemas em ambos os reinos, é apenas uma questão de tempo até que alguém diga o nome de Beetlejuice três vezes, e o demônio travesso volte para levar ao mundo seu próprio estilo de caos.",105,20.6989
866398,Beekeeper: Rede de Vingança,2024-01-08,Ação,7.276,4453,35000000,162619535,David Ayer,https://image.tmdb.org/t/p/w500/raNfPn7DGbh1Ffwq4Y9BO1Iektv.jpg,"Clay está em busca de vingança e não vai parar até acabar com o sistema criminoso responsável pela morte de sua amiga. O plano brutal de Clay, um ex-agente de uma organização secreta poderosa conhecida como “Beekeepers”, ganha dimensões nacionais envolvendo governos e as instituições mais influentes do mundo. Determinado a fazer justiça com suas próprias mãos, ele está disposto a tudo e não vai poupar ninguém para concluir seu plano.",105,20.6847
10144,A Pequena Sereia,1989-11-17,Animação,7.353,8515,40000000,211343479,Ron Clements,https://image.tmdb.org/t/p/w500/5SLa56lfNinhVgqpMIHvsOKG775.jpg,"Ariel é a filha caçula do Rei Tritão, comandante dos sete mares, que está insatisfeita com sua vida. Ela deseja caminhar entre os humanos para conhecê-los melhor, mas sempre é proibida por seu pai, que considera os humanos como sendo ""bárbaros comedores de peixe"". Até que ela se apaixona por um jovem príncipe e, no intuito de conhecê-lo, resolve firmar um pacto com Úrsula, a bruxa do reino, que faz com que ela ganhe pernas e se torne uma verdadeira humana. Porém, Úrsula também tem seus planos e eles incluem a conquista do reino de Tritão.",83,20.6163
140607,Star Wars: O Despertar da Força,2015-12-15,Aventura,7.244,20791,245000000,2068223624,J.J. Abrams,https://image.tmdb.org/t/p/w500/lqMDbo4rXnakFgc4C6LzPv6pG7F.jpg,"A queda de Darth Vader e do Império levou ao surgimento de uma nova força sombria: a Primeira Ordem. Eles procuram o jedi Luke Skywalker, desaparecido. A resistência tenta desesperadamente encontrá-lo antes para salvar a galáxia.",136,20.5338
829557,365 Dias: Hoje,2022-04-26,Romance,5.949,1864,0,0,Barbara Białowąs,https://image.tmdb.org/t/p/w500/3104lH1U1XfUXo0ZLawnIjXS0NC.jpg,"Em 365 Dias: Hoje, após os acontecimentos de 365 Dias, Laura Biel se casa com Don Massimo, o chefe da máfia siciliana que a sequestrou. Sua vida parece um conto de fadas: ela tem um marido amoroso, uma casa linda e um bebê a caminho. Mas Massimo tem muitos inimigos, e eles sabem que a melhor maneira de lhe causar dor é ferir aqueles que ama. Depois de um mal-entendido conjugal, Laura e sua melhor amiga, Olga, fogem da Sicília para a Polônia natal. Mas sem a proteção do marido, Laura é sequestrada por Marcelo ""Nacho"" Matos, filho do chefe da máfia rival, e levada para as Ilhas Canárias pela máfia espanhola. Agora Massimo moverá qualquer montanha para resgatá-la. Mas o que o chefe da máfia siciliana não espera é que Laura começa a ter sentimentos pelo seu raptor, lindo e extremamente perigoso, enquanto é mantida refém.",110,20.5295
396535,Invasão Zumbi,2016-07-20,Ação,7.754,8614,8500000,87547518,Yeon Sang-ho,https://image.tmdb.org/t/p/w500/QqHtwk0oHYed26zra9WGQGyBSm.jpg,"A Coreia do Sul decreta estado de emergência após um vírus desconhecido tomar conta do país. Algumas pessoas tentam fugir de zumbis e ficam presas em um trem-bala que está a caminho de Busan, a única cidade que não foi afetada pelo vírus.",118,20.5271
1316092,O Morro dos Ventos Uivantes,2026-02-11,Romance,6.641,1280,80000000,241601072,Emerald Fennell,https://image.tmdb.org/t/p/w500/762vOiAWzosAH95sKLzUqYaAoHR.jpg,"O órfão Heathcliff é acolhido ainda criança pela família Earnshaw e apaixona-se pela pequena Catherine. O afeto, embora correspondido, transforma-se num amor impossível. Tal vínculo devastador é envolto por uma atmosfera sombria e um teor dramático e audaz.",134,20.5215
10020,A Bela e a Fera,1991-10-22,Romance,7.726,10829,25000000,424967620,Gary Trousdale,https://image.tmdb.org/t/p/w500/is4c02QuP70BCVLp27SSlDeByoe.jpg,"Em uma pequena aldeia da França vive Belle, uma jovem inteligente que é considerada estranha pelo moradores da localidade, e seu pai, Maurice, um inventor que é visto como um louco. Ela é cortejada por Gaston, que quer casar com ela. Mas apesar de todas as jovens do lugarejo o acharem um homem bonito, Belle não o suporta, pois vê nele uma pessoa primitiva e convencida. Quando o pai de Belle vai para uma feira demonstrar sua nova invenção, ele acaba se perdendo na floresta e é atacado por lobos. Desesperado, Maurice procura abrigo em um castelo, mas acaba se tornando prisioneiro da Fera, o senhor do castelo, que na verdade é um príncipe que foi amaldiçoado por uma feiticeira quando negou abrigo a ela.",110,20.4942
387810,뜨거운 이웃,2016-01-28,Drama,4.9,6,0,0,Lee Jun,https://image.tmdb.org/t/p/w500/9sbrwzKHMrwDqbjtwjzUGkwDS58.jpg,,65,20.4775
637649,Infiltrado,2021-04-22,Thriller,7.572,6235,40000000,103966489,Guy Ritchie,https://image.tmdb.org/t/p/w500/rNz8wy63GAabztAUkO4xMGk3upx.jpg,"Harry, conhecido apenas como H, é um homem misterioso que trabalha para uma empresa de carros-fortes e movimenta grandes quantias de dinheiro pela cidade de Los Angeles. Quando, ao impedir um assalto, ele surpreende a todos com suas habilidades de combate, suas verdadeiras intenções começam a ser questionadas e um plano maior é revelado.",119,20.4038
137051,Midnight Matinee,1988-10-12,Terror,5.4,7,0,0,Richard Martin,https://image.tmdb.org/t/p/w500/czam6wq46B9UCZvq85vicElckFq.jpg,,91,20.3988
425274,Truque de Mestre: O 3° Ato,2025-11-12,Crime,6.46,1755,90000000,243700000,Ruben Fleischer,https://image.tmdb.org/t/p/w500/xUddC5HTjMWmClD007QBWR0BLHY.jpg,"Os Quatro Cavaleiros estão de volta com uma nova geração de ilusionistas e uma trama cheia de reviravoltas, mágicas e surpresas, em um truque que envolve a joia mais valiosa do mundo.",112,20.3882
70981,Prometheus,2012-05-30,Ficção científica,6.606,13502,130000000,403354469,Ridley Scott,https://image.tmdb.org/t/p/w500/k1GZVllOORTiN0XTPdumt9CSAcc.jpg,"Uma equipe de cientistas embarca em uma jornada espacial para descobrir a verdade sobre a origem da raça humana. No planeta de destino, eles encontram criaturas poderosas e revelações assustadoras.",124,20.3875
181812,Star Wars: A Ascensão Skywalker,2019-12-18,Aventura,6.257,11041,489900000,1074144248,J.J. Abrams,https://image.tmdb.org/t/p/w500/uLlrDUtFG2tKtDcJN6kBznlqqsp.jpg,"Com o retorno do Imperador Palpatine, todos voltam a temer seu poder e, com isso, a Resistência toma a frente da batalha que ditará os rumos da galáxia. Treinando para ser uma completa Jedi, Rey ainda se encontra em conflito com seu passado e futuro, mas teme pelas respostas que pode conseguir a partir de sua complexa ligação com Kylo Ren, que também se encontra em conflito pela Força.",141,20.2882
1315303,O Primata,2026-01-01,Terror,6.492,827,21000000,41235665,Johannes Roberts,https://image.tmdb.org/t/p/w500/fJd3J9FwWTAI1EZsvaTHfZKKTPy.jpg,"A universitária Lucy vai passar férias em casa com a família e aproveita a ausência do pai para organizar uma festa na piscina. Durante o evento, seu chimpanzé de estimação surge irreconhecível e agressivo, contaminado com raiva, forçando o grupo a buscar algum jeito de escapar da fúria do animal.",89,20.2877
640,Prenda-Me se For Capaz,2002-12-16,Drama,7.978,17405,52000000,352114312,Steven Spielberg,https://image.tmdb.org/t/p/w500/pSaqcj3pwTKt34cyn6NrBE7V4eH.jpg,"Frank Abagnale Jr. já foi médico, advogado e co-piloto, tudo isso com apenas 18 anos. Mestre na arte do disfarce, ele aproveita suas habilidades para viver a vida como quer e praticar golpes milionários, que fazem com que se torne o ladrão de banco mais bem-sucedido da história dos Estados Unidos com apenas 17 anos. Mas em seu encalço está o agente do FBI Carl Hanratty, que usa todos os meios que tem ao seu dispor para encontrá-lo e capturá-lo.",141,20.2818
1734,O Retorno da Múmia,2001-05-04,Aventura,6.414,7846,98000000,443280904,Stephen Sommers,https://image.tmdb.org/t/p/w500/34X3xSSriMVdHHO9EEpe8thhDCC.jpg,"Rick e Evelyn O'Connell estão morando na Londres de 1935, onde criam o filho. Quando uma série de eventos revela o corpo de Imhotep ressuscitado, os O'Connell iniciam uma corrida desesperada para salvar o mundo do mal e resgatar o filho antes que seja tarde demais.",130,20.2784
1097549,Babygirl,2024-12-25,Romance,5.715,1268,20000000,60934894,Halina Reijn,https://image.tmdb.org/t/p/w500/47AmmkY5Vo4ODLueXUksEin0aWw.jpg,"Romy é uma executiva que conquistou seu posto como CEO com muita dedicação. O mesmo se aplica a sua família e o casamento com Jacob. Tudo o que construiu é posto à prova quando ela embarca em um caso tórrido e proibido com seu estagiário Samuel, que é muito mais jovem. A partir daí ela anda corda bamba de suas responsabilidades e, também, nas dinâmicas de poder que envolvem suas relações.",114,20.278
1003598,Vingadores: Guerras Secretas,2027-12-15,Ficção científica,0.0,0,0,0,Joe Russo,https://image.tmdb.org/t/p/w500/yEYe1GoYR5qnsTkJjlUPIpEfPl9.jpg,Futuro filme da fase 6 do Universo Cinematográfico Marvel (UCM) que marcará o final da Saga do Multiverso. Informações da história ainda não reveladas.,0,20.2688
786892,Furiosa: Uma Saga Mad Max,2024-05-22,Ação,7.442,5104,168000000,174287546,George Miller,https://image.tmdb.org/t/p/w500/7qOSKoOAPgemYhBwbJgBWcCxPWZ.jpg,"Quando o mundo entra em colapso, a jovem Furiosa é sequestrada do Green Place das Muitas Mães e cai nas mãos da horda de motoqueiros liderada pelo Senhor da Guerra Dementus. Vagando pelo deserto condenado, eles encontram a Cidadela controlada por Immortan Joe. Enquanto os dois tiranos lutam por poder e controle, Furiosa terá que sobreviver a muitos desafios para encontrar e trilhar o caminho de volta para casa.",148,20.2682
103,Taxi Driver: Motorista de Táxi,1976-02-09,Crime,8.123,13679,1900000,28579636,Martin Scorsese,https://image.tmdb.org/t/p/w500/hvJvOYRrF9xxvNzg2Jd9PYWu7c3.jpg,Veterano de guerra mentalmente instável trabalha como taxista em Nova York. Decadência e desprezo alimentam seu desejo de ação violenta.,114,20.2379
81774,A Iniciação,1986-11-04,Comédia,6.146,329,0,1300000,Gianfranco Mingozzi,https://image.tmdb.org/t/p/w500/jp8LYiQzEoUuMqu2lGSZZ1A4Nsf.jpg,O filme mostra a iniciação sexual de Roger um menino de 16 anos que passa férias em uma mansão cheia de mulheres.,95,20.2282
205596,O Jogo da Imitação,2014-11-14,História,7.982,18307,14000000,233555708,Morten Tyldum,https://image.tmdb.org/t/p/w500/pNa7vGKv04X2jnKifxLCTHPmWUT.jpg,"Em 1939, a recém-criada agência de inteligência britânica MI6 recruta Alan Turing, um aluno da Universidade de Cambridge, para entender códigos nazistas, incluindo o ""Enigma"", que criptógrafos acreditavam ser inquebrável. A equipe de Turing, incluindo Joan Clarke, analisa as mensagens de ""Enigma"", enquanto ele constrói uma máquina para decifrá-las.",113,20.1512
1011985,Kung Fu Panda 4,2024-03-02,Ação,7.002,3648,80000000,548040835,Mike Mitchell,https://image.tmdb.org/t/p/w500/aNK6MA5EApIo0UJE7ZWSYcZBJKy.jpg,"Po está prestes a se tornar o novo líder espiritual do Vale da Paz, mas antes que possa fazer isso, ele deve encontrar um sucessor para se tornar o novo Dragão Guerreiro.  Ele parece encontrar uma em Zhen, uma raposa com muitas habilidades promissoras, mas que não gosta muito da ideia de Po treiná-la.",94,20.1267
398818,Me Chame Pelo Seu Nome,2017-10-01,Romance,8.082,12900,3500000,43143046,Luca Guadagnino,https://image.tmdb.org/t/p/w500/qnf5Onsk236CdE5Lff93IX69gHf.jpg,"O sensível e único filho da família americana com ascendência italiana e francesa Perlman, Elio está enfrentando outro verão preguiçoso na casa de seus pais na bela e lânguida paisagem italiana quando Oliver, um acadêmico que veio ajudar a pesquisa de seu pai, chega.",132,19.9678
137113,No Limite do Amanhã,2014-05-27,Ação,7.642,15374,178000000,370541256,Doug Liman,https://image.tmdb.org/t/p/w500/ibubeKZuo4ZI2Zu2Dm2s0gmMvuk.jpg,"A Terra está dominada por alienígenas e o major Bill Cage, um relações públicas das Forças Armadas dos Estados Unidos, é obrigado a ir para a linha de frente. Inexplicavelmente, ele acaba preso em um ciclo do tempo, revivendo repetidamente sua última batalha. No entanto, quanto mais vezes ele luta, suas habilidades de guerreiro melhoram e ele fica mais perto de descobrir como derrotar o inimigo.",113,19.8934
667538,Transformers: O Despertar das Feras,2023-06-06,Ficção científica,7.165,5383,195000000,441381193,Steven Caple Jr.,https://image.tmdb.org/t/p/w500/9PSKoY98olv7Sru1PWnLpFDqat9.jpg,"Optimus Prime e os Autobots enfrentam seu maior desafio até agora. Quando uma nova ameaça capaz de destruir todo o planeta surge, eles devem se unir a uma poderosa facção de Transformers conhecida como os Maximals para salvar a Terra.",127,19.8909
1390300,Por Cima do seu Cadáver,2026-03-14,Ação,6.43,535,0,2055131,Jorma Taccone,https://image.tmdb.org/t/p/w500/i9tMHmhq8m1c4xOJofn7lqzXDvj.jpg,"Uma comédia de humor ácido com um toque de suspense, dirigida por Jorma Taccone e estrelada por um casal disfuncional, Dan e Lisa, que se refugiam em uma cabana isolada com o objetivo secreto de se assassinarem. Seus elaborados planos para se matarem são interrompidos quando foragidos e um agente penitenciário corrupto atrapalham sua fuga.",106,19.8739
1084187,Lindas e Letais,2026-03-13,Ação,6.764,480,0,0,Vicky Jewson,https://image.tmdb.org/t/p/w500/3PdG3VE95F7fcawJrAfm9bdUvMy.jpg,"Um thriller repleto de ação no qual cinco bailarinas, perdidas em uma floresta remota a caminho de uma competição de dança, encontram abrigo em uma pousada sinistra à beira da estrada, administrada por Devora Kasimer, e precisam usar seu treinamento de elite como arma para sobreviver.",89,19.8504
614479,Sobrenatural: A Porta Vermelha,2023-07-05,Terror,6.507,2048,16000000,189086877,Patrick Wilson,https://image.tmdb.org/t/p/w500/6lp4uDxLqLEw1CzW1SUOYJ3zdKD.jpg,"Josh Lambert segue para o leste para deixar seu filho, Dalton, na faculdade. Mas demônios reprimidos do passado voltam repentinamente para assombrar os dois.",107,19.8425
1522126,1000 Men and Me: The Bonnie Blue Story,2025-07-29,Documentário,5.1,27,0,0,Victoria Silver,https://image.tmdb.org/t/p/w500/ip78INb1BSW1YbQLd5iOnsYvsc5.jpg,,60,19.7676
118340,Guardiões da Galáxia,2014-07-30,Ação,7.908,30128,170000000,772776600,James Gunn,https://image.tmdb.org/t/p/w500/xaY92XMToaSnBuvCui3LHzNGqZB.jpg,"Abduzido da Terra quando ainda era criança, Peter Quill fez carreira como saqueador e se auto denominou ""Senhor das Estrelas"". Quando rouba uma esfera, na qual o poderoso vilão Ronan, da raça kree, está interessado, passa a ser procurado por vários caçadores de recompensas. Para escapar do perigo, Quill une forças com quatro personagens fora do sistema: Groot, uma árvore humanóide (Vin Diesel), a sombria e perigosa Gamora, o guaxinim rápido no gatilho Rocket Racoon e o vingativo Drax, o Destruidor. A esfera roubada é capaz de mudar o destino de todo o universo.",121,19.7587
1728566,致命潮汐,2026-07-09,Crime,6.0,5,0,0,Bo Yin,https://image.tmdb.org/t/p/w500/gIrxEazD510QYIRZP50DGqMRxwj.jpg,,69,19.6703
6977,Onde os Fracos Não Têm Vez,2007-11-09,Crime,7.949,13635,25000000,171627166,Joel Coen,https://image.tmdb.org/t/p/w500/jdlY8Bhcb4Qzfldr1JaexYBgyW3.jpg,"Quando um homem se depara com a sangrenta cena de um crime, uma caminhonete carregada de heroína e irresistíveis dois milhões de dólares, sua decisão de levar o dinheiro deflagra uma interminável e violenta reação em cadeia, que nem a lei do Oeste do Texas pode deter.",122,19.6224
1169537,बटवारा १९४७,2026-08-13,Ação,0.0,0,0,0,Rajkumar Santoshi,https://image.tmdb.org/t/p/w500/n66Q78zJcx5lL5HGRZPUpHxcsG6.jpg,,145,19.5374
1865,Piratas do Caribe: Navegando em Águas Misteriosas,2011-05-15,Aventura,6.573,15151,379000000,1046721266,Rob Marshall,https://image.tmdb.org/t/p/w500/blt7kBXEk1HgJjCTusaUMQ7BCTY.jpg,"O passado do capitão Jack Sparrow volta a alcançá-lo quando ele cruza com Angelica, uma bonita pirata que Jack, um dia, amou e depois abandonou. Ela, então, o força a acompanhá-la ao navio Vingança da Rainha Ana, do famoso Barba Negra. Junto com uma tripulação de zumbis, o trio parte em busca da lendária Fonte da Juventude. Mas o rival de Jack, Barbossa, também cobiça a fonte, assim como um navio espanhol.",136,19.5184
321612,A Bela e a Fera,2017-03-16,Família,6.967,16121,160000000,1266115964,Bill Condon,https://image.tmdb.org/t/p/w500/8JkXzfzwpZNZV72vSbG5c3Vn6Tt.jpg,"Moradora de uma pequena aldeia francesa, Bela tem o pai capturado pela Fera e decide entregar sua vida ao estranho ser em troca da liberdade do progenitor. No castelo ela conhece objetos mágicos e descobre que a Fera é na verdade um príncipe que precisa de amor para voltar à forma humana.",129,19.5027
539,Psicose,1960-06-22,Terror,8.408,11168,806947,50000000,Alfred Hitchcock,https://image.tmdb.org/t/p/w500/oC2iYT2on8c2iZnehah1l6AWqGu.jpg,"Marion Crane é uma secretária que rouba 40 mil dólares da imobiliária onde trabalha para se casar e começar uma nova vida. Durante a fuga à carro, ela enfrenta uma forte tempestade, erra o caminho e chega em um velho hotel. O estabelecimento é administrado por um sujeito atencioso chamado Norman Bates, que nutre um forte respeito e temor por sua mãe. Marion decide passar a noite no local, sem saber o perigo que a cerca.",109,19.5001
451156,Amante Obsessivo,2017-02-25,Thriller,6.21,162,0,0,David Winning,https://image.tmdb.org/t/p/w500/wjTafowhC40zPbJtFAb5mem1VfB.jpg,O caso de uma mulher casada volta a assombrá-la quando seu amante obcecado infiltra-se em cada momento de sua vida.,120,19.4933
4348,Orgulho e Preconceito,2005-09-16,Drama,8.1,8882,28000000,124604345,Joe Wright,https://image.tmdb.org/t/p/w500/dmnY0Zs8uMSHkMiol7M3xOlvvkK.jpg,"Elizabeth Bennet vive com sua mãe, pai e irmãs no campo, na Inglaterra. Por ser a filha mais velha, ela enfrenta uma crescente pressão de seus pais para se casar. Quando Elizabeth é apresentada ao belo e rico Darcy, faíscas voam. Embora haja uma química óbvia entre os dois, a natureza excessivamente reservada de Darcy ameaça a relação.",128,19.4909
263115,Logan,2017-02-28,Ação,7.821,20695,97000000,619021436,James Mangold,https://image.tmdb.org/t/p/w500/f0CtZbae9cXj8bkWdCHzUHx5lsR.jpg,"Em um futuro próximo, um cansado Logan cuida do doente Professor Xavier em um esconderijo na fronteira mexicana. Mas as tentativas de Logan de se esconder do mundo e de seu legado são interrompidas com a chegada de uma jovem mutante, perseguida por forças sombrias.",135,19.4756
1064213,Anora,2024-10-14,Drama,7.076,3361,6000000,56286295,Sean Baker,https://image.tmdb.org/t/p/w500/xmFdNzbUiT5XmH6rbIVGYDQHGeo.jpg,"Anora, uma jovem profissional do sexo que trabalha nas noites do Brooklyn, pode se tornar a Cinderela da sua própria história quando encontra e casa, por impulso, com o filho de um oligarca russo. Mas quando a notícia chega à Rússia, seu conto de fadas fica ameaçado com a chegada dos pais dele a Nova York para cancelar o casamento.",139,19.4484
448772,Un grande amore,1995-01-01,Drama,5.0,5,0,0,Ninì Grassia,https://image.tmdb.org/t/p/w500/jZolzsQj3zPINjmGuNuIA6iZPZG.jpg,,82,19.4236
696506,Mickey 17,2025-02-28,Ficção científica,6.835,3827,118000000,133542263,Bong Joon-ho,https://image.tmdb.org/t/p/w500/is1U9n0e9ofg50U1T7p2WZuIwiO.jpg,"Mickey faz parte de um programa espacial de colonização e sempre é enviado para missões perigosas, quase suicidas. Se morrer, ele é clonado e boa parte de suas memórias são recuperadas. Mas, após seis mortes, ele começa a entender o porquê de seu cargo nunca ter sido ocupado antes.",136,19.4139
426063,Nosferatu,2024-12-25,Terror,6.713,3879,50000000,181805645,Robert Eggers,https://image.tmdb.org/t/p/w500/fbkUfzmVzEBFSt6p7VigknREIJT.jpg,"Um conto gótico de obsessão entre uma jovem assombrada na Alemanha do século XIX e o antigo vampiro da Transilvânia que a persegue, trazendo consigo um horror incalculável.",132,19.3877
293167,Kong: A Ilha da Caveira,2017-03-08,Ação,6.558,11286,185000000,566652812,Jordan Vogt-Roberts,https://image.tmdb.org/t/p/w500/y7ZdnfEA8AEyCFdojYBxeevtZtc.jpg,"Um ex-militar viaja com um grupo de desbravadores até a mítica Ilha da Caveira, onde seu irmão desapareceu enquanto procurava o Titan, soro que teria o poder de curar todas as doenças. Além de resgatar o irmão, o homem irá enfrentar as criaturas que habitam o local. A equipe de exploradores se aventura nas profundezas da ilha desconhecida no Pacífico, que é tão bonita quanto traiçoeira, sem saber que estão atravessando para o domínio do mítico Kong.",118,19.3845
280092,Sobrenatural: A Origem,2015-05-28,Terror,6.287,3696,10000000,120453155,Leigh Whannell,https://image.tmdb.org/t/p/w500/6qzaF7IH9pYg2wOiOwfyf9thRkt.jpg,"Vítima de uma entidade sobrenatural perigosa, a adolescente Quinn Brenner busca a ajuda da médium Elise Rainier, que por meio de suas habilidades paranormais descobre a existência de um demônio com sede de almas humanas.",97,19.3492
43947,Doce Vingança,2010-06-17,Thriller,6.506,2638,2000000,572809,Steven R. Monroe,https://image.tmdb.org/t/p/w500/3Awd26Ktx3E9VuIcHkRcIIIp9G0.jpg,"A escritora Jennifer aluga uma cabana isolada para escrever sua mais recente novela. A paz e o silêncio do local são quebrados por uma gangue local que a estupra e tortura, deixando-a como morta. Mas Jennifer retorna para se vingar, capturando os homens um a um e lhes causando muito mais dor do que ela sofreu.",108,19.3461
1317149,Eu Juro,2025-09-22,Drama,8.244,476,3730000,15564404,Kirk Jones,https://image.tmdb.org/t/p/w500/oxUXflvmPc1dK9oIMK4qXiCIyD4.jpg,"John Davidson: diagnosticado com Tourette aos 15 anos, descrito como insano por seus colegas, ele lutou contra uma condição que poucos haviam testemunhado. O filme retrata os desafios de crescer em uma família operária, o bullying na escola e a violência física que sofreu devido aos seus tiques. Quando adulto, ele fez campanha pela síndrome de Tourette, culminando com o recebimento de um MBE (Ordem do Império Britânico) da Rainha em 2019.",121,19.3343
615,A Paixão de Cristo,2004-02-25,Drama,7.541,5292,30000000,610063468,Mel Gibson,https://image.tmdb.org/t/p/w500/ptGYQgdYCR8GVMVjpJ8QNJSxlkf.jpg,"As últimas 12 horas da vida de Jesus de Nazaré. No meio da noite, Jesus é traído por Judas e preso por soldados no Monte das Oliveiras, sob o comando de religiosos hebreus, liderados por Caifás. Após ser severamente espancado pelos seus captores, Jesus é entregue para o governador romano na Judéia, Poncio Pilatos, que não entende o que aquele homem possa ter feito de tão horrível para pedirem a pena máxima.",127,19.3072
920,Carros,2006-06-08,Animação,7.047,15383,120000000,461983149,John Lasseter,https://image.tmdb.org/t/p/w500/A7nssMRIPauZhEVf2dzwsf4EALO.jpg,"Ao viajar para a Califórnia, o famoso carro de corridas Relâmpago McQueen se perde e vai parar em Radiator Springs, uma cidadezinha na Rota 66. Ele conhece novos amigos e aprende lições que mudam sua forma de encarar a vida.",117,19.2942
290098,A Criada,2016-06-01,Thriller,8.2,4442,8575000,38600000,Park Chan-wook,https://image.tmdb.org/t/p/w500/q6ngYthHXCvA2ZubO4FHTFNRrmc.jpg,"Coreia do Sul, anos 1930. Durante a ocupação japonesa, a jovem Sookee é contratada para trabalhar para uma herdeira nipônica, Hideko, que leva uma vida isolada ao lado do tio autoritário. Só que Sookee guarda um segredo: ela e um vigarista planejam desposar a herdeira, roubar sua fortuna e trancafiá-la em um sanatório. Tudo corre bem com o plano, até que Sookee aos poucos começa a compreender as motivações de Hideko.",145,19.2593
207947,白衣物語 淫す！,1984-03-02,Comédia,4.5,8,0,0,伊藤秀裕,https://image.tmdb.org/t/p/w500/vfWbS6u3EtOw9zMbJJJQ8hVq701.jpg,,56,19.2382
9880,O Diário da Princesa,2001-08-03,Comédia,6.96,5333,37000000,165335153,Garry Marshall,https://image.tmdb.org/t/p/w500/7oYNvPAPSFBDh4o7NdRc58ICzUR.jpg,"Mia (Anne Hathaway) é uma garota de 15 anos que vive com sua mãe (Caroline Goodall) em Manhattan e repentinamente descobre que seu pai é na verdade o Príncipe de Genovia, um pequeno país europeu. Ela recebe então a visita de sua avó recém-descoberta (Julie Andrews), que passa a lhe dar aulas de etiqueta, ensinando-a como se deve portar uma princesa. Mas quando se aproxima a data de seu aniversário ela precisa definir que caminho pretende tomar em sua vida: tornar-se uma princesa e se mudar para Genovia ou permencer em Manhattan morando com sua mãe.",115,19.2082
949,Fogo Contra Fogo,1995-12-15,Crime,7.943,8573,60000000,187400000,Michael Mann,https://image.tmdb.org/t/p/w500/fv2mQTMJxjMY5EKG3epvjuVUVKJ.jpg,"O ladrão obsessivo Neil McCauley lidera uma equipe de primeira linha em vários assaltos ousados ​​por Los Angeles, enquanto o determinado detetive Vincent Hanna o persegue sem descanso. Cada homem reconhece e respeita a capacidade e a dedicação do outro, mesmo sabendo que o seu jogo de gato e rato pode terminar em violência.",170,19.1934
1585,A Felicidade Não Se Compra,1946-12-20,Drama,8.276,5012,3180000,9644124,Frank Capra,https://image.tmdb.org/t/p/w500/u9oQTcUTcWxJwv60JkGVjIBzfuB.jpg,"Em Bedford Falls, no Natal, George Bailey, que sempre ajudou a todos, pensa em se suicidar saltando de uma ponte, em razão das maquinações de Henry Potter, o homem mais rico da região. Mas tantas pessoas oram por ele que Clarence, um anjo que espera há 220 anos para ganhar asas, é mandado à Terra para tentar fazer George mudar de ideia, mostrando sua importância para todos através de flashbacks.",130,19.1907
1245993,Ladrões,2025-08-26,Crime,6.84,1089,40000000,32703294,Darren Aronofsky,https://image.tmdb.org/t/p/w500/l1ezVQbjxqnoTPMOLLKQmdTNen1.jpg,"Hank Thompson era um fenômeno do beisebol no colégio, mas agora não pode mais jogar. Mesmo assim, a sua vida vai bem. Ele tem uma namorada incrível, que trabalha como barman em um bar em Nova York e seu time favorito está fazendo uma improvável corrida rumo ao título. Quando seu vizinho, Russ, pede que ele cuide de seu gato por alguns dias, Hank de repente se vê no meio de uma turma nada convencional de gângsteres ameaçadores. Todos querem algo dele — o problema é que ele não faz ideia do quê.",107,19.1817
260513,Os Incríveis 2,2018-06-14,Ação,7.453,13865,200000000,1243225667,Brad Bird,https://image.tmdb.org/t/p/w500/6et98yxnctR6uH16x3uJuIVKsPf.jpg,"Helena é chamada para liderar uma campanha para trazer os superheróis de volta. Enquanto Roberto deve enfrentar os desafios heroicos do dia a dia da vida doméstica. Mas quando um novo vilão aparece com um plano brilhante e perigoso, a família Pêra enfrenta o desafio juntos  com Gelado do lado deles.",118,19.1771
1359,Psicopata Americano,2000-04-13,Thriller,7.401,12575,7000000,34269748,Mary Harron,https://image.tmdb.org/t/p/w500/4AiFo2MwU62mTtuZ7VH16tlZcmo.jpg,"Em Nova York, em 1987, o belo jovem profissional Patrick Bateman tem uma segunda vida como um horrível assassino em série durante a noite. O elenco é formado pelo detetive, a noiva, a amante, o colega de trabalho e a secretária. Esta é uma comédia de humor seco que examina os elementos que transformam um homem em um monstro.",102,19.1732
2493,A Princesa Prometida,1987-09-25,Aventura,7.706,5232,16000000,30900000,Rob Reiner,https://image.tmdb.org/t/p/w500/9tXM8AR7BZ8cu6JkI9FlBl98Vao.jpg,"A princesa Buttercup é raptada por uma bizarra gangue com um plano mirabolante para criar um incidente internacional. Seus membros logo descobrem que estão sendo perseguidos pelo pirata Roberts, que pode ser também Westley, o único - porém já esquecido - amor da princesa. Uma combinação bizarra de lutas de capa e espada, aventura, fantasia e comédia. Um divertidíssimo trabalho do diretor Rob Reiner.",98,19.1693
845781,Operação Natal,2024-10-31,Ação,6.962,3125,250000000,185700759,Jake Kasdan,https://image.tmdb.org/t/p/w500/zX2UeAmF8XDBJM3sZ0RS0jLQ8Gg.jpg,"Depois que o Papai Noel – codinome: Das Neves – é sequestrado, o Chefe de Segurança do Polo Norte deve se unir ao mais infame caçador de recompensas do mundo em uma missão global e cheia de ação para salvar o Natal.",124,19.1655
756999,O Telefone Preto,2022-06-16,Terror,7.509,5992,16000000,161441914,Scott Derrickson,https://image.tmdb.org/t/p/w500/aAdnNifQo2qxDYnuDD3blsxinH1.jpg,"Após ser raptado por um assassino de crianças, Finney Shaw começa a receber chamadas de vítimas anteriores do assassino. Elas estão determinadas a garantir que o que lhes aconteceu não aconteça com Finney.",103,19.163
1058424,Hope: O Primeiro Impacto,2026-07-15,Ficção científica,8.1,22,40000000,33800000,나홍진,https://image.tmdb.org/t/p/w500/xfsQPUiHxtCfVGyKzHg5acQRf3.jpg,"A polícia investiga a presença de uma criatura misteriosa que vem causando tumulto na remota vila de Hope Harbor. Ao seguir os rastros do animal, um grupo de caçadores acaba se tornando sua presa involuntária, dando início a um conflito que se transforma em uma tragédia de proporções cósmicas.",160,19.1258
510,Um Estranho no Ninho,1975-11-19,Drama,8.406,11644,3000000,108981275,Miloš Forman,https://image.tmdb.org/t/p/w500/nqz0NHRmbc57HZdZxi66shMzGKO.jpg,"Randle Patrick McMurphy é um malandro que, após ser preso, se finge de louco para ir a um hospital psiquiátrico e assim esquivar-se a uma porção de trabalhos forçados na prisão. Lá ele começa a influenciar os outros internos e começa a sofrer oposição da cruel e sádica enfermeira Mildred Ratched. Com forte poder persuasivo, McMurphy instaura uma reviravolta na clínica, não sabendo o que isto pode lhe custar.",133,19.125
1321008,Black Box,2026-06-25,Terror,6.28,59,1000000,224611,Steven Quale,https://image.tmdb.org/t/p/w500/O7vJPEWsnLrKqPYHIHKG8zlEK1.jpg,"Um voo doméstico de rotina se transforma em um voo infernal por meio de uma série de fenômenos inexplicáveis ​​e terror puro. Encontros surreais confundem as fronteiras entre a realidade e o pesadelo. Os passageiros lutam contra todas as probabilidades em uma tentativa de sobreviver enquanto combatem estranhas falhas tecnológicas, eventos sobrenaturais acelerados e influências alienígenas.",85,19.1073
335983,Venom,2018-09-28,Ficção científica,6.825,17480,116000000,856085151,Ruben Fleischer,https://image.tmdb.org/t/p/w500/e4SJKPH8muigUI8VcZtkqWJvEz1.jpg,"O jornalista Eddie Brock desenvolve força e poder sobre-humanos quando seu corpo se funde com o alienígena Venom. Dominado pela raiva, Venom tenta controlar as novas e perigosas habilidades de Eddie.",112,19.1003
1170608,Duna: Parte Três,2026-12-15,Ficção científica,0.0,0,0,0,Denis Villeneuve,https://image.tmdb.org/t/p/w500/s6EYTdJpvYYSC7IyC7GpLuTxlak.jpg,"O terceiro filme da trilogia Duna que adaptará o livro ""O Messias de Duna"".",140,19.0869
1567187,Memoria de una madre,2025-10-21,Terror,5.3,3,0,0,Mauro Iván Ojeda,https://image.tmdb.org/t/p/w500/vhfrAIIe9jHiuD9qjOhLwnEgLdb.jpg,,84,19.0535
419430,Corra!,2017-02-24,Mistério,7.624,19199,4500000,255407969,Jordan Peele,https://image.tmdb.org/t/p/w500/A0RoSZh8PEYJgDMgM2EV7Ycz3dR.jpg,"Agora que Chris e sua namorada, Rose, chegaram à fase de conhecer os pais no namoro, ela o convida para um fim de semana no interior com Missy e Dean. A princípio, Chris acha que o comportamento excessivamente agradável dos dois como tentativas nervosas de lidar com o relacionamento inter-racial da filha, mas, conforme o fim de semana avança, uma série de descobertas cada vez mais perturbadoras o levam a uma verdade que ele jamais poderia ter imaginado.",104,19.049
9502,Kung Fu Panda,2008-06-04,Ação,7.334,12883,130000000,632091832,Mark Osborne,https://image.tmdb.org/t/p/w500/1YMs3zCt5kICK28RvVgDL1UUtkA.jpg,"Po é um panda que trabalha na loja de macarrão da sua família e sonha em transformar-se em um mestre de kung fu. Seu sonho se torna realidade quando, inesperadamente, ele deve cumprir uma profecia antiga e estudar a arte marcial com seus ídolos, os Cinco Furiosos. Po precisa de toda a sabedoria, força e habilidade que conseguir reunir para proteger seu povo de um leopardo da neve malvado.",95,18.9549
324552,John Wick: Um Novo Dia para Matar,2017-02-08,Ação,7.344,14501,40000000,171539887,Chad Stahelski,https://image.tmdb.org/t/p/w500/kRAHy9CQnNT16vTvtJtu9pRgjEG.jpg,"O lendário John Wick é forçado a deixar a aposentadoria em função de um criminoso que conspira para tomar o controle de um clã de assassinos internacionais. Por causa de um pacto de sangue, John Wick viaja para Roma, com o objetivo de ajudar um velho amigo a derrubar a organização internacional secreta, perigosa e mortal de assassinos procurados em todo o mundo.",122,18.9159
1084199,Acompanhante Perfeita,2025-01-22,Terror,7.0,2511,10000000,36869122,Drew Hancock,https://image.tmdb.org/t/p/w500/7LbrEQvturE05hljvTCWST7rLQL.jpg,"Josh e Iris parecem ser o casal ideal, até que um incidente mortal em uma viagem com amigos revela um segredo sombrio: Iris é uma androide criada para satisfazer Josh. E o que era para ser perfeito logo se torna incontrolável.",97,18.8316
8363,Superbad: É Hoje,2007-08-17,Comédia,7.27,8280,20000000,170800000,Greg Mottola,https://image.tmdb.org/t/p/w500/rABcQMa8m67EJslknSlMfE3BP8L.jpg,"Os estudantes adolescentes Seth e Evan têm grandes esperanças para uma festa de formatura. Os adolescentes co-dependentes pretendem beber e conquistar garotas para que eles possam se tornar parte da multidão popular da escola, mas a ansiedade de separação e dois policiais entediados complicam a auto-missão proclamada dos amigos.",113,18.7896
296096,Como Eu Era Antes de Você,2016-06-01,Drama,7.929,13479,20000000,207945075,Thea Sharrock,https://image.tmdb.org/t/p/w500/1a60KPNTC4JKYphNQveAB37Lyif.jpg,"Will é um garoto rico e bem-sucedido, até sofrer um grave acidente que o deixa preso a uma cadeira de rodas. Ele está profundamente depressivo e contrata uma garota do campo para cuidar dele. Ela sempre levou uma vida modesta, com dificuldades financeiras e problemas no trabalho, mas está disposta a provar para Will que ainda existem razões para viver.",110,18.783
297802,Aquaman,2018-12-07,Ação,6.865,15113,160000000,1152028393,James Wan,https://image.tmdb.org/t/p/w500/wbo0CYG6SOFxFkoe9BiqvivLggN.jpg,"A cidade de Atlantis, que já foi lar de uma das mais avançadas civilizações do mundo, agora é um reino submerso dominado pelo ganancioso Rei Orm. Com um vasto exército a seu dispor, Orm planeja conquistar tanto os demais reinos do oceano, quanto o mundo da superfície. Em seu caminho está Aquaman, meio-humano e meio-atlante, e verdadeiro herdeiro do trono. Com a ajuda da princesa Mera, Aquaman precisa recuperar o lendário Tridente de Atlan e aceitar seu destino como protetor das profundezas.",143,18.761
1242332,Normal,2026-04-16,Ação,7.215,485,10000000,6095691,Ben Wheatley,https://image.tmdb.org/t/p/w500/38n0tIc9c1cn5C3IMhjnIFJtwfz.jpg,"O xerife interino Ulysses, chamado à cidade isolada pela neve de Normal, Minnesota, descobre uma conspiração criminosa internacional no coração da aparentemente pitoresca cidadezinha quando ajuda um casal de assaltantes de banco envolvido em uma situação mortal.",91,18.7509
1477317,Sua Culpa: Londres,2026-06-17,Romance,7.524,186,0,0,Dani Girdwood,https://image.tmdb.org/t/p/w500/uXQKhfO4Qf7FodbsJbXacX3Tgbc.jpg,"Nick e Noah enfrentam o maior teste de seu amor quando Noah inicia sua nova vida na Universidade de Oxford, enquanto Nick permanece em Londres trabalhando para a empresa de seu pai. Separados pela distância e cercados por pressões cada vez maiores — ciúmes, ambição e forças determinadas a separá-los —, eles precisarão arriscar tudo para provar que seu vínculo pode sobreviver contra todas as adversidades.",123,18.6951
1141970,ครัวสาว,2026-07-02,Thriller,3.8,3,0,0,เป็นเอก รัตนเรือง,https://image.tmdb.org/t/p/w500/1CdRrEcwaFEXMNyhlwRkMSaSpG3.jpg,,96,18.6866
78,Blade Runner: O Caçador de Andróides,1982-06-25,Ficção científica,7.934,15279,28000000,41722424,Ridley Scott,https://image.tmdb.org/t/p/w500/y5ibL0vFnzsRiIHosw0WOfHtIj1.jpg,"No início do século 21, uma grande corporação desenvolve um robô que é mais forte e ágil que o ser humano e se equiparando em inteligência. São conhecidos como ""replicantes"" e utilizados como escravos na colonização e exploração de outros planetas. Mas, quando um grupo dos robôs mais evoluídos provoca um motim em uma colônia fora da Terra, este incidente faz os replicantes serem considerados ilegais na Terra, sob pena de morte. A partir de então, policiais de um esquadrão de elite conhecidos como ""Blade Runner"", têm ordem de atirar para matar em replicantes encontrados na Terra. Mas tal ato não é chamado de ""execução"" e sim de ""remoção"". Até que, em novembro de 2019, em Los Angeles, quando cinco replicantes chegam à Terra, o ex-Blade Runner, Deckard, é encarregado de caçá-los.",117,18.6594
315162,Gato de Botas 2: O Último Pedido,2022-12-07,Animação,8.215,9134,90000000,484700000,Joel Crawford,https://image.tmdb.org/t/p/w500/atJxZfCaQ7kXRFSfbm8cqAKkns7.jpg,"O Gato de Botas descobre que sua paixão pela aventura cobrou seu preço: ele queimou oito de suas nove vidas, deixando-o com apenas uma vida restante. Gato parte em uma jornada épica para encontrar o mítico Último Desejo e restaurar suas nove vidas.",103,18.6515
1771,Capitão América: O Primeiro Vingador,2011-07-22,Ação,7.009,23078,140000000,370569774,Joe Johnston,https://image.tmdb.org/t/p/w500/19wxfSXHhuJBRbbfUweCsfXFhpv.jpg,"Durante a Segunda Guerra Mundial, Steve Rogers é um homem doente, do Brooklyn, que se transforma no super soldado Capitão América para ajudar nos esforços de guerra. Rogers deve parar o Caveira Vermelha, o implacável chefe de armas de Adolf Hitler e líder de uma organização que pretende usar um misterioso mecanismo de incalculáveis poderes para dominar o mundo.",124,18.6234
340102,Os Novos Mutantes,2020-04-02,Ficção científica,6.06,3786,67000000,49169594,Josh Boone,https://image.tmdb.org/t/p/w500/aTGaI5ahE694f8vNMiYc5bEK06H.jpg,Cinco jovens mutantes descobrem o alcance de seus poderes e lidam com traumas do passado enquanto são mantidos presos contra a vontade num sinistro hospital.,90,18.6035
24,Kill Bill: Volume 1,2003-10-10,Ação,7.971,19268,30000000,180906076,Quentin Tarantino,https://image.tmdb.org/t/p/w500/6VDrtm6rLEW4hByVA45V0Gpime0.jpg,"A ex-assassina conhecida apenas como ""A Noiva"" acorda de um coma de quatro anos decidida a se vingar de Bill, seu ex-amante e chefe, que tentou matá-la no dia do casamento. Ela está motivada a acertar as contas com cada uma das pessoas envolvidas com a perda da filha, da festa de casamento e dos quatro anos da sua vida. Na jornada, ""A Noiva"" é submetida a dores físicas agoniantes ao enfrentar a inescrupulosa gangue de Bill, o Esquadrão Assassino de Víboras Mortais.",111,18.5986
1134671,唐朝妖姬,1992-05-04,Desconhecido,0.0,0,0,0,鄺業生,https://image.tmdb.org/t/p/w500/86HohnVpwXGykmWoWGdDpuLIh5u.jpg,,0,18.5935
47971,xXx: Reativado,2017-01-13,Ação,6.129,9299,85000000,346118277,D.J. Caruso,https://image.tmdb.org/t/p/w500/6OVKCxeBt3B84yMjvZ4iQ1tB2BP.jpg,"Quando um grupo de mercenários letais rouba uma arma de alta tecnologia, que representa uma ameaça global, o mundo precisa do superespião Xander Cage. De volta à ação, Xander lidera um time de viciados em adrenalina, capazes de desafiar a morte, em uma missão que vai quebrar tudo e salvar o dia, conseguindo ainda paracer bonzinho.",107,18.5934
93456,Meu Malvado Favorito 2,2013-06-26,Animação,6.948,12161,76000000,970766005,Pierre Coffin,https://image.tmdb.org/t/p/w500/7mYMq6OQyum1wAiUI7i6w78YKEO.jpg,"Gru mudou radicalmente sua vida e se dedica às filhotas Agnes, Edith e Margo, deixando de lado os tempos de vilão. Ele só não contava que seu passado fosse responsável pelo seu recrutamento pela Liga Antivilões para salvar o mundo na companhia da agente Lucy. Juntos, eles precisam localizar o criminoso que roubou a fórmula PX41 e Gru desconfia que seu antigo concorrente El Macho possa ser o responsável.",98,18.5895
1892,Guerra nas Estrelas: O Retorno de Jedi,1983-05-25,Aventura,7.911,17179,32350000,572700000,Richard Marquand,https://image.tmdb.org/t/p/w500/llaJ35p5e23ygDbqd0H3otJLWsA.jpg,"O imperador está supervisionando a construção de uma nova Estrela da Morte. Enquanto isso Luke Skywalker liberta Han Solo e a Princesa Leia das mãos de Jaba. Luke só se tornará um cavaleiro jedi quando destruir Darth Vader, que ainda pretende atraí-lo para o lado sombrio da Força.",131,18.5631
49521,O Homem de Aço,2013-06-12,Ação,6.659,16481,225000000,668045518,Zack Snyder,https://image.tmdb.org/t/p/w500/cheo9jDPfyW1GevfPjXtnO91KNe.jpg,"Um garoto descobre que não é deste planeta e que tem poderes extraordinários. Quando se torna adolescente, viaja para descobrir de onde veio e para o quê foi enviado a fazer. Mas o herói nele deve emergir se quiser salvar o mundo da aniquilação e se tornar o símbolo de esperança para toda a humanidade.",143,18.5486
1250,Motoqueiro Fantasma,2007-01-15,Thriller,5.616,6593,110000000,228738393,Mark Steven Johnson,https://image.tmdb.org/t/p/w500/vVGVlwRrvVgLPE98rwo8jo3QC2b.jpg,"Johnny Blaze trabalha como dublê e piloto de motocicleta. Há muito tempo, ele fez um pacto com Mefisto para proteger as duas pessoas que mais amava: seu pai, Barton, e sua namorada de adolescência, Roxanne Simpson. Em troca, Johnny se transforma no Motoqueiro Fantasma, o justiceiro de alguns demônios bastante cruéis. Forçado a obedecer Mefisto, Johnny decide enfrentá-lo de forma a usar sua maldição para proteger pessoas inocentes.",123,18.535
137106,Uma Aventura Lego,2014-02-06,Animação,7.4,8644,60000000,470759687,Phil Lord,https://image.tmdb.org/t/p/w500/yFAP5ePJuKaiFNm0h3hi3P3p19E.jpg,"Emmet é um Lego comum, até o dia em que é confundido com o Master Builder, o grande criador deste mundo de brinquedo, por ter encontrado a famosa peça de resistência. Este peça, procurada por todos há séculos, seria capaz de desarmar uma poderosa máquina criada pelo presidente do país, o perverso Sr. Negócios, que pretende colar todas as peças e impedir as mudanças no sistema. Mesmo sem ter grandes habilidades como criador, Emmet gosta de ser considerado um Lego especial, e faz de tudo para merecer a confiança de seus amigos, que incluem a rebelde Mega Estilo, o sábio Vitrúvius, e o gato-unicórnio UniKitty.",100,18.5291
36647,Blade: O Caçador de Vampiros,1998-08-21,Terror,6.851,6888,45000000,131183530,Stephen Norrington,https://image.tmdb.org/t/p/w500/u6PrOGJwwQuvhoIaJL25INbS3Z8.jpg,"Após ser contaminado pelo sangue de uma criatura das trevas, Blade transformou-se num guerreiro imortal, metade-homem, metade-vampiro. Desde então, ele dedica-se a caçar o líder dos mortos-vivos Deacon Frost e seus asseclas, que estão planejando um grande plano para aumentar sua dominação sobre a raça humana.",120,18.527
615777,Babilônia,2022-12-22,Drama,7.337,3868,78000000,65267446,Damien Chazelle,https://image.tmdb.org/t/p/w500/qZUmMxJbGmkIYwnS7qRfSOREmvC.jpg,"Durante a era de ouro de Hollywood, em Los Angeles da década de 1920, um jovem latino está determinado a conseguir uma carreira enquanto o cinema entra em fase de transição dos filmes mudos para produções com falas.",189,18.5269
2501,A Identidade Bourne,2002-06-14,Ação,7.485,10279,60000000,214034224,Doug Liman,https://image.tmdb.org/t/p/w500/q18OhXWdS0WncHminNK7A7uiEvc.jpg,"Um homem sem memória é resgatado do oceano por um barco de pesca. Sobre si, ele só sabe que tem talento para matar e um chip implantado no quadril. Enquanto busca sua história, tenta escapar de pessoas que, inexplicavelmente, querem matá-lo.",118,18.5235
1217505,You're Dating a Narcissist!,2026-03-27,Comédia,5.333,9,0,0,Ann Marie Allison,https://image.tmdb.org/t/p/w500/w7XKRbfOU1pMd8Qphsm2vTGGuVK.jpg,,91,18.5175
1257009,Guerra Primitiva,2025-08-21,Ação,6.713,505,0,217753,Luke Sparke,https://image.tmdb.org/t/p/w500/aJc0Ej0mAIpNPoQh46oOnUQCqxE.jpg,"Durante a Guerra do Vietnã, uma unidade de reconhecimento se aventura em um vale isolado na selva para descobrir o destino de um pelotão desaparecido. Logo eles se veem em uma luta por suas vidas contra um inimigo inesperado: dinossauros pré-históricos.",135,18.5082
447277,A Pequena Sereia,2023-05-18,Aventura,6.255,3385,297000000,569626289,Rob Marshall,https://image.tmdb.org/t/p/w500/yeo0MKX2cAE0Ge7qoeRCiMWvSjV.jpg,"Ariel é uma curiosa sereia que deseja experimentar a vida em terra firme e, contra a vontade de seu pai, visita a superfície. Ariel se vê em uma inesperada jornada de autodescoberta ao encontrar um príncipe, uma bruxa do mar e um novo mundo incrível.",135,18.4999
637,A Vida é Bela,1997-12-20,Comédia,8.438,14163,20000000,230098753,Roberto Benigni,https://image.tmdb.org/t/p/w500/dkK48wCY4aVpWFDdPpS6DxQ1bvB.jpg,"Durante a Segunda Guerra Mundial na Itália, o judeu Guido e seu filho Giosué são levados para um campo de concentração nazista. Afastado da mulher, ele tem que usar sua imaginação para fazer o menino acreditar que estão participando de uma grande brincadeira, com o intuito de protegê-lo do terror e da violência que os cercam.",116,18.4853
28,Apocalypse Now,1979-05-19,Drama,8.263,9273,31500000,150000000,Francis Ford Coppola,https://image.tmdb.org/t/p/w500/veXttPnNe8EZulvmeGTyDUrG9T4.jpg,"Durante a guerra do Vietnã, o Capitão Willard recebe como missão ir ao Camboja para assassinar um Boina Verde renegado, o Coronel Kurtz. Este vive no meio de uma tribo local e é venerado como um deus. Mas, chegado ao seu destino, o Capitão Willard descobre que a sua missão é bem diferente do que imaginara.",196,18.4698
493922,Hereditário,2018-06-07,Terror,7.293,8801,10000000,87796204,Ari Aster,https://image.tmdb.org/t/p/w500/wonYMeHauhrxSi5UTOtj5L479mS.jpg,"Após a morte da reclusa avó, a família Graham começa a desvendar algumas coisas. Mesmo após a partida da matriarca, ela permanece como se fosse uma sombra sobre a família, especialmente sobre a solitária neta adolescente, Charlie, por quem ela sempre manteve uma fascinação não usual. Com um crescente terror tomando conta da casa, a família explora lugares mais escuros para escapar do infeliz destino que herdaram.",127,18.4653
126889,Alien: Covenant,2017-05-09,Terror,6.185,9588,97000000,240891763,Ridley Scott,https://image.tmdb.org/t/p/w500/wm8L1D3YMT0auLQiPXY3H1CUDg8.jpg,"Viajando pela galáxia, os tripulantes da nave colonizadora Covenant encontram um planeta remoto com ares de paraíso inexplorado. Encantados, eles acreditam na sorte e ignoram a realidade do local: uma terra sombria que guarda terríveis segredos e tem o sobrevivente David como habitante solitário.",122,18.4629
858024,Hamnet: A Vida Antes de Hamlet,2025-11-26,Drama,7.707,1534,30000000,107756183,Chloé Zhao,https://image.tmdb.org/t/p/w500/njatIGrIlZCxB88UUBC2xgmfCNE.jpg,"Um dos mais importantes escritores do cânone ocidental, William Shakespeare vive uma tragédia ao lado de sua esposa Agnes quando o casal perde o filho de 11 anos para uma das várias pragas que assolaram o século XVI. Hamnet era o nome do menino. Explorando os temas da perda e da morte, o filme acompanha a rotina e o dia a dia de uma família, as alegrias e as tristezas de viver numa pequena vila na Inglaterra do passado e a história de amor poderosa que inspirou a criação da peça Hamlet.",125,18.4507
12155,Alice no País das Maravilhas,2010-03-03,Família,6.644,14981,200000000,1025467110,Tim Burton,https://image.tmdb.org/t/p/w500/rtBRW9xkP94PRuyDa9zTZahuo27.jpg,"A Alice de 19 anos de idade, que regressa ao excêntrico mundo que encontrou pela primeira vez quando era criança reunindo-se assim com os seus amigos de infância: o Coelho Branco, Tweedledee e Tweedledum, a Ratazana, a Lagarta, o Gato Cheshire, e claro, o Chapeleiro Louco. Alice embarca numa fantástica viagem para encontrar o seu verdadeiro destino e acabar com o reino de terror da Rainha Vermelha.",109,18.4336
507086,Jurassic World: Domínio,2022-06-01,Aventura,6.594,7225,658800000,1004004592,Colin Trevorrow,https://image.tmdb.org/t/p/w500/7qeiCNSmzrkcEyIWi8sIcsjrOyW.jpg,"Quatro anos após a destruição da Ilha Nublar, os dinossauros agora vivem – e caçam – ao lado de humanos em todo o mundo. Esse frágil equilíbrio remodelará o futuro e determinará, de uma vez por todas, se os seres humanos continuarão sendo os principais predadores em um planeta que agora compartilham com as criaturas mais temíveis da história.",147,18.4311
8966,Crepúsculo,2008-11-20,Fantasia,6.278,14598,37000000,393616788,Catherine Hardwicke,https://image.tmdb.org/t/p/w500/o4ki1gYHkP6IWNdwjHvI9vzfpuC.jpg,"Isabella Swan é uma adolescente que vai morar com seu pai em uma nova cidade depois que sua mãe decide casar-se novamente. No colégio, ela fica fascinada por Edward Cullen, um garoto que esconde um segredo obscuro. Eles se apaixonam, mas Edward sabe que quanto mais avançam no relacionamento, mais ele está colocando Bella e aqueles à sua volta em perigo.",122,18.4097
801335,Torturada Pelo Próprio Pai,2021-02-27,Thriller,7.575,885,0,0,Elisabeth Röhm,https://image.tmdb.org/t/p/w500/ctoPyY37P0jlaEaA7Vd5VhwiI1k.jpg,"Sarah Cody é uma adolescente que não vê a hora de completar 18 anos, assim ela pode fugir das garras de seu pai controlador. No entanto, Don Cody tem planos perturbadores para a festa e, antes de apagar suas velinhas, ela é presa no sótão de sua casa, onde viveu mais de 20 anos, sequestrada por seu próprio pai.",88,18.4081
843527,Uma Ideia de Você,2024-05-02,Música,7.25,2010,0,36178,Michael Showalter,https://image.tmdb.org/t/p/w500/5rIKVegF7XMPB02RaFaxtFwTPR0.jpg,"Solène, leva a filha, para assistir ao show de seu grupo favorito, August Moon. Lá, Solène se relaciona com um dos membros do grupo. Hayes Campbell é inteligente, atraente e confiante. A atração é imediata. O problema? É porque ele é vinte anos mais novo que Solène.",116,18.3756
8078,Alien: A Ressurreição,1997-11-12,Ficção científica,6.173,5698,70000000,162000000,Jean-Pierre Jeunet,https://image.tmdb.org/t/p/w500/lBQihuqaiRFZEzQh3M5uKXfmW15.jpg,"Duzentos anos se passaram desde que Ripley sacrificou sua vida em Fiorina 161. Agora, depois de tanto tempo, e após sete pavorosos fracassos, os cientistas finalmente conseguiram clonar uma réplica perfeita de Ripley, o que inclui DNA da Rainha alienígena que se desenvolvia dentro dela quando Ripley morreu. Mas essa nova geração de aliens é muito mais inteligente do que foram seus antecessores - um fato que os cientistas só percebem após a nave The Betty ter chegado com mais hospedeiros humanos.",108,18.3243
10192,Shrek Para Sempre,2010-05-16,Comédia,6.413,8077,165000000,752600867,Mike Mitchell,https://image.tmdb.org/t/p/w500/iFXVU0ni6YWgQNSPkoGO1Tk5L3g.jpg,"Shrek faz um pacto com Rumpelstiltskin para sentir-se como um ogro de verdade novamente, mas ele é enganado e enviado para uma versão distorcida de Tão, Tão Distante - onde Rumpelstiltskin é rei, ogros são caçados, e ele e Fiona nunca se encontraram - ele decide restaurar o seu mundo e recuperar seu verdadeiro amor.",93,18.2954
1627868,顾禁南囚,2026-01-19,Romance,0.0,0,0,0,欧儿,https://image.tmdb.org/t/p/w500/wJc5vqZkZgqVSKS4QCzwSYoLwaH.jpg,,0,18.2841
1595852,Boulevard,2026-04-10,Romance,7.538,172,0,0,Sonia Méndez,https://image.tmdb.org/t/p/w500/qAYDwaHwjeUiPkYOj73EgrY0lNQ.jpg,"Nova cidade, vida nova. E um encontro inesperado com Luke, um rapaz movido a adrenalina e atormentado por demônios. Apesar dos alertas, Hasley não consegue ficar longe dele. No ""boulevard"", eles descobrem um amor puro e libertador. Mas, conforme o passado dele ameaça destruir os dois, Hasley se depara com uma questão: é possível salvar alguém que não está pronto para ser salvo?",113,18.2719
288987,Aquela Idade Maliciosa,1975-03-11,Drama,6.426,88,0,0,Silvio Amadio,https://image.tmdb.org/t/p/w500/n9E6006h7GTfbBi3cmsyh0SuJPh.jpg,,90,18.212
1318413,Pressão,2026-05-25,Thriller,7.762,304,30000000,18338606,Anthony Maras,https://image.tmdb.org/t/p/w500/3hNyaAWeiSlbXxCaFOEqRJNYLpw.jpg,"Nas 72 horas que antecederam o Dia D e com o destino da guerra em jogo, o General Dwight D. Eisenhower e o Capitão Meteorologista James Stagg vivem um dilema, face a uma escolha quase impossível — prevendo uma tempestade severa que colocaria em risco toda a invasão à Normandia planejada pelos Aliados — eles devem lançar a maior e mais perigosa invasão marítima da história ou arriscar perder a guerra por completo.",101,18.1884
345940,Megatubarão,2018-08-08,Ação,6.251,8322,150000000,530517320,Jon Turteltaub,https://image.tmdb.org/t/p/w500/wrJkShDPK4TcV0nHix3HASEmkul.jpg,"Na fossa mais profunda do Oceano Pacífico, a tripulação de um submarino fica presa dentro do local após ser atacada por uma criatura pré-histórica que se achava estar extinta, um tubarão de mais de 20 metros de comprimento, o Megalodon. Para salvá-los, um oceanógrafo chinês contrata Jonas Taylor, um mergulhador especializado em resgates em água profundas que já encontrou com a criatura anteriormente.",113,18.1791
425,A Era do Gelo,2002-03-14,Animação,7.383,14527,59000000,383257136,Chris Wedge,https://image.tmdb.org/t/p/w500/dlqC2gJs02gc23XvyOjoz52ToRI.jpg,"Vinte mil anos atrás, num mundo coberto de gelo, o mamute Manfred e a preguiça Sid resgatam um bebê humano órfão. Agora, os dois vão enfrentar muitas aventuras até devolver o filhote de gente à sua tribo, que migrou para um novo acampamento.",82,18.1641
370172,007: Sem Tempo para Morrer,2021-09-29,Ação,7.34,7304,250000000,774153024,Cary Joji Fukunaga,https://image.tmdb.org/t/p/w500/ymiLbqoSxGSkMeM2vW6JWpmnPjL.jpg,"Bond deixou o serviço ativo e está desfrutando de uma vida tranquila na Jamaica. Sua paz é interrompida quando o seu velho amigo Felix Leiter, da CIA, aparece pedindo sua ajuda. A missão de resgatar um cientista sequestrado acaba sendo muito mais difícil do que o esperado, deixando Bond no caminho de um vilão misterioso e armado com uma nova tecnologia perigosa.",163,18.1473
568124,Encanto,2021-10-13,Animação,7.566,10342,150000000,261292688,Byron Howard,https://image.tmdb.org/t/p/w500/uWwgb89vSbNNtSPCpIKdbxqi5if.jpg,"Uma garota chamada Mirabel Madrigal cresce como o único membro não mágico de sua família, que vivem escondidos em uma vibrante casa encantada nas montanhas da Colômbia.",102,18.1087
359410,Matador de Aluguel,2024-03-08,Ação,6.937,3167,85000000,0,Doug Liman,https://image.tmdb.org/t/p/w500/h2xDLj6CtzItwQEFyBjIXh5z3QD.jpg,"Um ex lutador de UFC aceita um trabalho como segurança em uma taberna em Florida Keys, apenas para descobrir que este não é o paraíso que parecia ser.",121,18.1018
954,Missão: Impossível,1996-05-22,Aventura,7.026,10164,80000000,457696391,Brian De Palma,https://image.tmdb.org/t/p/w500/umMK2yDMbBeIAOR480WqnShmF1L.jpg,"Durante uma missão em Praga, um grupo especial de agentes cai em uma cilada. O americano Ethan Hunt descobre que apenas ele e outra agente sobreviveram. Tomado como informante, ele foge e começa a agir por conta própria. Com a ajuda de um novo grupo, ele vai tentar limpar seu nome, descobrindo quem foi o espião que armou para o seu time.",105,18.0813
72105,Ted,2012-06-29,Comédia,6.455,13370,50000000,549368315,Seth MacFarlane,https://image.tmdb.org/t/p/w500/patvtN6QlClCRZlswIPxDSYJRzW.jpg,"Quando criança, John desejou que seu ursinho Ted ganhasse vida e, surpreendentemente, foi atendido. Porém, agora que é adulto, ele precisa lidar com as consequências de seu pedido, já que Ted não vai parar de atormentar a sua vida.",107,18.0809
10674,Mulan,1998-06-18,Animação,7.903,10614,90000000,304320254,Tony Bancroft,https://image.tmdb.org/t/p/w500/bmM6nAva9zzNn4PAzJpQsEJxD9G.jpg,"Na antiga China, durante a guerra, todos os homens são convocados para lutar. Mas, um pobre velho, que pela idade não poderia mais lutar, descobre que sua filha Mulan toma o seu lugar, vestindo-se como homem e permanecendo em segredo. Se isso for descoberto, o castigo será severo. Agora, durante a guerra, Mulan ganha a proteção de um pequeno dragão, cuja missão é cuidar para que ela volte a salvo.",88,18.0802
812583,Vivo ou Morto: Um Mistério Knives Out,2025-11-26,Thriller,7.205,2769,210000000,4000000,Rian Johnson,https://image.tmdb.org/t/p/w500/rdxMmkArDAfu1UxdOq6H22GtPdV.jpg,O detetive Benoit Blanc conta com a ajuda de um jovem padre para investigar um crime perfeitamente impossível na igreja de uma cidadezinha que tem uma história sombria.,145,18.08
1330021,Criaturas Extraordinariamente Brilhantes,2026-05-07,Drama,8.463,845,0,0,Olivia Newman,https://image.tmdb.org/t/p/w500/iMJaRPY4xx4lScIaIWd67yWJuqc.jpg,Uma viúva que trabalha como faxineira noturna em um aquário forma uma amizade improvável com um polvo gigante que a ajuda a desvendar o mistério do desaparecimento de seu filho décadas atrás.,114,18.0694
1050390,監禁逃亡　美しき獲物たち,1993-12-24,Drama,7.0,2,0,0,井上真介,https://image.tmdb.org/t/p/w500/cHlmO3svm2WKwIOHU1Mq9gCMj8n.jpg,,65,18.0637
630,O Mágico de Oz,1939-08-21,Aventura,7.582,6230,2777000,33754967,Victor Fleming,https://image.tmdb.org/t/p/w500/skT3EcFUSWSCpe7XUKTQR8ZTp57.jpg,"Dorothy e seu cachorro Totó são levados para a terra mágica de Oz quando um ciclone passa pela fazenda de seus avós no Kansas. Eles viajam em direção à Cidade Esmeralda para encontrar o Mago Oz e no caminho encontram um Espantalho, que precisa de um cérebro, um Homem de Lata sem um coração e um Leão Covarde que quer coragem. O Mago pede ao grupo que tragam a vassoura da Bruxa Malvada do Oeste a fim de ganharem sua ajuda.",101,18.0581
1698575,"Snoopy Apresenta - Não Há Nada Como a Nossa Casa, Snoopy",2026-07-30,Animação,8.614,35,0,0,Ridd Sorensen,https://image.tmdb.org/t/p/w500/6Ucmnt3nUaYY5rLfMjntK5WObNA.jpg,"Quando Snoopy perde sua amada casinha de cachorro, ele tenta encontrar e descobre do que uma casa precisa para ser um lar.",32,18.0562
162,Edward Mãos de Tesoura,1990-12-07,Fantasia,7.7,13958,20000000,86024005,Tim Burton,https://image.tmdb.org/t/p/w500/8vmYMcvWaqqhEWt9EnTPdXDdy2F.jpg,"Peg Boggs é uma vendedora que acidentalmente descobre Edward, jovem que mora sozinho em um castelo no topo de uma montanha, criado por um inventor que morreu antes de dar mãos ao estranho ser, que possui apenas enormes lâminas no lugar delas. Isto o impede de poder se aproximar dos humanos, a não ser para criar revolucionários cortes de cabelos. No entanto, Edward é vítima da sua inocência e, se é amado por uns, é perseguido e usado por outros.",105,18.052
1119449,"Boa Sorte, Divirta-se, Não Morra",2026-02-13,Ficção científica,7.074,854,20000000,9755038,Gore Verbinski,https://image.tmdb.org/t/p/w500/uy9KPHgJpxXHCzn4vPzuGkApzC8.jpg,"Um homem vindo do futuro chega a uma lanchonete em Los Angeles, onde precisa recrutar a combinação exata de clientes insatisfeitos para acompanhá-lo em uma missão de uma noite e seis quarteirões para salvar o mundo da ameaça terminal de uma inteligência artificial descontrolada.",134,18.0406
1571101,Evolution,2026-02-06,Animação,6.6,10,0,0,Julio Soto Gurpide,https://image.tmdb.org/t/p/w500/8tMZOnlFUa6zxlEF84QfghXnjuD.jpg,,94,17.981
680493,Terror em Silent Hill: Regresso Para o Inferno,2026-01-21,Terror,5.379,790,23000000,47976996,Christophe Gans,https://image.tmdb.org/t/p/w500/5ZDqTM0ZP3ypmFivTeAnHslV6mY.jpg,"Quando uma carta misteriosa chama James de volta a Silent Hill em busca de seu verdadeiro amor, ele encontra uma cidade antes reconhecível, transformada por um mal desconhecido. À medida que James se aprofunda na escuridão, ele encontra figuras aterrorizantes, tanto familiares quanto novas, e começa a questionar sua própria sanidade enquanto luta para entender a realidade e se manter firme por tempo suficiente para salvar seu amor perdido.",106,17.9771
533533,Tron: Ares,2025-10-08,Ficção científica,6.451,1574,220000000,142249983,Joachim Rønning,https://image.tmdb.org/t/p/w500/zRjRAxrPA4JFadT6SQaV3N10ZcO.jpg,"Um programa de IA altamente avançado chamado Ares (Jared Leto) que é enviado do mundo digital (A Grade) para o mundo real em uma missão perigosa, sendo o primeiro encontro da humanidade com inteligência artificial que transcende o ciberespaço, explorando temas de consciência e a linha tênue entre homem e máquina em meio a uma corrida tecnológica entre duas empresas, Dillinger e Encon",119,17.9747
197,Coração Valente,1995-05-24,Ação,7.945,11329,72000000,213216216,Mel Gibson,https://image.tmdb.org/t/p/w500/cfnhpDzEV5zTsuaa4dCHFRzPHXx.jpg,"No século XIII, soldados ingleses matam a mulher do escocês William Wallace, bem na sua noite de núpcias. Para vingar a amada, ele resolve liderar seu povo em uma luta contra o cruel Rei inglês Edward I. Com a ajuda de Robert e Bruce, ele vai deflagrar uma violenta batalha com o objetivo de libertar a Escócia de uma vez por todas.",178,17.9712
423108,Invocação do Mal 3: A Ordem do Demônio,2021-05-25,Terror,7.3,6657,39000000,206444123,Michael Chaves,https://image.tmdb.org/t/p/w500/fNu88PdpStJGe09AUYmqTn6NEXB.jpg,Um dos casos mais sensacionais de seus arquivos começa com a luta pela alma de um garoto e depois os leva para além de qualquer coisa que já tenham visto. Esse caso marcou a primeira vez na história dos Estados Unidos em que um suspeito de assassinato alegou possessão demoníaca como defesa.,111,17.9644
68726,Círculo de Fogo,2013-07-11,Ação,6.94,13678,180000000,411000000,Guillermo del Toro,https://image.tmdb.org/t/p/w500/uFaWzdxzITZxHKaKwyG26QfzHiG.jpg,"Criaturas monstruosas conhecidas como Kaiju começam a emergir do mar. Para combatê-los, a humanidade desenvolve uma série de robôs gigantescos, os Jaegers. Cada um é controlado por duas pessoas por meio de uma conexão neural. Entretanto, mesmo os Jaegers se mostram insuficientes para derrotar os Kaiju. Diante deste cenário, a última esperança é um velho robô, que passa a ser comandado por um antigo piloto e uma pessoa em treinamento.",131,17.951
10591,Show de Vizinha,2004-04-09,Comédia,6.752,4135,21000000,31635150,Luke Greenfield,https://image.tmdb.org/t/p/w500/7RsOmzEkJiSknIPOYe1AV9WTTDD.jpg,"O bom aluno e formando Matthew Kidman tem planos para se formar com louvor e evitar todos os problemas da adolescência. Mas Matthew não contava com a tentação da casa ao lado... Porém, quando ele descobre que sua deliciosa vizinha Danielle tem um passado no mínimo duvidoso — e um ex-namorado vingativo, Matthew vê seu futuro perigosamente ameaçado.",109,17.9392
454626,Sonic: O Filme,2020-02-12,Ação,7.274,10524,85000000,319715683,Jeff Fowler,https://image.tmdb.org/t/p/w500/eOC0FSGqyzcnnx7XFgLazI9nACT.jpg,"Sonic, o ouriço azul mais veloz do mundo, vive isolado e sem amigos na Terra desde que precisou fugir de seu planeta natal. Todavia, ele recebe a ajuda de um policial quando o Dr. Ivo Robotinik, a mando do governo dos Estados Unidos, começa a persegui-lo.",100,17.9342
512200,Jumanji: Próxima Fase,2019-12-04,Aventura,6.87,9524,125000000,801693929,Jake Kasdan,https://image.tmdb.org/t/p/w500/bBRDUTr6jgbD8I8A9DvVGrVbdfB.jpg,"A turma está de volta, mas o jogo mudou. Quando voltam para Jumanji para resgatar um amigo, descobrem que nada do que esperavam. Com mais ação e surpresas, os jogadores terão que desbravar partes desconhecidas e inexploradas, dos desertos áridos até montanhas de neve, para escapar.",123,17.9252
950,A Era do Gelo 2,2006-03-29,Animação,6.725,10484,80000000,660998756,Carlos Saldanha,https://image.tmdb.org/t/p/w500/r4SOh2EJQe2QEfcDsrOMeKyZD05.jpg,"O aquecimento global traz ameaças de inundações generalizadas a regiões que antes eram geladas. Manny, Sid e Diego partem em busca de um refúgio seguro. Eles encontram outro mamute, mas que acredita ser um gambá.",91,17.8863
588228,A Guerra do Amanhã,2021-09-03,Ação,7.521,4388,200000000,14400000,Chris McKay,https://image.tmdb.org/t/p/w500/lWQ3hI78Az2RHfzDpEuvougqUz7.jpg,"Em 2051, a humanidade está perdendo uma guerra global contra uma espécie mortal de alienígenas. Para garantir a sobrevivência dos humanos, soldados e civis do presente são transportados para o futuro e se juntam à luta, entre eles Dan Forester, um pai de família determinado a salvar o mundo para sua filha.",138,17.8548
278154,A Era do Gelo: O Big Bang,2016-06-23,Aventura,6.124,4951,105000000,408579038,Michael Thurmeier,https://image.tmdb.org/t/p/w500/e7R8ULZLdiKO2uYtXqifwf2pJfy.jpg,"Depois que o esquilo Scrat, involuntariamente, provoca um acidente espacial em sua incansável perseguição pela noz, um enorme meteoro entra em rota de colisão com a Terra, ameaçando o lar de Manny, Diego, Sid e cia. Sem saber o que fazer para reverter a situação, eles terão que confiar em Buck, a elétrica doninha caolha do terceiro filme – único do grupo que realmente tem um plano para evitar o trágico fim de todos. Paralelamente, Manny e Ellie têm que lidar com iminente saída de Amora de casa, ao passo que Diego e Shira pensam em aumentar a família e Sid finalmente parece encontrar o amor.",95,17.8384
1228246,Five Nights at Freddy's 2,2025-12-03,Terror,6.6,1129,36000000,239568877,Emma Tammi,https://image.tmdb.org/t/p/w500/12H82Xrr2ijDF0lJWUarqGFV7bC.jpg,"Um ano após o pesadelo sobrenatural na Freddy Fazbear's Pizza, as histórias sobre o que aconteceu ali foram distorcidas, transformando-se em uma lenda local exagerada, inspirando o primeiro Fazfest da cidade. Sem saber a verdade sobre o ocorrido, Abby sai escondida para se reconectar com Freddy, Bonnie, Chica e Foxy, dando início a uma aterrorizante série de eventos que revelarão segredos sombrios sobre a verdadeira origem da Freddy's e libertarão um horror há muito esquecido, escondido por décadas.",104,17.8362
49051,O Hobbit: Uma Jornada Inesperada,2012-12-12,Aventura,7.382,19927,250000000,1021103568,Peter Jackson,https://image.tmdb.org/t/p/w500/lZtmn2pLw1kgDYj4Ig4s3DYBQCD.jpg,"Como a maioria dos hobbits, Bilbo Bolseiro leva uma vida tranquila até o dia em que recebe uma missão do mago Gandalf. Acompanhado por um grupo de anões, ele parte numa jornada até a Montanha Solitária para libertar o Reino de Erebor do dragão Smaug.",183,17.8291
188927,Star Trek: Sem Fronteiras,2016-07-07,Ação,6.793,7214,185000000,343471816,Justin Lin,https://image.tmdb.org/t/p/w500/zC2lEQjA4X814UnvekmdkM5hXmk.jpg,"Desta vez, Kirk, Spock e a tripulação da Enterprise encontram-se no terceiro ano da missão de exploração do espaço prevista para durar cinco anos. Eles recebem um pedido de socorro que acaba os ligando ao maléfico vilão Krall, um insurgente Anti-Frota Estelar interessado em um objeto de posse do líder da nave. A Enterprise é atacada, e eles acabam em um planeta desconhecido, onde o grupo acaba sendo dividido em duplas.",122,17.8137
1197137,O Telefone Preto 2,2025-10-15,Terror,6.637,1283,30000000,132675749,Scott Derrickson,https://image.tmdb.org/t/p/w500/p3epSUdF9qSWWHTBlA3mJ0w2i2Y.jpg,"Quatro anos após escapar de The Grabber, Finney Blake luta com sua vida após o cativeiro. Quando sua irmã Gwen começa a receber ligações em sonhos do telefone preto e a ter visões perturbadoras de três garotos sendo perseguidos em um acampamento de inverno conhecido como Alpine Lake, os irmãos se determinam a desvendar o mistério e confrontar um assassino que se tornou mais poderoso na morte e mais significativo para eles do que qualquer um poderia imaginar.",114,17.8116
399566,Godzilla vs. Kong,2021-03-24,Ação,7.525,10768,200000000,470116094,Adam Wingard,https://image.tmdb.org/t/p/w500/teW53VSLdZMMSmkn5xBBowu3tEr.jpg,"Em uma época em que os monstros andam na Terra, a luta da humanidade por seu futuro coloca Godzilla e Kong em rota de colisão que verá as duas forças mais poderosas da natureza no planeta se confrontarem em uma batalha espetacular para as idades. Enquanto Monarch embarca em uma missão perigosa em terreno desconhecido e descobre pistas sobre as origens dos Titãs, uma conspiração humana ameaça tirar as criaturas, boas e más, da face da terra para sempre.",114,17.8055
9769,Lolita,1997-09-27,Drama,7.1,2010,62000000,1100000,Adrian Lyne,https://image.tmdb.org/t/p/w500/fABjUtQdvRpjqdw1UYJmmlnpCtz.jpg,"Um homem (Humbert) e uma menina precoce (Lolita) embarcam numa excursão pecaminosa pelos Estados Unidos, seguidos por alguém que nós sabemos, desde logo, ser Clare Quilty. Lolita torna-se numa obsessão para Humbert, e este aproveita para a usar ao serviço dos seus interesses. Mas, o paraíso está longe de ser o que Humbert sonhara…",137,17.8011
785084,A Baleia,2022-12-09,Drama,7.754,4830,3000000,57615635,Darren Aronofsky,https://image.tmdb.org/t/p/w500/3Iw46Ovy4wAYmLjvvPw9yPvrokg.jpg,Um professor de inglês recluso que sofre de obesidade severa tenta se reconectar com sua filha adolescente distante para uma última chance de redenção.,117,17.7888
298618,The Flash,2023-06-13,Ação,6.612,5174,220000000,271333313,Andy Muschietti,https://image.tmdb.org/t/p/w500/itYONYDHpJqTuu8BCXAtHxgpglq.jpg,Os mundos colidem quando Barry Allen usa seus superpoderes para viajar no tempo e mudar os acontecimentos do passado. Mas a tentativa de salvar sua família altera inadvertidamente o futuro.,144,17.771
1029575,Plano em Família,2023-12-14,Ação,7.215,1965,0,0,Simon Cellan Jones,https://image.tmdb.org/t/p/w500/3CezGI4ORSgVKk5Ch3UUWtL7SET.jpg,"Dan Morgan é muitas coisas: um marido dedicado, um pai amoroso, um reconhecido vendedor de carros. Ele também é um ex-assassino. E quando seu passado encontra seu presente, ele é forçado a levar sua desavisada família em uma viagem diferente de qualquer outra.",119,17.7677
985939,A Queda,2022-08-11,Thriller,7.144,4782,3000000,17363261,Scott Mann,https://image.tmdb.org/t/p/w500/ey5j9PzI1S0jsMPuN8H9ldrGzuX.jpg,"Becky e Hunter são duas amigas que buscam aventura e enfrentam grande alturas em suas escaladas. Depois de um grande drama vivido por elas, as duas decidem escalar uma remota torre de rádio abandonada com mais de 2000 pés de altura. Parecia a aventura perfeita para desligar a mente do trágico acontecimento que vivenciaram com o namorado de uma delas. Elas não contavam que ficariam presas e isoladas naquele lugar sem sinal de celular, sem energia e sem pessoas por perto.",107,17.76
72190,Guerra Mundial Z,2013-06-19,Ação,6.848,16898,200000000,531865000,Marc Forster,https://image.tmdb.org/t/p/w500/2Sdz5gGrwN92pRanlJKeUqkIjRk.jpg,"Um vírus letal se espalha rapidamente e transforma seres humanos em zumbis. O ex-agente da ONU Gerry Lane é chamado para investigar a epidemia que está acabando com a humanidade, iniciando uma verdadeira corrida contra o tempo.",123,17.7379
926393,O Protetor: Capítulo Final,2023-08-30,Ação,7.296,3843,70000000,191067560,Antoine Fuqua,https://image.tmdb.org/t/p/w500/eq2Ytq08C9KddMiOzQ74g36Tdpg.jpg,"Sentindo-se em casa no sul da Itália, o ex-agente Robert McCall logo descobre que seus novos amigos estão sob o controle dos chefes do crime local.  À medida que os acontecimentos se tornam mortais, McCall sabe o que tem de fazer: tornar-se o protetor dos seus amigos, enfrentando a máfia.",103,17.7288
1327862,Se Não Fosse Você,2025-10-22,Romance,7.112,534,30000000,90452948,Josh Boone,https://image.tmdb.org/t/p/w500/7n4tE1SFIeyWiO9o5Q2DTvHA95t.jpg,"Morgan Grant e sua filha Clara precisam lidar com o que ficou após um acidente devastador revelar uma traição chocante e forçá-las a confrontar segredos da família, redefinir o amor e se redescobrir.",116,17.7042
106,O Predador,1987-06-12,Ficção científica,7.574,9386,15000000,98267558,John McTiernan,https://image.tmdb.org/t/p/w500/3RuuLeX487syJrV1olkQCFbHrIv.jpg,"O major Alan ""Dutch"" Schaefer lidera uma equipe de resgate em uma selva da América Central, para tentar encontrar um ministro estrangeiro e funcionários do governo que saíram da rota e se perderam. O exército acredita que eles estejam nas mãos de guerrilheiros, mas o que eles não imaginam é que a floresta esconde uma ameaça mortal, um ser de outro planeta, fortemente armado, que sente enorme prazer em matar.",107,17.7014
748783,Garfield - Fora de Casa,2024-04-30,Aventura,6.953,1489,60000000,254907482,Mark Dindal,https://image.tmdb.org/t/p/w500/rC5RqXtFoTkBhNWE1dczwi4dZrX.jpg,"Garfield, o mundialmente famoso gato de interior que odeia segundas-feiras e adora lasanha, está prestes a ter uma aventura selvagem ao ar livre! Depois de um reencontro inesperado com seu pai há muito perdido – o desalinhado gato de rua Vic – Garfield e seu amigo canino Odie são forçados a deixar sua vida perfeitamente mimada para se juntarem a Vic em um assalto hilariante e de alto risco.",101,17.6988
1098006,A Fonte da Juventude,2025-05-19,Aventura,6.256,1000,0,0,Guy Ritchie,https://image.tmdb.org/t/p/w500/hMUnFKLmd42tUgammOf8QIlRk9.jpg,"Um gênio da caça ao tesouro reúne uma equipe para uma aventura que pode mudar sua vida. Mas para enganar e fugir das ameaças a cada passo, ele precisará de alguém ainda mais inteligente do que ele: sua distante irmã.",126,17.6926
1035259,Corra Que a Polícia Vem Aí!,2025-07-30,Comédia,6.352,1904,42000000,102147396,Akiva Schaffer,https://image.tmdb.org/t/p/w500/vDN8VDEQjh8QBEeT7C6Ml5Uqln8.jpg,Apenas um homem tem as habilidades necessárias para liderar o Esquadrão Policial e salvar o mundo.,85,17.6893
161,Onze Homens e um Segredo,2001-12-07,Thriller,7.466,12773,85000000,450717150,Steven Soderbergh,https://image.tmdb.org/t/p/w500/j9tyOPSdFUoaOuAcRTY5pHSZm8o.jpg,"Danny Ocean é um homem de ação. Apenas 24 horas após deixar a penitenciária de Nova Jersey ele já está pondo em prática seu mais novo plano: Assaltar três cassinos de Las Vegas em apenas uma noite, em meio à realização de uma luta que vale o título mundial dos peso-pesados. Para tanto, Ocean reúne uma equipe de 11 especialistas a fim de ajudá-lo em seu plano, seguindo sempre três regras básicas: Não ferir ninguém, não roubar alguém que realmente não mereça e seguir o plano como se não tivesse nada a perder.",117,17.683
466272,Era Uma Vez em… Hollywood,2019-07-24,Comédia,7.42,15109,95000000,393869691,Quentin Tarantino,https://image.tmdb.org/t/p/w500/zgr02U2Fh0sR5JtaAXY5yBU1wka.jpg,"Los Angeles, 1969. O astro de TV Rick Dalton, um ator em dificuldades especializado em faroestes, e o dublê Cliff Booth, seu melhor amigo, tentam sobreviver em uma indústria cinematográfica em constante mudança. Dalton é vizinho da jovem e promissora atriz e modelo Sharon Tate, que acaba de se casar com o prestigiado diretor polonês Roman Polanski.",162,17.6755
345,De Olhos Bem Fechados,1999-07-16,Drama,7.484,7214,65000000,162100000,Stanley Kubrick,https://image.tmdb.org/t/p/w500/pmU8WQ2fOdxLuYaNe1kHE2L8SlI.jpg,"Alice, uma curadora de arte, é casada com o doutor Bill Harford. Juntos formam um casal perfeito, porém depois de participarem de uma festa, Alice confessa ter tido atração e fantasias sexuais com outro homem, que também estava na festa. Os dois começam a discutir e Bill passa a se perguntar o porquê disto estar acontecendo com ele, então ele vai procurar seu amigo Nick Nightingale, que irá lhe mostrar um mundo de fantasias e jogos sexuais.",159,17.6666
214756,Ted 2,2015-06-25,Comédia,6.324,8108,68000000,215863606,Seth MacFarlane,https://image.tmdb.org/t/p/w500/kblxjPVIXaIQ7iHo5b2LaBOEllD.jpg,"O urso de pelúcia Ted casa-se com Tami-Lynn. O casal pretende ter um bebê, mas para terem direito à inseminação artificial, Ted tem que provar na justiça que é um ser humano. Para alcançar o seu sonho, ele conta com a ajuda da advogada Samantha e do seu grande amigo John.",115,17.6511
809,Shrek 2,2004-05-19,Animação,7.328,13672,150000000,932542741,Andrew Adamson,https://image.tmdb.org/t/p/w500/2yYP0PQjG8zVqturh1BAqu2Tixl.jpg,"Após se casar com a Princesa Fiona, Shrek vive feliz em seu pântano. Ao retornar de sua lua-de-mel Fiona recebe uma carta de seus pais, que não sabem que ela agora é um ogro, convidando-a para um jantar juntamente com seu grande amor, na intenção de conhecê-lo. A muito custo Fiona consegue convencer Shrek a ir visitá-los, tendo ainda a companhia do Burro. Porém os problemas começam quando os pais de Fiona descobrem que ela não se casou com o Príncipe, a quem havia sido prometida, e enviam o Gato de Botas para separá-los.",93,17.6326
853033,불륜 동창회 2,2019-02-18,Drama,4.7,41,0,0,Kim Jong-min,https://image.tmdb.org/t/p/w500/wJHAEuL4ObSAp33T2iADrti0fAM.jpg,,73,17.6013
1363123,Plano em Família 2,2025-11-11,Ação,6.542,630,0,0,Simon Cellan Jones,https://image.tmdb.org/t/p/w500/aLgvLNWETZ2wtPzU3E7lavEpCJw.jpg,"Agora que os dias de assassino de Dan ficaram para trás, tudo o que ele quer no Natal é passar um tempo de qualidade com os filhos. Mas quando descobre que a filha tem seus próprios planos, ele marca uma viagem em família para Londres, colocando todos na mira de um inimigo inesperado.",106,17.5915
1384216,Ponto Sem Retorno,2026-08-26,Aventura,0.0,0,110000000,0,Ridley Scott,https://image.tmdb.org/t/p/w500/1C2qbfUW3lTzb8vpZeG8pjYzW3Q.jpg,"Após a população mundial ter sido devastada por uma pandemia, um homem vive uma existência solitária em um hangar de aviões no Colorado com seu cachorro e um pistoleiro taciturno com quem fez amizade. Quando uma transmissão misteriosa surge no rádio enquanto ele pilota seu velho Cessna, isso desencadeia uma busca pela origem do som.",0,17.5773
185,Laranja Mecânica,1971-10-28,Ficção científica,8.172,14030,2200000,27033812,Stanley Kubrick,https://image.tmdb.org/t/p/w500/e8jIwfP8jr81UTFbh2qJVjBhIUL.jpg,"Em uma Inglaterra do futuro, um membro de uma gangue de delinquentes tenta desligar-se, mas é espancado pelos demais e deixado ao abandono para ser apanhado pela polícia. Na prisão, ele é submetido a um tratamento experimental para recuperar criminosos, expondo-os às mazelas que eles mesmos infligiam à sociedade.",136,17.5762
273248,Os Oito Odiados,2015-12-25,Drama,7.8,15509,44000000,155760117,Quentin Tarantino,https://image.tmdb.org/t/p/w500/jfTo9U9OgOXODEEspNnYFuZdR1q.jpg,"Durante uma nevasca, um carrasco, uma prisioneira, um caçador de recompensas e um homem que alega ser xerife buscam abrigo no Armazém da Minnie, onde quatro outros desconhecidos estão abrigados. Aos poucos, os oito viajantes no local começam a descobrir os segredos sangrentos uns dos outros, levando a um inevitável confronto entre eles.",167,17.5753
404009,Una storia ambigua,1986-05-15,Comédia,4.375,8,0,0,Mario Bianchi,https://image.tmdb.org/t/p/w500/xYlgfHR6QwaPvtIa3hyA69MN5Rd.jpg,,90,17.5393
76757,O Destino de Júpiter,2015-02-04,Ficção científica,5.471,7200,176000000,184000000,Lana Wachowski,https://image.tmdb.org/t/p/w500/zcqNZetVd3ES4jsygaugF30zow4.jpg,"Jupiter Jones é a descendente de uma linhagem que a coloca como a próxima ocupante do posto de Rainha do Universo. Sem saber disto, ela segue sua vida pacata trabalhando como empregada doméstica nos Estados Unidos, país onde vive após deixar a Rússia. Um dia, ela recebe a visita de Caine, um ex-militar alterado geneticamente que tem por missão protegê-la a todo custo e levá-la para assumir seu lugar de direito.",124,17.5267
128,Princesa Mononoke,1997-07-12,Aventura,8.321,9192,23500000,176506186,Hayao Miyazaki,https://image.tmdb.org/t/p/w500/7EadOwHmyQgOnlghRiWBygNtnjl.jpg,"Um príncipe infectado por uma doença sabe que irá morrer, a menos que encontre a cura. Sendo a sua última esperança, segue para o leste e, durante o caminho, encontra animais da floresta lutando contra a sua exploração, liderados pela princesa Mononoke.",134,17.5038
1292695,Eles Vão te Matar,2026-03-25,Ação,6.947,1057,20000000,19382152,Кирилл Соколов,https://image.tmdb.org/t/p/w500/kPiqEJ8reCWKZXIWgweQd6eR2tP.jpg,"Uma mulher aceita um emprego como governanta em um arranha-céu de Nova York, sem saber da história de desaparecimentos do prédio. Ela logo percebe que a comunidade está envolta em mistério.",94,17.5006
297762,Mulher-Maravilha,2017-05-30,Ação,7.205,21109,149000000,823970682,Patty Jenkins,https://image.tmdb.org/t/p/w500/ujQthWB6c0ojlARk28NSTmqidbF.jpg,"Treinada desde cedo para ser uma guerreira imbatível, Diana Prince nunca saiu da paradisíaca ilha em que é reconhecida como Princesa das Amazonas. Quando o piloto Steve Trevor se acidenta e cai numa praia do local, ela descobre que uma guerra sem precedentes está se espalhando pelo mundo e decide deixar seu lar certa de que pode parar o conflito. Lutando para acabar com todas as lutas, Diana percebe o alcance de seus poderes e sua verdadeira missão na Terra.",141,17.4988
1402,À Procura da Felicidade,2006-12-14,Drama,7.885,10783,55000000,307077295,Gabriele Muccino,https://image.tmdb.org/t/p/w500/vHGC2sSh7pBWXY0qzMdPD7fcjzS.jpg,"Chris enfrenta sérios problemas financeiros e Linda, sua esposa, decide partir. Ele agora é pai solteiro e precisa cuidar de Christopher, seu filho de 5 anos. Chris tenta usar sua habilidade como vendedor para conseguir um emprego melhor, mas só consegue um estágio não remunerado. Seus problemas financeiros não podem esperar uma promoção e eles acabam despejados. Chris e Christopher passam a dormir em abrigos ou onde quer que consigam um refúgio, mantendo a esperança de que dias melhores virão.",117,17.4858
1294203,Minha Culpa: Londres,2025-02-12,Drama,7.399,618,0,0,Dani Girdwood,https://image.tmdb.org/t/p/w500/grM1am6mYzxA84xDzTk23FQU7dG.jpg,"Noah, de 18 anos, se muda dos EUA para Londres com a mãe, que recentemente se apaixonou por William, um rico empresário britânico. Noah conhece o filho de William, o bad boy Nick, e logo descobre uma atração que nenhum dos dois consegue evitar. Enquanto Noah passa o verão tentando se ajustar à nova vida, seu passado devastador a atingirá em cheio justo quando se apaixona pela primeira vez.",119,17.4752
105864,O Bom Dinossauro,2015-11-14,Aventura,6.747,6109,175000000,332207671,Peter Sohn,https://image.tmdb.org/t/p/w500/h85jXVapDFhsDvlsrmuMJkfvXSj.jpg,"Em um mundo onde os dinossauros e os humanos coexistem, um jovem apatossauro e um garoto neandertal criam uma amizade única e vivem aventuras inesquecíveis.",93,17.4689
291805,Truque de Mestre: O 2° Ato,2016-06-02,Crime,6.824,11733,120000000,334897606,Jon M. Chu,https://image.tmdb.org/t/p/w500/9uCUHxN5MD4vX6q1YEnpL6bQLiw.jpg,"Após enganarem o FBI, os cavaleiros Daniel Atlas, Merritt McKinney e Jack Wilder estão foragidos. Eles seguem as ordens de Dylan Rhodes, que segue trabalhando no FBI de forma a impedir os avanços na procura dos próprios cavaleiros. Paralelamente, o grupo planeja seu novo ato: desmascarar um jovem gênio da informática, cujo novo lançamento coleta dados pessoais dos usuários.",115,17.4223
26466,Triângulo do Medo,2009-10-16,Terror,6.91,3086,12000000,1594955,Christopher Smith,https://image.tmdb.org/t/p/w500/rH2VuwTwhISorOVllsDaMCGR7N0.jpg,"Quando Jess parte para o alto mar com um grupo de amigos a bordo de um veleiro, ela tem o pressentimento de que algo está errado. Seus temores se confirmam quendo uma tempestade atinge a embarcação deixando-os à deriva. Em seguida, um misterioso navio aparentemente abandonado surge e embarcar parece ser uma boa idéia. Logo, todos perceberão que não estão sozinhos e que alguma coisa está caçando os novos tripulantes.",99,17.4061
1470130,The Mortuary Assistant,2026-02-13,Terror,5.364,136,0,1300011,Jeremiah Kipp,https://image.tmdb.org/t/p/w500/mc3nj2DI1MZeFoAR08zSRDxezzf.jpg,"Rebecca Owens, recém-formada em ciências mortuárias, aceita um emprego noturno na funerária River Fields. O que começa como um trabalho rotineiro logo se transforma em algo sinistro, à medida que ela se depara com forças sobrenaturais aterrorizantes.",91,17.3765
634,O Diário de Bridget Jones,2001-04-13,Comédia,6.741,5594,25000000,281929795,Sharon Maguire,https://image.tmdb.org/t/p/w500/acjZNtv1H6wVadXnleSmYFjZk5k.jpg,"Bridget Jones, uma mulher de trinta anos, decide, entre as resoluções de Ano Novo escrever um diário. Bridget revela, a cada capítulo, as suas qualidades e os seus defeitos, além de expor com muito humor situações que fazem parte do dia-a-dia de várias mulheres nesta mesma faixa de idade: problemas com o trabalho, a busca do homem ideal etc. Cada capítulo do livro trata de um determinado dia na vida desta anti-heroína, que sempre inicia o seu relato contabilizando o peso e as calorias, cigarros e unidades alcoólicas que consumiu no dia anterior.",97,17.3731
991494,Bob Esponja: Em Busca da Calça Quadrada,2025-12-16,Aventura,6.782,339,64000000,163197450,Derek Drymon,https://image.tmdb.org/t/p/w500/obDYToEfPFNMKW6x0eamCrjTMzK.jpg,"Bob Esponja e seus amigos da Fenda do Bikini embarcam na maior aventura de suas vidas. Ao tentar provar que é grandão, ele acaba invocando o temido pirata fantasma Holandês Voador, que arrasta Bob Esponja e Patrick para uma jornada caótica no submundo. Enfrentando desafios enormes e com uma equipe de resgate em seu encalço, Bob Esponja descobre que a verdadeira coragem aparece quando os amigos encaram o desconhecido juntos.",88,17.3696
670,Oldboy,2003-11-21,Thriller,8.235,10093,3000000,17500000,Park Chan-wook,https://image.tmdb.org/t/p/w500/vHHxEpNwnHNJTPFxaSfSF0b2kBH.jpg,"Dae-Su é raptado e mantido em cativeiro por 15 anos num quarto de hotel, sem qualquer contato com o mundo externo. Quando ele é inexplicavelmente solto, descobre que é acusado pelo assassinato da esposa e embarca numa missão obsessiva por vingança.",120,17.3433
11216,Cinema Paradiso,1988-11-17,Drama,8.431,4941,5000000,35962062,Giuseppe Tornatore,https://image.tmdb.org/t/p/w500/kkmwHNAiCea2QGX6kgPmdDKaWyp.jpg,"Um diretor de cinema relembra como, em sua infância, se apaixonou pelo filmes no cinema de seu vilarejo e iniciou uma profunda amizade com o projetista.",155,17.3394
541671,Bailarina: Do Universo de John Wick,2025-06-04,Ação,7.271,2893,90000000,137408107,Len Wiseman,https://image.tmdb.org/t/p/w500/by5hjYJp3OJ8GW118kPeURp1rFo.jpg,"Bailarina  se passa durante os eventos de ‘John Wick 3: Parabellum‘ e acompanha Eve Macarro, que está começando seu treinamento nas tradições da organização Ruska Roma para se tornar uma assassina que buscará vingança contra aqueles que destruíram sua família.",125,17.3365
1679730,A Heroína da Fita,2026-08-07,Animação,6.964,14,0,0,五十嵐祐貴,https://image.tmdb.org/t/p/w500/sLjm1n06TuQnwT0XJp9YcvIMq44.jpg,"Depois da destruição causada pelo monstruoso Nergal, Safira desperta seus poderes como a Princesa Cavaleira e decide lutar para salvar seu novo lar.",112,17.2407
976573,Elementos,2023-06-14,Animação,7.595,5490,200000000,496444308,Peter Sohn,https://image.tmdb.org/t/p/w500/tsfaRkZfUl5Ve9GMV8oY0UuLH52.jpg,"Em uma cidade onde moradores do fogo, da água, da terra e do ar vivem juntos, uma jovem impetuosa e um homem tranquilo estão prestes a descobrir algo elementar: o quanto realmente têm em comum.",102,17.2159
464052,Mulher-Maravilha 1984,2020-12-16,Ação,6.36,9190,200000000,169601036,Patty Jenkins,https://image.tmdb.org/t/p/w500/qDA95ebiy3W3m8hTRB3xZNZVVBM.jpg,"Em 1984, Diana Prince entra em conflito com dois inimigos formidáveis, Maxwell Lord e a Mulher-Leopardo, enquanto reencontra misteriosamente com seu antigo interesse amoroso Steve Trevor.",151,17.2101
1398655,Blue Film,2026-05-08,Drama,7.375,12,0,0,Elliot Tuttle,https://image.tmdb.org/t/p/w500/7yqMtaRMPgntGcDtYySv7XfTsDB.jpg,"Um artista de webcam tem um encontro com um cliente que toma um rumo perturbador, descobrindo uma conexão obscura com seu passado.",85,17.1895
1265,Ponte para Terabítia,2007-02-15,Aventura,7.348,5418,60000000,137587063,Gábor Csupó,https://image.tmdb.org/t/p/w500/oWGPG1i9mUEyeQ01KJMQBt6KrhC.jpg,"Jess sente-se um estranho na escola e até mesmo em sua família. Durante todo o verão ele treinou para ser o garoto mais rápido da escola, mas seus planos são ameaçados por Leslie, que vence uma corrida que deveria ser apenas para garotos.",96,17.1802
273481,Sicario: Terra de Ninguém,2015-09-17,Ação,7.425,9761,30000000,84997446,Denis Villeneuve,https://image.tmdb.org/t/p/w500/3ywTErS7uJIJRjwXSJ0zLapBygK.jpg,"Na crescente fronteira sem lei entre os Estados Unidos e o México, uma agente do FBI é exposta ao mundo brutal do tráfico internacional de drogas por membros de uma força-tarefa do governo que a escalam em seu plano para derrotar o chefe de um cartel mexicano.",121,17.1588
84892,As Vantagens de Ser Invisível,2012-09-20,Drama,7.805,11377,13000000,33384127,Stephen Chbosky,https://image.tmdb.org/t/p/w500/pUYWbq0I6oCrysxuL0OCxwB8wFp.jpg,"Charlie é um jovem que tem dificuldades para interagir em sua nova escola. Com os nervos à flor da pele, ele se sente deslocado no ambiente. Sua professora de literatura, no entanto, acredita nele e o vê como um gênio. Mas Charlie continua a pensar pouco de si… até o dia em que dois amigos, Patrick e Sam, passam a andar com ele.",103,17.1463
770,...E o Vento Levou,1939-12-15,Drama,7.908,4445,4000000,402352579,Victor Fleming,https://image.tmdb.org/t/p/w500/jYNxBGPznKSJjNqp1N713oTli0m.jpg,"Scarlett O'Hara é uma jovem mimada que consegue tudo o que quer. No entanto, algo falta em sua vida: o amor de Ashley Wilkes, um nobre sulista que deve se casar com a sua prima Melanie. Tudo muda quando a Guerra Civil americana explode e Scarlett precisa lutar para sobreviver e manter a fazenda da família.",238,17.1212
577922,Tenet,2020-08-22,Ação,7.172,11391,205000000,365304105,Christopher Nolan,https://image.tmdb.org/t/p/w500/Ae0pbv4E6YfqfN3UjKWIfQSzP9v.jpg,"Armado com apenas uma palavra – Tenet – e lutando pela sobrevivência do mundo inteiro, o Protagonista viaja através de um mundo crepuscular de espionagem internacional em uma missão que irá desenrolar em algo para além do tempo real.",152,17.0816
9323,Ghost in the Shell: O Fantasma do Futuro,1995-11-18,Ação,7.9,3996,3000000,10000000,Mamoru Oshii,https://image.tmdb.org/t/p/w500/4YgDy47HKxcSwUPQWrg0J39lEZA.jpg,"Major Motoko Kusanagi, uma ciborgue do Setor de Segurança Pública 9, recebe a missão de capturar um hacker que está dominando a mente de humanos aperfeiçoados por computador. Mas ela acaba se envolvendo em uma trama de conspirações, que atinge interesses da alta cópula da política.",82,17.0676
254128,Terremoto: A Falha de San Andreas,2015-05-27,Ação,6.25,9150,110000000,473990832,Brad Peyton,https://image.tmdb.org/t/p/w500/wVp2zu88NMWpGluqW9eGQbwLWi.jpg,"Um forte terremoto atinge a Califórnia e faz com que Ray, um bombeiro especializado em resgates com helicópteros, tenha que percorrer o estado ao lado da ex-esposa para resgatar a sua filha Blake.",114,17.0559
999136,Não Entre,2026-03-19,Terror,6.3,317,0,0,Marc Klasfeld,https://image.tmdb.org/t/p/w500/stM9N7eJmHKLmFR59JG4tLdN7Wk.jpg,"Um grupo de exploradores investiga um antigo hotel abandonado, encontrando um estranho ser sobrenatural e um grupo rival em busca de um lendário tesouro escondido.",91,17.0409
791373,Liga da Justiça de Zack Snyder,2021-03-18,Ação,8.08,11038,70000000,0,Zack Snyder,https://image.tmdb.org/t/p/w500/lsZ5dmMuvZVNMBrkozvJedujbgU.jpg,"Determinado a garantir que o sacrifício final do Superman não foi em vão, Bruce Wayne alinha forças com Diana Prince com planos de recrutar uma equipe de metahumanos para proteger o mundo de uma ameaça de proporções catastróficas que se aproxima.",242,17.0292
524434,Eternos,2021-11-03,Ficção científica,6.759,9314,200000000,402064899,Chloé Zhao,https://image.tmdb.org/t/p/w500/2IgZIYa8iTQuLNIcVERwXmh8pUj.jpg,"Após os eventos de ""Vingadores: Ultimato"", os Eternos, uma raça alienígena imortal criada pelos Celestiais que vivem em segredo na Terra há mais de 7000 anos, se reúnem após uma tragédia inesperada para proteger a humanidade de seus colegas malignos: os Deviantes.",157,17.0279
281957,O Regresso,2015-12-25,Faroeste,7.541,19585,135000000,532950503,Alejandro G. Iñárritu,https://image.tmdb.org/t/p/w500/x1jViuXsm5ZmrR6uFmxU6AVdXzs.jpg,"Durante uma expedição em uma selvagem região americana, o lendário explorador Hugh Glass é brutalmente atacado por um urso e deixado para morrer por membros de seu próprio grupo de caça. Em sua cruzada pela sobrevivência, Glass supera tribulações inimagináveis, bem como a traição de seu confidente John Fitzgerald. Guiado por pura determinação e pelo amor de sua família, Glass precisa superar um inverno rigoroso enquanto busca incansavelmente um motivo para seguir em frente e encontrar a redenção.",157,17.0154
661539,Um Completo Desconhecido,2024-12-25,Drama,7.1,1524,65000000,140508652,James Mangold,https://image.tmdb.org/t/p/w500/tXNPJ3XvF4RaEV66Qm9QO3pu3w7.jpg,"No Newport Folk Festival, em 1965, o jovem Bob Dylan sacudiu o cenário da música folclórica ao se tornar elétrico e transformar o rock na voz de uma geração, definindo um dos momentos mais transformadores da música do século XX.",141,16.9954
1246049,Drácula - Uma História de Amor Eterno,2025-07-30,Terror,7.23,1426,52000000,42415061,Luc Besson,https://image.tmdb.org/t/p/w500/eypGGvlpSiEpbeGkczyJCKboS4F.jpg,"No século XV, o príncipe Vlad II perde o seu amor, a princesa Elisabeta. Tomado pela dor, rejeita a Deus e herda uma maldição eterna: vira o Conde Drácula, um vampiro condenado a vagar pelos séculos na esperança de reencontrar a amada.",129,16.9881
27,9 Canções,2004-07-16,Drama,5.539,593,1000000,1574623,Michael Winterbottom,https://image.tmdb.org/t/p/w500/91O7z0vo7MiNWd5xD2BoivwbQsb.jpg,"Londres, verão de 2003. Matt conhece Lisa, uma jovem estudante americana, em meio a um show. Eles logo se apaixonam, vivendo um intenso relacionamento sexual entremeado por vários shows que acompanham.",71,16.9858
1086268,Тrоје,2023-03-01,Drama,6.5,2,0,0,Petar Pašić,https://image.tmdb.org/t/p/w500/5mKQPfSpfR0BleflXfV5tyfsh3c.jpg,,97,16.9643
777443,The Electric State,2025-02-24,Ação,6.478,1753,320000000,0,Joe Russo,https://image.tmdb.org/t/p/w500/mUBxeBpI5xg66YhLJxg8Ppv0ArW.jpg,"Uma adolescente órfã pega a estrada com um robô misterioso em busca do irmão há muito tempo desaparecido, encontrando no caminho um contrabandista e seu ajudante hilário.",125,16.9436
35,Os Simpsons: O Filme,2007-07-25,Animação,7.024,8665,75000000,527068851,David Silverman,https://image.tmdb.org/t/p/w500/vTutCMTUTRw8PQAxn21X8hCxVnp.jpg,"Homer deve salvar o mundo de uma catástrofe que ele mesmo criou. Tudo começa com Homer, seu novo porco de estimação, e um silo cheio de excrementos, uma combinação que desencadeia um desastre como Springfield nunca experimentou.",87,16.9345
242,O Poderoso Chefão: Parte III,1990-12-25,Crime,7.419,6988,54000000,136766062,Francis Ford Coppola,https://image.tmdb.org/t/p/w500/y8GROCjgD8amoFufSx2USKrOy7d.jpg,"Don Michael Corleone está envelhecendo e, com a ajuda do sobrinho Vicente Mancini, busca a legitimação dos interesses da família, em Nova York e na Itália, antes de sua morte. Mas seu protegido não está só interessado em parte do império da família. Ele também deseja a filha de Michael, Mary.",162,16.9308
438148,Minions 2: A Origem de Gru,2022-06-29,Animação,7.257,4113,85000000,940203765,Kyle Balda,https://image.tmdb.org/t/p/w500/iTP3mMw0AoqmScYzDoMmYeKxYe.jpg,"A continuação das aventuras dos Minions, sempre em busca de um líder tirânico. Dessa vez, eles ajudam um Gru ainda criança, descobrindo como ser vilão.",87,16.9287
855,Falcão Negro em Perigo,2001-12-28,Ação,7.398,6506,92000000,172989651,Ridley Scott,https://image.tmdb.org/t/p/w500/mwlZSgXxX0XrRGP7gMLdJxlrOTY.jpg,"Em outubro de 1993, durante a guerra civil da Somália, uma força de elite americana é enviada para capturar generais locais. Porém, após dois helicópteros serem derrubados, o que deveria ser uma operação simples se torna uma extensa batalha.",145,16.9242
100402,Capitão América: O Soldado Invernal,2014-03-20,Ação,7.654,20318,170000000,714766572,Joe Russo,https://image.tmdb.org/t/p/w500/9sTDXtIIfHza1rAbmHU2djyzEXA.jpg,"Após os eventos catastróficos em Nova York com Os Vingadores, Steve Rogers segue tentando se ajustar ao mundo moderno. Porém, quando um colega da agência S.H.I.E.L.D. é atacado, Steve se vê preso em uma rede de intrigas que ameaça colocar o mundo em risco. Em parceria com a Viúva Negra e Falcão, seu novo aliado, o Capitão América tem que enfrentar um misterioso e inesperado inimigo, o Soldado Invernal.",136,16.9092
13475,Star Trek,2009-05-06,Ficção científica,7.437,10660,150000000,386839614,J.J. Abrams,https://image.tmdb.org/t/p/w500/pSAft4hYskVLuTwjaO2bA90K8iP.jpg,"Está tudo pronto para a viagem inaugural da nave espacial mais moderna já criada: a USS Enterprise. Sua jovem tripulação tem uma missão importante: encontrar uma maneira de deter o malvado Nero que, motivado pela vingança, ameaça toda a humanidade. Mas o destino da galáxia está nas mãos de dois jovens rivais, que nasceram em mundos diferentes. Um deles, Tiberius James Kirk, é humano, em busca de emoções e um líder nato. O outro, Spock, meio humano e meio vulcano, é desprezado pelos vulcanos por suas emoções humanas.",127,16.9052
580489,Venom: Tempo de Carnificina,2021-09-30,Ficção científica,6.734,11342,110000000,506863592,Andy Serkis,https://image.tmdb.org/t/p/w500/h5UzYZquMwO9FVn15R2eK2itmHu.jpg,"Em busca de seu próximo furo de reportagem, o jornalista Eddie Brock consegue uma entrevista exclusiva com Cletus Kasady, um assassino no corredor da morte, que descobre o segredo de Eddie e se torna o hospedeiro de Carnificina, um simbionte aterrorizante e ameaçador. Eddie e Venom precisam superar sua relação atribulada e trabalhar em conjunto para derrotar Carnificina.",97,16.8954
609681,As Marvels,2023-11-08,Ficção científica,5.921,3562,274800000,206136825,Nia DaCosta,https://image.tmdb.org/t/p/w500/wpp5KIwjtrKoWj5H0TSsJdqsDx7.jpg,"Quando suas obrigações a levam a uma fenda espacial anômala ligada a um revolucionário Kree, os poderes de Carol Danvers, a Capitã Marvel, se entrelaçam aos de Kamala Khan, a Ms. Marvel, e aos da sobrinha de Carol, astronauta da S.A.B.E.R., Capitã Monica Rambeau. Juntas, esse trio improvável deve ser unir para salvar o universo como ""As Marvels"".",156,16.8938
311,Era Uma Vez na América,1984-05-23,Drama,8.374,6152,30000000,5500000,Sergio Leone,https://image.tmdb.org/t/p/w500/ojfEiNOBX7eqh4fDhRhNDTwb38R.jpg,"Depois de crescer no gueto judeu de Nova Iorque e se destacar no crime organizado da Era da Proibição, um gângster de idade retorna a Brooklyn para enfrentar seu passado.",229,16.892
546554,Entre Facas e Segredos,2019-11-27,Comédia,7.841,14339,40000000,312897920,Rian Johnson,https://image.tmdb.org/t/p/w500/9H8PNc4JJRjPnfSh8gGukD0CbqQ.jpg,"Após comemorar 85 anos de idade, o famoso escritor de histórias policiais Harlan Thrombey é encontrado morto dentro de sua propriedade. Logo, o detetive Benoit Blanc é contratado para investigar o caso e descobre que, entre os funcionários misteriosos e a família conflituosa de Harlan, todos podem ser considerados suspeitos do crime.",131,16.8684
915935,Anatomia de uma Queda,2023-08-23,Thriller,7.512,3418,6600000,36000000,Justine Triet,https://image.tmdb.org/t/p/w500/woXYl0DJTx6TsfYWPkSfNHTsoOx.jpg,"Uma mulher é suspeita do assassinato de seu marido, e seu filho cego enfrenta um dilema moral como única testemunha.",151,16.8366
420818,O Rei Leão,2019-07-12,Aventura,7.092,10858,260000000,1662020819,Jon Favreau,https://image.tmdb.org/t/p/w500/wrHr8eEJYDAA7WYybyH162s4oZ4.jpg,"Simba é um jovem leão cujo destino é se tornar o rei da selva. Entretanto, uma armadilha elaborada por seu tio Scar faz com que Mufasa, o atual rei, morra ao tentar salvar o filhote. Consumido pela culpa, Simba deixa o reino rumo a um local distante, onde encontra amigos que o ensinam a mais uma vez ter prazer pela vida.",118,16.8233
1716513,Extreme Makeover: Homer Edition,2026-06-17,Animação,7.203,64,0,0,Matthew Nastuk,https://image.tmdb.org/t/p/w500/vim76mMXig00YRxN2iGYJASoGkP.jpg,,48,16.8203
399579,Alita: Anjo de Combate,2019-01-31,Ação,7.272,10280,170000000,405000000,Robert Rodriguez,https://image.tmdb.org/t/p/w500/xUOP8nSOcwymKeOS9L4iJbLXG74.jpg,"Abandonada em um ferro-velho de Iron City, a ciborgue Alita é encontrada pelo cientista Dyson Ido. Revitalizada, ela acorda sem memória e reconhecimento do mundo em que se encontra. Determinada a conhecer seu passado e explorar suas habilidades surpreendentes de luta, Alita se torna uma poderosa caçadora de recompensas, combatendo forças mortais.",122,16.7979
24086,O Garoto Que Podia Voar,1986-08-15,Drama,6.3,147,0,7177431,Nick Castle,https://image.tmdb.org/t/p/w500/74L3knV7hNM3yahko0omnQ62B4i.jpg,"Milly, Louis e sua mãe recém-viúva, Charlene, mudam-se para um novo bairro. Ao chegarem lá, todos lidam com uma variedade de problemas pessoais, mas Milly encontra um amigo em Eric, seu vizinho autista. Eric é fascinado por voar e, à medida que a história avança, ele exerce uma força cativante de mudança em todos os que o cercam.",114,16.7927
952079,초대받은 배달부 2,2022-03-11,Romance,7.0,1,0,0,Lee Sang-soo,https://image.tmdb.org/t/p/w500/41Q9zWeeZXJguvrSmZGDgci1cbB.jpg,,83,16.7901
1232449,Corações Jovens,2024-10-26,Drama,8.567,304,0,136344,Anthony Schatteman,https://image.tmdb.org/t/p/w500/o6HgnIbvKzitcwzmX3AmBjwxgMO.jpg,"Elias desenvolve sentimentos por seu novo vizinho Alexander. Ele logo percebe que está se apaixonando pela primeira vez. As interações com seus amigos e familiares trazem mais perguntas do que respostas. Confuso com seus sentimentos, Elias tenta resolver seu caos interior para provar que merece o coração de Alexander.",99,16.7894
118,A Fantástica Fábrica de Chocolate,2005-07-13,Aventura,7.038,16300,150000000,475000000,Tim Burton,https://image.tmdb.org/t/p/w500/vSl1u0z4TCKL4VPVyr6KDtZibYT.jpg,"Willy Wonka é o excêntrico dono da maior fábrica de doces do planeta, que decide realizar um concurso mundial para escolher um herdeiro para seu império. Cinco crianças de sorte, entre elas Charlie Bucket, encontram um convite dourado em barras de chocolate Wonka e com isso ganham uma visita guiada pela lendária fábrica de chocolate, que não era visitada por ninguém há quinze anos.",111,16.7722
338953,Animais Fantásticos: Os Segredos de Dumbledore,2022-04-06,Fantasia,6.626,5202,200000000,407200000,David Yates,https://image.tmdb.org/t/p/w500/jIyTuxNB3lHxmx8YlmOf3X5A7l7.jpg,"O professor Alvo Dumbledore sabe que o poderoso mago das trevas Gellert Grindelwald está se movimentando para assumir o controle do mundo mágico. Incapaz de detê-lo sozinho, ele pede ao magizoologista Newt Scamander para liderar uma intrépida equipe de bruxos, bruxas e um corajoso padeiro trouxa em uma missão perigosa, em que eles encontram velhos e novos animais fantásticos e entram em conflito com a crescente legião de seguidores de Grindelwald. Mas com tantas ameaças, quanto tempo poderá Dumbledore permanecer à margem do embate?",142,16.7501
270946,Os Pinguins de Madagascar - O Filme,2014-11-22,Família,6.542,4553,132000000,373515621,Simon J. Smith,https://image.tmdb.org/t/p/w500/w9jno0ySammISRGvc0RZREjYUvg.jpg,"Os valentes pinguins Capitão, Kowalski, Rico e Recruta se unem a uma força de elite, chamada Vento do Norte, para impedir que o vilão Dr. Octavius Brine acabe com os pinguins do mundo todo.",92,16.6949
120467,O Grande Hotel Budapeste,2014-02-26,Comédia,8.025,16385,30000000,174600318,Wes Anderson,https://image.tmdb.org/t/p/w500/yabOguSrb8ffUXCkI6t8Rw7xtSh.jpg,"No período entre as duas guerras mundiais, o famoso gerente de um hotel europeu conhece um jovem empregado e os dois tornam-se melhores amigos. Entre as aventuras vividas pelos dois, constam o roubo de um famoso quadro do Renascimento, a batalha pela grande fortuna de uma família e as transformações históricas durante a primeira metade do século XX.",100,16.6769
146233,Os Suspeitos,2013-09-19,Drama,8.106,13359,46000000,122127446,Denis Villeneuve,https://image.tmdb.org/t/p/w500/30YtzPOimO7eG30r8K8rUkqTGNj.jpg,"Depois que sua filha de seis anos e uma amiga dela são sequestradas, Keller Dove, um carpinteiro de Boston, enfrenta o departamento de polícia e o jovem detetive encarregado do caso para fazer justiça com as próprias mãos.",153,16.6658
1387382,Temporada de Sangue,2025-12-05,Ação,7.419,416,0,0,Raja Collins,https://image.tmdb.org/t/p/w500/fDXOdFhBoUNyY7GsM11z7EfKk68.jpg,"Um pai solteiro fará de tudo para proteger sua filha de 13 anos do mundo corrupto que a cerca, enfrentando ameaças que testam seus limites enquanto luta para garantir a ela um futuro mais seguro.",93,16.6542
38,Brilho Eterno de uma Mente sem Lembranças,2004-03-19,Ficção científica,8.089,16603,20000000,72258126,Michel Gondry,https://image.tmdb.org/t/p/w500/zqbwK2ugTPauBQwzcNAM3PxVoww.jpg,"Joel se surpreende ao saber que seu amor verdadeiro, Clementine, o apagou completamente de sua memória. Ele decide fazer o mesmo, mas muda de ideia. Preso dentro da própria mente enquanto os especialistas se mantêm ocupados em seu apartamento, Joel precisa avisá-los para parar.",108,16.6533
1281195,Truly Naked,2026-04-15,Drama,6.8,10,0,0,Muriel d'Ansembourg,https://image.tmdb.org/t/p/w500/y23B9EnC0LDw8zMKlpXJauyLH7k.jpg,,102,16.6143
7220,O Justiceiro,2004-04-15,Ação,6.38,3240,33000000,54700105,Jonathan Hensleigh,https://image.tmdb.org/t/p/w500/9RQ6LDA2NG97cxL2bLw1O2R2nkp.jpg,"Após ter sua esposa e filho assassinados, Frank Castle decidiu por dedicar sua vida a eliminar o crime das ruas da cidade em que vive. Para tanto, Castle não apenas persegue os bandidos como também os elimina, usando sua experiência como agente secreto do FBI. Seu novo alvo é Howard Saint, um homem ligado ao submundo do crime que decide se vingar da sociedade após ter seu filho morto.",124,16.6125
530385,Midsommar: O Mal Não Espera a Noite,2019-07-03,Terror,7.145,8314,9000000,48498408,Ari Aster,https://image.tmdb.org/t/p/w500/hR4dXPlWq5Nekwjqbp3gFGeiiZS.jpg,"Dani e Christian formam um jovem casal americano com um relacionamento prestes a desmoronar. Mas depois que uma tragédia familiar os mantém juntos, Dani, que está de luto, convida-se para se juntar a Christian e seus amigos em uma viagem para um festival de verão único em uma remota vila sueca. O que começa como férias despreocupadas de verão em uma terra de luz eterna toma um rumo sinistro quando os moradores do vilarejo convidam o grupo a participar de festividades que tornam o paraíso pastoral cada vez mais preocupante e visceralmente perturbador.",148,16.6088
137,Feitiço do Tempo,1993-02-11,Romance,7.635,9073,14600000,71108778,Harold Ramis,https://image.tmdb.org/t/p/w500/rhiOgetrHuYAIJkGjReCDkbEBJ5.jpg,"Phil, um arrogante meteorologista de um canal de televisão, fica preso em uma espécie de túnel do tempo, condenado a reviver indefinidamente o mesmo dia até que mude suas atitudes.",101,16.6002
82690,Detona Ralph,2012-11-01,Família,7.361,13244,165000000,471222889,Rich Moore,https://image.tmdb.org/t/p/w500/9OGpoSaGGwbWSFQVFaVGakLyaoK.jpg,"Ralph está cansado de ser desprezado no seu próprio jogo de fliperama. Para ganhar a atenção do herói Felix e todos os outros personagens, o vilão tem um plano e sai em busca de uma medalha, com a intenção de provar o seu valor.",108,16.5804
73861,A Serbian Film - Terror sem Limites,2010-01-06,Crime,5.45,2250,0,0,Срђан Спасојевић,https://image.tmdb.org/t/p/w500/r7MR0GmKe4pE0OX43LXMztNz8Z8.jpg,"Milos (Srdjan Todorovic), um ator pornô aposentado, é convidado a participar de um filme erótico de arte. Como enfrenta problemas financeiros ele aceita a oferta, sem imaginar que está entrando num ""snuff movie"" da sua própria vida.",104,16.5654
1301310,Zombies of the Third Reich,2025-06-10,Terror,3.75,6,0,0,David Gregory,https://image.tmdb.org/t/p/w500/hjrgOWoruk9ea0tXaN8l2gtmkeH.jpg,,75,16.5576
73,A Outra História Americana,1998-07-01,Drama,8.326,12794,20000000,23900000,Tony Kaye,https://image.tmdb.org/t/p/w500/hgvKHv8d9bQEiQV5JE8nx0I2zhr.jpg,"Derek busca vazão para suas agruras tornando-se líder de uma gangue de racistas. A violência o leva a um assassinato, e ele é condenado pelo crime. Três anos mais tarde, ele sai da prisão e tem que convencer seu irmão, que está prestes a assumir a liderança do grupo, a não trilhar o mesmo caminho.",119,16.535
4232,Pânico,1996-12-20,Crime,7.432,8153,14000000,173046663,Wes Craven,https://image.tmdb.org/t/p/w500/cJj2gYzkPFSqYGGOhfLgeANlXkB.jpg,"Após uma série de mortes misteriosas, um grupo de amigos são ameaçados por um assassino. Em uma mistura de emoções fortes e muitos sustos, aqui a única coisa que se pode ter certeza é que todos são vítimas e todos são suspeitos.",111,16.5319
898704,O Leão do Deserto,2026-04-23,História,5.8,25,150000000,742066,Rupert Wyatt,https://image.tmdb.org/t/p/w500/coii4fq9rxNXjBGJzXSyxamEFvY.jpg,"Um ladrão honrado e misterioso, conhecido como Hanzala, se torna inimigo do Imperador Kisra depois de ajudar um rei e uma princesa fugitivos no deserto.",127,16.5154
14161,2012,2009-10-10,Ação,5.89,12928,200000000,791217826,Roland Emmerich,https://image.tmdb.org/t/p/w500/3OyC6YVOrTqXpSjgXQ1L8LDrUFp.jpg,"Bilhões de habitantes da Terra não estão cientes de que o planeta tem uma data de expiração. Com os avisos de um cientista norte-americano, os líderes mundiais começam os preparativos secretos para a sobrevivência de alguns membros da sociedade. Quando o cataclisma global finalmente ocorre, o fracassado escritor Jackson Curtis tenta levar sua família para um lugar seguro quando o mundo começa a desmoronar.",158,16.4858
955,Missão: Impossível 2,2000-05-24,Aventura,6.14,7727,125000000,546388108,John Woo,https://image.tmdb.org/t/p/w500/9KmHXpKouPeW5BTWZZU7Vjqtj57.jpg,"Ethan Hunt retorna para liderar sua equipe em uma missão que pretende capturar um vírus mortal alemão antes que ele seja liberado por terroristas. Sua missão é fazer o impossível, até porque ele não é a única pessoa procurando as amostras da doença. Ele também compete com uma gangue de terroristas internacionais, liderados por um ex-agente que já roubou a cura para o vírus.",123,16.4843
856,Uma Cilada para Roger Rabbit,1988-06-22,Fantasia,7.539,6292,70000000,329800000,Robert Zemeckis,https://image.tmdb.org/t/p/w500/1sNM9NOJrdVhJUkWQkbcekoLiic.jpg,"O detetive de carne e osso Eddie Valiant é contratado para descobrir o que está acontecendo com o coelho Roger Rabbit e sua mulher Jessica, suspeita de infidelidade. Quando Marvin Acme é encontrado morto, Roger é o principal suspeito do crime no mundo real. Para piorar a situação, um vilão quer acabar de uma vez por todas com Roger, Jessica e todos os desenhos animados.",104,16.4706
1241436,Tempo de Guerra,2025-04-09,Guerra,7.072,1569,20000000,34902602,Ray Mendoza,https://image.tmdb.org/t/p/w500/223TDJjnhuQV6cTUlvn6e39s0GA.jpg,"Um pelotão de SEALs da marinha embarca em uma missão perigosa em Ramadi, Iraque, com o caos e a irmandade da guerra recontados por meio de suas memórias do evento.",95,16.4587
766507,O Predador: A Caçada,2022-08-02,Thriller,7.65,7907,65000000,0,Dan Trachtenberg,https://image.tmdb.org/t/p/w500/n2hyhBPIYbwvCSipcawcc8iEAsH.jpg,"Ambientado há 300 anos na Nação Comanche, esta é a história de Naru, uma guerreira destemida e hábil, criada na sombra dos lendários caçadores que habitam as Grandes Planícies. Quando um perigo ameaça seu povo, ela parte para protegê-los. Porém, sua presa é um predador alienígena altamente evoluído munido com armas tecnologicamente avançadas.",99,16.4512
359724,Ford vs Ferrari,2019-11-13,Drama,8.006,9197,97600000,225508210,James Mangold,https://image.tmdb.org/t/p/w500/t8L9dqNMclXJHP0TesPsPS2RvB1.jpg,O designer de carros americano Carroll Shelby e o destemido piloto britânico Ken Miles juntos combatem a interferência corporativa e as leis da física para construir um carro de corrida revolucionário e enfrentar Enzo Ferrari nas 24 horas de Le Mans na França em 1966.,153,16.4459
1539104,JUJUTSU KAISEN: Execução,2025-11-07,Animação,6.049,113,0,44457030,御所園翔太,https://image.tmdb.org/t/p/w500/qg4Qfsr0wWLTkRSIjI04NQzxB3w.jpg,"Yuji Itadori, acompanhado por seus colegas de classe e outros feiticeiros jujutsu de alto nível, entra na briga em um confronto sem precedentes de maldições: o Incidente de Shibuya. No rescaldo, dez colônias em todo o Japão são transformadas em antros de maldições em um plano orquestrado por Noritoshi Kamo, o feiticeiro mais perverso da história.",88,16.4458
601,E.T.: O Extraterrestre,1982-06-11,Aventura,7.519,12173,10500000,797307407,Steven Spielberg,https://image.tmdb.org/t/p/w500/8j5igb0iuV9TYudw9SuMV5GT9K9.jpg,"Um alienígena é deixado para trás na Terra e é salvo por Elliot, um garoto de 10 anos, que decide mantê-lo escondido em sua casa. Enquanto uma força-tarefa caça o extraterrestre, Elliot, seu irmão e sua irmã mais nova, Gertie, formam um vínculo emocional com seu novo amigo e tentam ajudá-lo a encontrar o caminho de casa.",115,16.4306
75656,Truque de Mestre,2013-05-29,Thriller,7.326,17021,75000000,351723989,Louis Leterrier,https://image.tmdb.org/t/p/w500/zZyC1mXEs13adcmU2NibCP0W5F6.jpg,Um agente do F.B.I.  e uma detetive da Interpol rastreiam uma equipe de ilusionistas que realizam assaltos a bancos durante suas apresentações e recompensam seu público com o dinheiro.,116,16.4227
2503,O Ultimato Bourne,2007-08-03,Ação,7.442,8508,70000000,442824138,Paul Greengrass,https://image.tmdb.org/t/p/w500/cCmkrXF2CL9rx9BnQHDGDhQv4pD.jpg,"Procurado pela CIA, o assassino Jason Bourne viaja pelo mundo tentando reconstruir o próprio passado e descobrir a verdadeira identidade.",115,16.4094
75278,Im Gasthaus zum scharfen Hirschen,1975-01-01,Comédia,5.5,13,0,0,Hans Billian,https://image.tmdb.org/t/p/w500/jxjpY37ELEDs77GpBm2CY9VxRZ5.jpg,,85,16.4086
43347,Amor e Outras Drogas,2010-11-22,Drama,7.043,5691,30000000,102800000,Edward Zwick,https://image.tmdb.org/t/p/w500/ddn7w20Z342xycVN9I9Lc0ZnKS4.jpg,"Maggie é uma mulher de espírito livre que não quer se amarrar a alguém de maneira alguma. Ela só não esperava conhecer Jamie, um charmoso vendedor de produtos farmacêuticos que tem todas as mulheres aos seus pés. Aos poucos, o relacionamento evoluiu e ambos descobrem que estão sob a influência da droga mais forte já inventada: o amor.",112,16.4001
1417285,ราคี,2026-02-26,Terror,4.0,2,0,0,Bhanbhassa Dhubthien,https://image.tmdb.org/t/p/w500/vPxVvwMduxySggqEyHpwQNtjbx6.jpg,,105,16.3987
209112,Batman vs Superman: A Origem da Justiça,2016-03-23,Ação,6.009,19238,250000000,874362803,Zack Snyder,https://image.tmdb.org/t/p/w500/vh6pjeGH0GQupLepPCZn5PylcRg.jpg,"Temendo que as ações de um super-herói divino não tenham sido controladas, o formidável e vigoroso vigilante de Gotham City enfrenta o salvador mais reverenciado e moderno de Metrópolis, enquanto o mundo luta com o tipo de herói que realmente precisa. E com Batman e Superman em guerra um contra o outro, uma nova ameaça rapidamente surge, colocando a humanidade em maior perigo do que nunca antes.",182,16.3893
508442,Soul,2020-12-25,Animação,8.09,11634,150000000,121977511,Pete Docter,https://image.tmdb.org/t/p/w500/1G7QNn1sUShae0Rf9k9D99wVFg5.jpg,"Joe Gardner é um professor de música de ensino fundamental desanimado por não conseguir alcançar seu sonho de tocar no lendário clube de jazz The Blue Note, em Nova York. Quando um acidente o transporta para fora do seu corpo, fazendo com que ele exista em outra realidade na forma de sua alma, ele se vê forçado a embarcar em uma aventura ao lado da alma de uma criança que ainda está aprendendo sobre si, para aprender o que é necessário para retomar sua vida.",100,16.3741
615173,A Bruxa - Parte 2: A Colisão,2022-06-15,Ação,7.43,465,0,23068596,박훈정,https://image.tmdb.org/t/p/w500/en0le1j1jdDrAlxeVurp50Pihcm.jpg,"Uma garota acorda em um enorme laboratório secreto e por acidente, conhece uma garota que está tentando proteger sua casa de uma gangue. A garota misteriosa vence a gangue com seus poderes sobrenaturais, e a equipe do laboratório parte para encontrá-la.",137,16.3658
245891,John Wick - De Volta ao Jogo,2014-10-16,Ação,7.462,21180,20000000,86085191,Chad Stahelski,https://image.tmdb.org/t/p/w500/lBcQGk1ygGM2wYmpypFrPp0YohN.jpg,"John Wick é um lendário assassino de aluguel aposentado, lidando com o luto após perder o grande amor de sua vida. Quando um gângster invade sua casa, mata seu cachorro e rouba seu carro, ele é forçado a voltar à ativa e inicia sua vingança.",101,16.3611
259316,Animais Fantásticos e Onde Habitam,2016-11-16,Fantasia,7.309,19893,180000000,809342332,David Yates,https://image.tmdb.org/t/p/w500/sGkt9ekX5cgRYKRIiJM27Xp3piR.jpg,"O ano é 1926 e algo misterioso, que ameaça expor o mundo bruxo, está deixando rastros de destruição nas ruas de Nova York. Newt Scamander chega à cidade durante sua excursão mundial para pesquisar e resgatar criaturas mágicas quando o No-Maj Jacbob Kowalski deixa que alguns desses animais escapem acidentalmente da maleta mágica de Newt. Então um grupo de improváveis heróis precisa recuperá-los antes que eles possam causar mais estragos. Só que a missão desse corajoso grupo está prestes a esbarrar com as poderosas forças das trevas.",132,16.3602
1408208,Exit 8,2025-08-03,Terror,7.001,712,1400000,43892680,川村元気,https://image.tmdb.org/t/p/w500/naszJRWpzgbrR9vdifVoQ9IpNqW.jpg,"Um homem fica preso em uma passagem infinita de metrô e precisa encontrar a Saída 8 para escapar. Para avançar, ele deve observar tudo com atenção: se notar qualquer anomalia, deve voltar imediatamente; se não houver nada estranho, deve continuar. Porém, qualquer erro o faz retornar ao início da jornada. Será que ele alcançará seu objetivo e escapará deste corredor infinito?",95,16.3597
953,Madagascar,2005-05-25,Aventura,6.929,11916,75000000,542064525,Eric Darnell,https://image.tmdb.org/t/p/w500/9OFYnKQBdSfoSunwkImoTtYo9S9.jpg,"O leão Alex é a grande atração do zoológico do Central Park, em Nova York. Ele e seus melhores amigos, a zebra Marty, a girafa Melman e a hipopótamo Gloria, sempre passaram a vida em cativeiro e desconhecem o que é morar na selva. Curioso em saber o que há por trás dos muros do zoo, Marty decide fugir e explorar o mundo. Ao perceberem, Alex, Gloria e Melman decidem partir à sua procura. O trio encontra Marty na estação Grand Central do metrô, mas antes que consigam voltar para casa são atingidos por dardos tranquilizantes e capturados. Embarcados em um navio rumo à África, eles acabam na ilha de Madagascar, onde precisam encontrar meios de sobrevivência em uma selva verdadeira.",86,16.3359
613504,After: Depois da Verdade,2020-09-02,Drama,7.15,5493,14000000,47990414,Roger Kumble,https://image.tmdb.org/t/p/w500/aduKXG7H0z0osY8KNQjcLB3cWO5.jpg,"Após descobrir sobre a aposta, Tessa (Josephine Langford) tenta esquecer Hardin (Hero Fiennes Tiffin), o jovem caótico e revoltado que partiu seu coração. Porém, ela está prestes a descobrir que alguns amores não podem ser superados. Hardin sabe que cometeu o pior erro de sua vida ao ter magoado a jovem tão profundamente, mas vai lutar com toda a sua força para reconquistar o grande amor da sua vida.",105,16.3177
979,Irreversível,2002-05-22,Drama,7.171,3389,3500000,6500000,Gaspar Noé,https://image.tmdb.org/t/p/w500/zp6q1MQ9qEJuJj3zvQ5HJuutvQb.jpg,"O filme narra, de trás para frente, a história de uma vingança. A primeira seqüência mostra dois amigos desesperados, Marcus (Vincent Cassel) e Pierre (Albert Dupontel), saindo pelo submundo de Paris à procura do homem que teria estuprado e espancado Alex (Monica Bellucci), a atual namorada de Marcus e ex-namorada de Pierre. Em seguida, a narrativa volta passo a passo no tempo para mostrar como Marcus e Pierre descobriram o nome do autor do crime, recuando até o próprio estupro e os eventos que o antecederam.",94,16.3135
447332,Um Lugar Silencioso,2018-04-03,Terror,7.395,15610,17000000,340955294,John Krasinski,https://image.tmdb.org/t/p/w500/jk1LYcbiuUr0tv37cVcmp4u9KcN.jpg,"Em uma fazenda dos Estados Unidos, uma família do meio-oeste é perseguida por uma entidade fantasmagórica assustadora. Para se protegerem, eles devem permanecer em silêncio absoluto, a qualquer custo, pois o perigo é ativado pela percepção do som.",90,16.3133
1242011,Juntos,2025-07-14,Terror,6.902,1300,17000000,34747399,Michael Shanks,https://image.tmdb.org/t/p/w500/m9jfOWLuyYejyJX17wRFUQGtUji.jpg,"O que poderia ser uma oportunidade para recomeçar logo se transforma em um verdadeiro pesadelo, quando uma força sobrenatural começa a corromper sua relação, suas mentes e seus corpos. À medida que se afastam de tudo o que conheciam, o casal descobre que, para permanecerem juntos, terão que enfrentar um horror muito maior do que o que os separava.",102,16.3099
19913,(500) Dias com Ela,2009-07-17,Comédia,7.305,11211,7500000,60781545,Marc Webb,https://image.tmdb.org/t/p/w500/lYA0g5vS43u9fqzoqOhA2sKwi0z.jpg,"Um romântico escritor se surpreende quando sua namorada Summer termina o namoro repentinamente. Com isso, ele relembra vários momentos dos 500 dias que passaram juntos para tentar descobrir onde seu caso de amor se perdeu e vai redescobrindo suas verdadeiras paixões.",93,16.3082
10315,O Fantástico Sr. Raposo,2009-10-14,Aventura,7.824,6248,40000000,46471023,Wes Anderson,https://image.tmdb.org/t/p/w500/1Ey4LYUzTqzizPNjcBi20pU9joC.jpg,"O Sr. Raposo e a Sra. Raposa levam uma vida feliz com seu filho excêntrico Ash e Kristofferson, o sobrinho que está de visita. Isso até o Sr. Raposo voltar aos velhos hábitos e planejar o maior roubo de galinhas que o mundo animal já viu.",87,16.2769
4247,Todo Mundo em Pânico,2000-07-07,Comédia,6.427,8064,19000000,278023280,Keenen Ivory Wayans,https://image.tmdb.org/t/p/w500/daorfyZdHkI44vuf3DVDbmJkYQI.jpg,"Depois do assassinato de uma bela colega de classe, um grupo de adolescentes desorientados descobre que há um assassino entre eles. A heroína Cindy Campbell e a sua turma de amigos mauricinhos e patricinhas, tentam se proteger do perigo... Mas uma reporter irritante, Gail Hailstorm, simplesmente não os deixa em paz! Parece familiar? Talvez sim, mas essa história repleta de reviravoltas e surpresas horripilantes e humor ultrajante extrapola no gênero de horror e ação.",91,16.2567
74,Guerra dos Mundos,2005-06-28,Aventura,6.565,9411,132000000,603873119,Steven Spielberg,https://image.tmdb.org/t/p/w500/aU42RNFpLgXsg0Tsgo8g8RPji0N.jpg,"Ray Ferrier é um estivador divorciado, afastado de seus filhos, que vivem com a mãe. Quando sua ex-esposa deixa as crianças para ele cuidar durante alguns dias, o planeta é atacado por alienígenas que surgem do chão conduzindo tripods e destruindo tudo que encontram pelo caminho. Ray tenta proteger os seus filhos e fugir para Boston para se juntar a sua ex-esposa. Durante o trajeto, enfrenta várias adversidades e ataques.",117,16.2371
3933,A Noiva Cadáver,2005-09-12,Romance,7.6,10346,40000000,118133252,Mike Johnson,https://image.tmdb.org/t/p/w500/nT7W8LfhzVybfFsnQJ4qQfqn5KX.jpg,"As famílias de Victor e Victoria estão arranjando seu casamento. Nervoso com a cerimônia, Victor vai sozinho à floresta para ensaiar seus votos. No entanto, o que ele pensava ser um tronco de árvore na verdade é o braço esquelético de Emily, uma noiva que foi assassinada depois de fugir com seu amor. Convencida que Victor acabara de lhe pedir a mão em casamento, Emily o leva para o mundo dos mortos, mas ele precisa retornar rapidamente antes que Victoria se case com o malvado Lorde Barkis.",77,16.2057
10637,Duelo de Titãs,2000-09-29,Drama,7.66,3021,30000000,136700000,Boaz Yakin,https://image.tmdb.org/t/p/w500/kuKyp6Owly8yWXeqdi4H8NAXhU6.jpg,"Herman Boone (Denzel Washington) um técnico de futebol americano contratado para trabalhar no comando de um time universitário dividido pelo racismo, os Titans. Inicialmente, Boone sofre preconceitos raciais por parte dos demais técnicos e até mesmo de jogadores do seu time, mas aos poucos ele conquista o respeito de todos e torna-se um grande exemplo para o time e também para a pequena cidade em que vive.",113,16.2047
1091,O Enigma de Outro Mundo,1982-06-25,Terror,8.075,8156,15000000,19629760,John Carpenter,https://image.tmdb.org/t/p/w500/bazlgJAKWCBF7OllC3JtyJ2DV1n.jpg,"Na remota Antártida, um grupo de cientistas americanos é perturbado em sua base quando, de um helicóptero, alguém atira em um cão do acampamento. À medida que socorrem o cão baleado, o bicho começa a atacar os cientistas e os outros cachorros e logo eles descobrem que o animal pode assumir a forma de suas vítimas. Isto significa que membros da equipe podem ser mortos e a cópia assumir o lugar deles. Com isso, um piloto e um médico precisam capturar a fera antes que seja tarde demais.",109,16.18
396422,Annabelle 2: A Criação do Mal,2017-08-03,Terror,6.6,6059,15000000,306592201,David F. Sandberg,https://image.tmdb.org/t/p/w500/AtlcH0f8mEQGKVIBSgV4GgkTZMr.jpg,"Muitos anos após a morte de sua filha, um fabricante de bonecas e sua esposa recebem em sua casa uma freira e seis meninas vindas de um orfanato fechado. O que parecia ser a resposta para suas preces irá se tornar uma maldição conforme as convidadas se tornam alvo da criação possuída, Annabelle.",109,16.1795
870028,O Contador 2,2025-04-23,Mistério,7.074,1886,80000000,103223366,Gavin O'Connor,https://image.tmdb.org/t/p/w500/qVpB7Y2tX9pbMzQW016qSWQ7OD5.jpg,"Quando um conhecido é assassinado, deixando para trás uma mensagem enigmática, Christian Wolff se sente compelido a resolver o caso. Percebendo que medidas extremas são necessárias, Wolff recruta seu irmão distante e altamente letal, Brax, e os dois descobrem uma conspiração mortal, tornando-se alvos de uma rede de assassinos.",132,16.1695
1100782,Sorria 2,2024-10-16,Terror,6.58,2286,28000000,138128854,Parker Finn,https://image.tmdb.org/t/p/w500/ypHiYvSJmHIyRDRiosZuE595uir.jpg,"Prestes a embarcar em uma nova turnê mundial, a sensação pop global Skye Riley (Naomi Scott) começa a vivenciar acontecimentos cada vez mais aterrorizantes e inexplicáveis. Sobrecarregada pelos horrores crescentes e pelas pressões da fama, Skye é forçada a encarar o passado sombrio para retomar o controle de sua vida antes que ela saia do controle.",132,16.1642
474350,IT: Capítulo Dois,2019-09-04,Terror,6.832,9777,79000000,473123154,Andy Muschietti,https://image.tmdb.org/t/p/w500/qjKvLv6Z2D9QWEOdnsrffguazHk.jpg,"Vinte e sete anos após o Clube dos Otários derrotar Pennywise, It está de volta. Agora adultos Os Otários seguiram com suas vidas, mas com os recentes desaparecimentos em Derry, Mike resolve reunir o grupo novamente. Perturbados pelo passado, eles precisam vencer seus medos para destruir Pennywise, que está ainda mais perigoso, de uma vez por todas.",170,16.1469
49519,Os Croods,2013-03-15,Animação,6.945,7655,135000000,587204668,Chris Sanders,https://image.tmdb.org/t/p/w500/7k9w3RgKYoJ9MCwdBY0ZBxC323L.jpg,"Um terremoto destrói a caverna de uma família pré-histórica, que vive novas experiências em terras desconhecidas em sua busca por um novo lar.",98,16.1348
337404,Cruella,2021-05-26,Comédia,7.968,10232,200000000,233503234,Craig Gillespie,https://image.tmdb.org/t/p/w500/ljPHd7WiPVKmuXi1hgQUpZQslbC.jpg,"Na Londres dos anos 70 em meio à revolução do punk rock, Estella, uma garota inteligente e criativa determinada a fazer um nome para si através de seus designs. Ela faz amizade com uma dupla de jovens ladrões e, juntos, constroem uma vida para si nas ruas de Londres. Um dia, o talento de Estella para a moda chama a atenção da Baronesa Von Hellman, uma lenda fashion que é devastadoramente chique e assustadora. Mas o relacionamento delas desencadeia um curso de eventos e revelações que farão com que Estella abrace seu lado rebelde e se torne a Cruella má, elegante e voltada para a vingança.",134,16.122
2251,Infidelidade,2002-05-10,Thriller,6.715,1776,50000000,119137784,Adrian Lyne,https://image.tmdb.org/t/p/w500/ina8zdMp5CHRd59cupyRbMFCTAz.jpg,"Num subúrbio de Nova York, Connie Sumner (Diane Lane) leva uma vida feliz e segura ao lado de Edward (Richard Gere), com quem está casada há 11 anos, e seu filho Charlie (Erik Per Sullivan). Aparentemente nada poderia se interpor na felicidade do casal, mas o amor é posto à prova quando Connie esbarra com Paul Martel (Olivier Martinez), um belo e sensual francês. Os dois se tornam amantes e são dominados por uma paixão que não para de crescer, enquanto o comportamento da mulher começa a gerar suspeitas em Edward.",124,16.0956
749170,Chefes de Estado,2025-06-24,Ação,6.802,1115,158400000,0,Илья Найшуллер,https://image.tmdb.org/t/p/w500/lDQrp43HhUKwxYNaMNLm0jYyPSf.jpg,"O primeiro-ministro do Reino Unido e o presidente dos EUA têm uma rivalidade pública que ameaça a aliança de seus países. Quando se tornam o alvo de um inimigo poderoso, eles precisam confiar um no outro e embarcar numa fuga internacional. Com a ajuda de Noel, uma brilhante agente do MI6, eles devem deter uma conspiração que ameaça o mundo livre.",117,16.0951
37799,A Rede Social,2010-10-01,Drama,7.376,13390,40000000,224920315,David Fincher,https://image.tmdb.org/t/p/w500/3FULGtzNuDSYkc4Ndopn21UC3M9.jpg,"Em uma noite de outono, Mark Zuckerberg, um brilhante estudante de Harvard, começa a trabalhar em um novo conceito que acaba se transformando em uma rede social global conhecida como Facebook. Seis anos e 500 milhões de amigos mais tarde, Zuckerberg se torna o mais jovem bilionário da história com o sucesso de sua rede social. No entanto, a sua ascensão sem precedentes traz complicações legais e pessoais.",121,16.0724
593643,O Menu,2022-11-17,Comédia,7.177,6509,35000000,79628200,Mark Mylod,https://image.tmdb.org/t/p/w500/rxNelQvAjOmNGUUHRujmsHiPEIh.jpg,"Um casal viaja para uma ilha costeira para comer em um restaurante exclusivo onde o chef preparou um cardápio farto, com algumas surpresas chocantes.",107,16.0304
1579,Apocalypto,2006-12-07,Ação,7.658,6580,40000000,120654337,Mel Gibson,https://image.tmdb.org/t/p/w500/zkt0AvCCbx3rOUkqqYrCZH4jeQo.jpg,"Jaguar Paw levava uma vida tranquila, que foi interrompida devido à uma invasão. Os governantes de um império maia em declínio acreditavam que a chave para a prosperidade seria construir mais templos e realizar mais sacrifícios humanos. Jaguar é capturado para ser um destes sacrifícios, mas consegue escapar por acaso. Agora, guiado apenas pelo amor que sente por sua esposa e pela filha, ele realiza uma corrida desesperada para chegar em casa e salvar sua família.",138,15.9987
598,Cidade de Deus,2002-08-30,Drama,8.427,8356,3300000,30641770,Fernando Meirelles,https://image.tmdb.org/t/p/w500/gfnXixcGC060QcG6JPxN6AMdVsq.jpg,"Buscapé é um jovem morador da Cidade de Deus que cresce em meio à violência. Com medo de se tornar um bandido, enxerga na fotografia uma oportunidade de ter uma vida digna.",130,15.9966
1893,Star Wars: Episódio I - A Ameaça Fantasma,1999-05-19,Aventura,6.583,16096,115000000,1046515409,George Lucas,https://image.tmdb.org/t/p/w500/gNk8UNAumXlfCdtaxDqsQe7ZGlt.jpg,"Enquanto resgatam a Rainha Amidala, governante de um planeta pacífico invadido por forças ameaçadoras, os Cavaleiros Jedi Obi-Wan Kenobi e Qui-Gon Jinn descobrem Anakin Skywalker, uma criança prodígio de 9 anos excepcionalmente poderosa na Força.",136,15.9855
615457,Anônimo,2021-03-18,Ação,7.867,8590,16000000,57512470,Илья Найшуллер,https://image.tmdb.org/t/p/w500/qvW0h99en3sE8p1KQYZfO34VhZh.jpg,"Quando dois ladrões invadem sua casa no subúrbio uma noite, Hutch se recusa a defender a si mesmo ou a sua família, na esperança de evitar violência grave. Seu filho adolescente, Blake, está desapontado com ele e sua esposa, Becca, parece se afastar ainda mais.  Em consequência, o incidente acerta a raiva latente de Hutch, desencadeando instintos adormecidos e impulsionando-o em um caminho brutal que revelará segredos obscuros e habilidades letais para salvar sua família.",92,15.9759
76492,Hotel Transilvânia,2012-09-20,Animação,6.968,9304,85000000,358375603,Genndy Tartakovsky,https://image.tmdb.org/t/p/w500/i9kAWShk7qrqril2dLboP0hi8I2.jpg,"O Hotel Transilvânia é um resort cinco estrelas que serve de refúgio para que os monstros possam descansar do árduo trabalho de perseguir e assustar os humanos. O local é comandado pelo Conde Drácula, que resolve convidar os amigos para comemorar o 118º aniversário de sua filha, Mavis. O que ele não esperava era que Jonathan, um humano sem noção, fosse aparecer no local justo quando o hotel está repleto de convidados e, ainda por cima, se apaixonasse por Mavis.",91,15.9748
140300,Kung Fu Panda 3,2016-01-23,Animação,6.939,6722,145000000,521170825,Jennifer Yuh Nelson,https://image.tmdb.org/t/p/w500/ztaU1LyB4IpBSvdZ0p1RntQkfhQ.jpg,"Em uma visita a uma vila secreta com o pai, Po forma um exército de pandas para combater um espírito maligno que ameaça a China.",95,15.9674
45269,O Discurso do Rei,2010-11-26,Drama,7.733,9446,15000000,414211549,Tom Hooper,https://image.tmdb.org/t/p/w500/bRjhSFgc2sDYSf6WWlk9zujIPfk.jpg,"O Príncipe Albert da Inglaterra deve ascender ao trono como Rei George VI, mas ele tem um problema de fala. Sabendo que o país precisa que seu marido seja capaz de se comunicar perfeitamente, Elizabeth contrata Lionel Logue, um ator australiano e fonoaudiólogo, para ajudar o Príncipe a superar a gagueira. Uma extraordinária amizade desenvolve-se entre os dois homens, e Logue usa meios não convencionais para ensinar o monarca a falar com segurança.",118,15.9499
516729,Paddington: Uma Aventura na Floresta,2024-11-08,Aventura,6.809,737,90000000,211000000,Dougal Wilson,https://image.tmdb.org/t/p/w500/CGbayx5xToznAJhHJ3TTEHd4Sb.jpg,"Paddington viaja para o Peru para visitar sua amada tia Lucy. Com a família Brown a tiracolo, uma aventura emocionante acontece quando um mistério os mergulha em uma jornada inesperada pela floresta amazônica e até os picos das montanhas do Peru.",106,15.9297
423,O Pianista,2002-09-17,Drama,8.37,10348,35000000,120098945,Roman Polanski,https://image.tmdb.org/t/p/w500/g0s9Yb5tfka73UKxFAPxO9lPHBW.jpg,"Um pianista judeu polonês vê Varsóvia mudar gradualmente à medida que a Segunda Guerra Mundial começa. Szpilman é forçado a ir para o Gueto de Varsóvia, mas depois é separado de sua família durante a Operação Reinhard. A partir deste momento até que os prisioneiros dos campos de concentração sejam liberados, Szpilman se esconde em vários locais entre as ruínas de Varsóvia.",150,15.9293
1114513,Não Fale o Mal,2024-09-11,Terror,7.101,2270,15000000,77239314,James Watkins,https://image.tmdb.org/t/p/w500/tjj473rnrNzPwWgLFNF0gsPXmU.jpg,"Quando uma família americana é convidada a passar o fim de semana na idílica casa de campo de uma charmosa família britânica, com quem fizeram amizade nas férias, o que começa como um feriado dos sonhos logo se transforma em um assustador e paralisante pesadelo psicológico.",110,15.903
1572,Duro de Matar 3: A Vingança,1995-05-19,Ação,7.283,6778,90000000,366101666,John McTiernan,https://image.tmdb.org/t/p/w500/57Qa54Y9P4Vjr7kzcniQnzLqped.jpg,John McClane está separado da mulher e afastado da polícia. Mas um terrorista alemão começa a colocar bombas em lugares movimentados de Nova York e dá ao policial uma série de enigmas. Ele conta com a ajuda de Zeus para desvendar toda a trama e salvar muitas vidas.,128,15.9007
505026,Morte no Nilo,2022-02-09,Mistério,6.407,4314,90000000,137307235,Kenneth Branagh,https://image.tmdb.org/t/p/w500/dRMuS6S0NSqvkDxBbNqCjon95iY.jpg,"Durante suas férias no Egito, Hercule Poirot precisa investigar o misterioso assassinato de uma jovem herdeira a bordo de uma embarcação no rio Nilo.",120,15.8886
1593,Uma Noite no Museu,2006-12-20,Fantasia,6.601,11126,110000000,574480841,Shawn Levy,https://image.tmdb.org/t/p/w500/Pca1hVNgPAUcp6zVHldlboh80R.jpg,"Quando Larry Daley é contratado como guarda noturno no museu, ele logo descobre que todos os seres do museu ganham vida após o pôr-do-sol. Logo de cara, Larry se vê frente a frente com um brincalhão esqueleto de T. Rex, mas também é cercado por exércitos de minúsculos soldados romanos e por caubóis armados. Para completar, há um macaquinho endiabrado que o deixa maluco! Mas talvez ele consiga descobrir um modo de controlar o caos e tornar-se um herói aos olhos de seu filho.",108,15.8855
311324,A Grande Muralha,2016-12-16,Ação,6.032,5639,150000000,331957105,Yimou Zhang,https://image.tmdb.org/t/p/w500/nCIZ40JJzaXeitNXSnlKGpc9cmT.jpg,"No século XV, William e Tovar são dois mercenários em busca de “pó negro” (pólvora). Depois de escaparem do ataque de uma criatura misteriosa, eles se encontram, acidentalmente, aos pés da Grande Muralha. Lá, eles acabam aprisionados pelos guerreiros chineses, que estão na iminência de sofrerem um ataque. Reza a lenda que, a cada 60 anos, uma horda de monstros tenta transpassar a barreira, para se alimentar dos humanos que vivem do outro lado.",104,15.8816
1397485,Girls Like Girls,2026-06-18,Romance,6.935,31,0,1913765,Hayley Kiyoko,https://image.tmdb.org/t/p/w500/gbP30EOIwUW0HZY9BwQMTRrk8uX.jpg,"Coley, 17, da zona rural de Oregon, navega pela intimidade após a morte de sua mãe. Conhecer Sonya desperta novos sentimentos, mas a dúvida atrapalha a conexão deles. Sonya, não familiarizada com namoros com garotas, está incerta. Eles aprendem a abraçar as emoções.",95,15.8591
500,Cães de Aluguel,1992-09-02,Crime,8.111,15707,1200000,2859750,Quentin Tarantino,https://image.tmdb.org/t/p/w500/84dzLDiFiACIqKtqQwzmB6GL7uC.jpg,"Seis homens, completamente estranhos uns aos outros, realizam um roubo de diamantes que dá errado e vira uma emboscada sangrenta. Quando os bandidos restantes se reúnem no ponto de encontro combinado, começam a suspeitar que um deles é um policial disfarçado. Mas qual deles?",99,15.8576
109428,A Morte do Demônio,2013-04-05,Terror,6.656,5291,17000000,99010045,Fede Álvarez,https://image.tmdb.org/t/p/w500/7b2oD1oxUxdDft486Q7oPNPzMlf.jpg,"Um chalé abandonado. Uma antiga maldição. Um mal implacável. Os produtores originais se reúnem para apresentar uma genuinamente aterrorizante reinvenção de suas obras-primas de horror. Para ajudar Mia a se livrar das drogas, cinco amigos se isolam em um chalé na floresta. Quando descobrem o Livro dos Mortos, eles inconscientemente invocam demônios adormecidos. A partir deste acontecimento, os jovens, um após outro, vão sendo possuídos. Cabe a David, irmão de Mia, lutar pela sua sobrevivência e de sua irmã.",91,15.856
406563,Sobrenatural: A Última Chave,2018-01-03,Terror,6.262,3213,10000000,172811971,Adam Robitel,https://image.tmdb.org/t/p/w500/bQuliBxybV8qrnuIz8ByiCyr5b6.jpg,"A Doutora Elise Rainier é chamada para resolver o caso de uma assombração no Novo México, localizada justamente na casa em que ela passou a infância. Enquanto tenta resolver o caso do morador de sua antiga casa, ela será obrigada a confrontar vários fantasmas e demônios de sua infância, alguns literais. Ao lado de Specs e Tucker, Elise se depara com seu caso mais pessoal.",100,15.8455
57800,A Era do Gelo 4,2012-06-27,Animação,6.393,8227,95000000,877244782,Michael Thurmeier,https://image.tmdb.org/t/p/w500/dWiHLqARtyAAOy0nLvXIxRYkfNA.jpg,"Sempre em busca de sua cobiçada noz, o esquilo Scrat provoca, sem querer, a separação dos continentes. A situação causa mudanças no terreno de vários locais, entre eles onde os amigos Manny, Diego e Sid estão alojados. Um terremoto faz com que o trio fique preso em um iceberg.",88,15.8401
1193501,O Som da Morte,2026-01-20,Terror,6.338,649,2000000,4987632,Corin Hardy,https://image.tmdb.org/t/p/w500/1tX11KQzujSDXdszFNRvQbbNi72.jpg,"Um grupo de estudantes disfuncionais se depara com um Apito da Morte asteca amaldiçoado. Logo, eles descobrem que usar o objeto produz um som aterrorizante capaz de prever suas futuras mortes.",100,15.8346
50646,Amor a Toda Prova,2011-07-29,Comédia,7.277,9441,50000000,145079584,Glenn Ficarra,https://image.tmdb.org/t/p/w500/4YzXVfBvFv9WdR0EChMacCr4Qwu.jpg,"O quarentão Carl Weaver leva uma vida feliz ao lado da mulher. Quando ela pede o divórcio, ele fica arrasado, até conhecer o mulherengo Jacob, que decide ajudá-lo a superar a baixa autoestima, transformando-o num verdadeiro Don Juan.",118,15.8137
62029,Bingo Bongo,1982-12-23,Comédia,5.711,178,0,0,Pasquale Festa Campanile,https://image.tmdb.org/t/p/w500/cqiWWn2tnQwJHFmAMaLR2JdRbzC.jpg,,102,15.8027
49444,Kung Fu Panda 2,2011-05-25,Animação,7.08,8062,150000000,665692281,Jennifer Yuh Nelson,https://image.tmdb.org/t/p/w500/dSF0v3XPCzKb30zv3fLeuoJuTRv.jpg,"Po vive o sonho de ser o dragão guerreiro, protegendo o Vale da Paz ao lado dos mestres Shifu, Tigresa, Macaco, Víbora, Louva-deus e Garça. Sua vida pacata chega ao fim quando surge um novo inimigo, o lorde Chen, que possui uma arma secreta capaz de permitir a conquista da China e provocar o fim do kung fu. Para impedi-lo, Po e os Cinco Furiosos precisam cruzar o país e derrotá-lo.",91,15.7817
18491,Neon Genesis Evangelion: O Fim do Evangelho,1997-07-19,Animação,8.255,1917,7500000,26000000,Hideaki Anno,https://image.tmdb.org/t/p/w500/984vnfPmcerjkz8aEbqulbc2X32.jpg,"Um final alternativo para a série de anime ""Neon Genesis Evangelion"". Em The End of Evangelion, A SEELE ordena um ataque à NERV para destruir os EVAs antes que Gendo consiga provocar o Terceiro Impacto e a união das almas humanas.",97,15.7683
772,Esqueceram de Mim 2: Perdido em Nova York,1992-11-15,Comédia,6.792,10816,18000000,358994850,Chris Columbus,https://image.tmdb.org/t/p/w500/qffLHZU9mU0zqmOISnjir2oDEsR.jpg,"Garoto se vê novamente sozinho, quando em virtude de uma confusão no aeroporto que fez com que ele ao invés de embarcar com a família para a Flórida partisse sozinho para Nova York. Mas como tinha o cartão de crédito do pai, ele se hospeda no melhor hotel da cidade, mas também encontra os dois ladrões que tinha enfrentado no passado e que agora planejam se vingar dele.",120,15.764
1671548,给阿嬷的情书,2026-04-30,Drama,9.2,45,0,0,藍鴻春,https://image.tmdb.org/t/p/w500/s0sC3hPPX4OobLNfdl2iSs2vtvI.jpg,,118,15.7605
360920,O Grinch,2018-11-08,Animação,6.863,4492,75000000,552976825,Yarrow Cheney,https://image.tmdb.org/t/p/w500/hGnQmQARgtXtoesIGAsmmTbMKfH.jpg,"O Grinch é um ser verde que não suporta o Natal e, todo ano, precisa impedir que os habitantes da cidade vizinha de Quemlândia comemorem a data. Decidido a acabar com a festa, ele resolve invadir os lares dos vizinhos e roubar tudo o que está relacionado ao Natal.",85,15.7599
10494,Perfect Blue,1998-02-28,Animação,8.305,3300,830442,2743097,今敏,https://image.tmdb.org/t/p/w500/79vujbsWEbX4dzffBV541QXN6sf.jpg,"Mima Kirigoe é membro de uma banda de música pop japonesa (J-Pop), chamada ""CHAM!"", que decide deixar a banda para se dedicar à carreira de atriz. Alguns fãs ficam descontentes com a repentina mudança de carreira, pois Mima, sendo um ídolo pop, é vista como uma menina inocente e angelical. Conforme avança em sua nova carreira, Mima mergulha em um intenso drama psicológico no qual fantasia e realidade se confundem colocando em dúvida sua ética moral.",85,15.7492
9479,O Estranho Mundo de Jack,1993-10-09,Fantasia,7.833,10496,18000000,75634409,Henry Selick,https://image.tmdb.org/t/p/w500/g6zcll9bcAmoVNiMxt4wmVwTl5f.jpg,"Jack Skellington, o Rei das Abóboras, se cansa de fazer o Dia das Bruxas todos os anos e deixa os limites da cidade. Por acaso, acaba atravessando o portal do Natal, onde vê a alegria do espírito natalino. Ao retornar para a Cidade do Halloween, sem ter compreendido o que viu, ele começa a convencer os cidadãos a sequestrarem o Papai Noel e fazerem seu próprio Natal. Apesar de sua leal namorada Sally ser contra, o Papai Noel é capturado e os fatos mostrarão que Sally estava certa o tempo todo.",76,15.735
1656220,23.000 Vidas,2026-07-02,Drama,5.906,69,0,0,Markus Goller,https://image.tmdb.org/t/p/w500/iABvE2vyn7ZorgMlDqtIElpDaLn.jpg,"Um grupo de jovens embarca rumo ao Mediterrâneo para salvar as vidas de refugiados, em uma missão que desafia suas ideias sobre lei e justiça.",114,15.7347
150689,Cinderela,2015-03-06,Romance,6.824,7484,95000000,543514353,Kenneth Branagh,https://image.tmdb.org/t/p/w500/x8MnNc8zaKMPo5W4TuWN0xVIbNy.jpg,"Após a trágica e inesperada morte do seu pai, Ella (Lily James) fica à mercê da sua terrível madrasta, Lady Tremaine (Cate Blanchett), e suas filhas Anastasia e Drisella. A jovem ganha o apelido de Cinderela e é obrigada a trabalhar como empregada na sua própria casa, mas continua otimista com a vida. Passeando na floresta, ela se encanta por um corajoso estranho (Richard Madden), sem desconfiar que ele é o príncipe do castelo. Cinderela recebe um convite para o grande baile e acredita que pode voltar a encontrar sua alma gêmea, mas seus planos vão por água abaixo quando a madrasta má rasga seu vestido. Agora, será preciso uma fada madrinha (Helena Bonham Carter) para mudar o seu destino.",105,15.7285
1220564,O Agente Secreto,2025-07-23,Thriller,7.197,817,5000000,18988224,Kleber Mendonça Filho,https://image.tmdb.org/t/p/w500/t1DQ4XXIqTm5LvUjz8jypN43JjZ.jpg,"No Brasil de 1977, Marcelo, um especialista em tecnologia fugindo de um passado misterioso, volta ao Recife em busca de um pouco de paz, mas percebe que a cidade está longe de ser o refúgio que procura.",158,15.7277
1259102,Eternidade,2025-11-10,Romance,7.091,796,12000000,32867848,David Freyne,https://image.tmdb.org/t/p/w500/ogU6WEsb6NexwUIPorHcSnkvISx.jpg,"Numa vida após a morte, onde as almas têm uma semana para decidir onde passar a eternidade, Joan enfrenta a escolha impossível entre o homem com quem passou a vida e o seu primeiro amor, que morreu jovem e esperou décadas pela sua chegada.",112,15.6972
629542,Os Caras Malvados,2022-03-17,Ação,7.514,2651,80000000,250162278,Pierre Perifel,https://image.tmdb.org/t/p/w500/aiJxdTjQdupyeMxnsmXOqDuw7qq.jpg,"Nunca houve cinco amigos tão infames quanto Os Caras Malvados – o arrojado batedor de carteiras Sr. Wolf, o arrombador de cofres Mr. Snake, o mestre do disfarce do frio Sr. Shark, o “músculo” curto do Sr. Piranha e a especialista em hacker de língua afiada Sra. Tarantula, também conhecido como “Webs”.",100,15.6754
12207,A Lenda do Mestre Invencível 2,1994-02-03,Ação,7.458,1116,10000000,34300528,劉家良,https://image.tmdb.org/t/p/w500/qulmHB3QSX2qvbAaQ8wwUdJqyHV.jpg,"Ao voltar para casa com seu pai depois de uma expedição de compras, Wong Fei-Hung é involuntariamente envolvido na batalha entre estrangeiros que desejam exportar artefatos chineses antigos e os leais que não querem que as peças deixem o país. Fei-Hung deve lutar contra os estrangeiros usando seu estilo Boxe Bêbado e superar o antagonismo de seu pai.",102,15.6585
242582,O Abutre,2014-10-23,Crime,7.708,11941,8500000,47425835,Dan Gilroy,https://image.tmdb.org/t/p/w500/4dJp8HOCyr7gwiBijhBG46qf7vU.jpg,"Enfrentando dificuldades para conseguir um emprego formal, o jovem Louis Bloom decide entrar no agitado submundo do jornalismo criminal independente de Los Angeles. A fórmula é correr atrás de crimes e acidentes chocantes, registrar tudo e vender a história para veículos interessados.",118,15.633
1472951,Infiltrate,2026-07-09,Ação,10.0,1,0,0,James Mark,https://image.tmdb.org/t/p/w500/8Cw8GF9wG63kF8pRRXwOx2kXGt.jpg,,93,15.632
6435,Da Magia à Sedução,1998-10-16,Romance,6.8,1774,75000000,68336997,Griffin Dunne,https://image.tmdb.org/t/p/w500/84LJR9XekzXvGJgBGhC13eboL4b.jpg,"As mulheres da família Owens tem poderes mágicos. Mas uma maldição as persegue há mais de duzentos anos: qualquer homem que se apaixona por uma delas, morre. Descendentes da bruxa que começou este feitiço, Sally (Sandra Bullock) e Gillian (Nicole Kidman) são duas irmãs que foram criadas por suas tias (Dianne Wiest e Stockard Channing). Já adultas, enquanto Sally se mostra bastante reservada, Gillian foge de casa para ter o primeiro de muitos namorados. Após algum tempo, Sally se casa e tem duas filhas, mas seu marido acaba morrendo atropelado. Até que chega o momento em que ela deve ajudar Gillian, que se envolveu com Jimmy Angelov (Goran Visnjic), um búlgaro agressivo que as ameaça. Sentindo que correm perigo, as duas o envenenam, mas, temendo as conseqüências de tal ato, Gillian convence Sally que o melhor é trazê-lo de volta a vida. Uma decisão que trará uma série de complicações com polícia e com seus próprios poderes.",104,15.6285
1357633,Solo Leveling -Segundo Despertar-,2024-11-26,Ação,7.172,279,0,6331827,中重俊祐,https://image.tmdb.org/t/p/w500/iU1fG893IXb8wdV70D23YTJDrjR.jpg,"Mais de uma década após o surgimento dos “portões” que ligam os mundos, despertando “caçadores” com superpoderes, o caçador mais fraco, Sung Jinwoo, encontra uma masmorra dupla e aceita uma missão misteriosa, tornando-se o único capaz de subir de nível, mudando seu destino. Uma recapitulação da primeira temporada, juntamente com uma prévia exclusiva dos dois primeiros episódios da tão esperada segunda temporada, em uma experiência teatral memorável para os fãs.",116,15.6234
1659155,Conspiradores,2026-07-24,Thriller,5.756,86,0,0,Roger Gual,https://image.tmdb.org/t/p/w500/o1LeQ4ZIPjXIFFVur4b2dLUM5nQ.jpg,"Após a morte repentina de sua mãe, Ruth retorna à sua cidade natal e reencontra o pai, cujo comportamento estranho a leva a questionar o que realmente aconteceu.",106,15.6196
62211,Universidade Monstros,2013-06-19,Animação,7.056,11481,200000000,743559465,Dan Scanlon,https://image.tmdb.org/t/p/w500/uHiklaxCoZcQqzsj5l1IgyieWgp.jpg,"Desde pequeno, Mike Wazowski sonha em ser um assustador e sabe que os melhores assustadores estudam na Universidade Monstros (UM). Mas durante seu primeiro semestre na UM, os planos de Mike desmoronam quando ele cruza o caminho do espertinho James P. Sullivan, um assustador nato. O espírito competitivo descontrolado da dupla faz com que ambos sejam expulsos do programa mais assustador da Universidade. Então eles percebem que se quiserem realizar seus sonhos, terão que trabalhar em equipe junto com um grupo de monstros marginalizados.",104,15.6167
1927,Hulk,2003-06-19,Ficção científica,5.593,6390,137000000,245360480,Ang Lee,https://image.tmdb.org/t/p/w500/dLEezc8nU4O2i96x68AvpA7xyel.jpg,"Bruce Banner é um cientista e trabalha ao lado de sua grande paixão, a bela Betty Ross, em um projeto que envolve a reconstituição de tecidos com a utilização da radiação gama. O problema todo começa quando, após ter seus genes alterados por um acidente envolvendo a radiação gama, Bruce Banner passa a se transformar em um ser gigantesco e verde que expressa no corpo todos os seus demônios mais íntimos e pessoais.",138,15.6165
568,Apollo 13 - Do Desastre ao Triunfo,1995-06-30,Drama,7.5,6049,52000000,355237933,Ron Howard,https://image.tmdb.org/t/p/w500/22dmzRXNULYaIllVAiIpa2bjmEY.jpg,"Em 1970, a NASA envia à Lua um novo grupo de astronautas na missão Apollo 13. Porém, já no espaço, um tanque de oxigênio explode. Com o acidente, os astronautas Jim Lovell, Jack Swigert e Fred Haise não conseguem seguir sua rota, correndo o risco de ficar sem oxigênio e energia suficientes para voltarem à Terra. Agora, a equipe a bordo e a equipe em terra firme correm contra o tempo para consertar a nave.",140,15.6071
581528,"O Gângster, o Policial e o Diabo",2019-05-15,Ação,7.875,1552,6500000,25775371,이원태,https://image.tmdb.org/t/p/w500/nLNKX18xxW6RpkARYrmxDZvuB8r.jpg,"Depois de sobreviver a um ataque violento, um gângster da Coreia do Sul descobre que foi vítima de um serial killer. Para se vingar e recuperar seu prestígio, ele une forças com um policial violento.",109,15.606
13374,Sonhos no Gelo,2005-03-17,Família,6.426,955,25000000,27645491,Tim Fywell,https://image.tmdb.org/t/p/w500/m07qLRm1YHnd50NyiCtmtBhl8pN.jpg,"Uma estudante CDF acerta a fórmula perfeita para fazer uma pirueta tripla na patinação sobre o gelo. Ela acaba se encantando pelo esporte, para desespero de sua mãe, que sonha em vê-la ingressando na faculdade de Harvard.",99,15.601
18239,A Saga Crepúsculo: Lua Nova,2009-11-18,Aventura,5.987,9863,50000000,709827462,Chris Weitz,https://image.tmdb.org/t/p/w500/z39dbVwa1iIihdUDHGiRy4tc2Ov.jpg,"Logo após Bella Swan completar 18 anos, Edward Cullen decide deixá-la para trás em um esforço para protegê-la após um ataque que quase tirou sua vida. Com uma tristeza inconsolável, Bella descobre que ela pode chamar a imagem de Edward sempre que se coloca em perigo e seu desejo em estar com ele a leva a assumir riscos cada vez maiores. Com a ajuda de Jacob Black, seu amigo de infância e um membro da misteriosa tripo Quileute, o coração de Bella vai gradualmente descongelando, enquanto Jacob esconde seu próprio segredo sobrenatural. Ao receber a notícia de que seu amado decide acabar com a própria vida, Bella parte para impedi-lo, sem imaginar que um perigo ainda maior a aguarda.",131,15.5889
639988,A Única Saída,2025-09-24,Comédia,7.508,1229,12200000,40223568,Park Chan-wook,https://image.tmdb.org/t/p/w500/oVfwwzs6xrmkn7aCNuX4BP5T5CT.jpg,"Um homem é demitido da empresa de papel onde trabalhou por 25 anos. Algum tempo depois, ainda desempregado, encontra uma solução: eliminar literalmente sua concorrência.",139,15.5826
537915,After,2019-04-11,Drama,7.1,8555,14000000,69497587,Jenny Gage,https://image.tmdb.org/t/p/w500/u3B2YKUjWABcxXZ6Nm9h10hLUbh.jpg,"Tessa Young é uma jovem com uma vida simples, ótimas notas na escola, muitos amigos e um bom namorado. Todos os próximos passos de sua vida já estão planejados, mas as coisas mudam quando ela conhece um homem atraente e cheio de segredos sombrios.",106,15.5688
875828,Peaky Blinders: O Homem Imortal,2026-03-05,Crime,7.21,1159,0,0,Tom Harper,https://image.tmdb.org/t/p/w500/8XLNDeumvz0cXa6sntZJ6p4zfLb.jpg,"Após o envolvimento do filho em um complô nazista, o gângster Tommy Shelby precisa deixar o exílio e voltar a Birmingham para salvar a família e a nação.",112,15.519
9820,Operação Cupido,1998-07-28,Comédia,7.216,4617,15000000,92108518,Nancy Meyers,https://image.tmdb.org/t/p/w500/3VUKjD23w6nnmTTjCc2AqBefQzt.jpg,"As gêmeas Hallie e Annie foram separadas ainda pequenas. Uma ficou com a mãe, Elizabeth, e outra com o pai, Nicholas. Um dia as duas se encontram num acampamento de verão e se dão conta do parentesco até então desconhecido. Elas trocam de lugar na volta para a casa e elaboram um plano para que o casal volte às boas e a família enfim possa se reunir.",127,15.4766
270303,Corrente do Mal,2015-02-04,Terror,6.578,7079,2300000,23374076,David Robert Mitchell,https://image.tmdb.org/t/p/w500/rGH9NafHyg3Of2cMY5oOVb7p4HA.jpg,"A jovem Jay leva uma vida tranquila entre escola, paqueras e passeios no lago. Após uma transa, o garoto com quem passou a noite explica que ele carregava no corpo uma força maligna, transmissível às pessoas apenas pelo sexo. Enquanto vive o dilema de carregar a sina ou passá-la adiante, a jovem começa a ser perseguida por figuras estranhas que tentam matá-la e não são vistas por mais ninguém.",101,15.4757
9738,Quarteto Fantástico,2005-06-29,Ação,5.81,10147,100000000,333535934,Tim Story,https://image.tmdb.org/t/p/w500/qMmHJziOSp4r5Zzbb3RoywBHwgw.jpg,"O cientista Reed Richards convence seu arrogante colega Victor von Doom a financiar seus experimentos com energia cósmica. Na estação espacial Von Doom, a tripulação, incluindo o astronauta Ben Grimm, a pesquisadora Sue Storm e o piloto Johnny Storm, é exposta a uma tempestade cósmica misteriosa que dá superpoderes a eles. Eles tentam lidar com suas transformações enquanto o detestável von Doom jura vingança.",106,15.4753
893723,Patrulha Canina: Um Filme Superpoderoso,2023-09-21,Aventura,6.926,584,30000000,202231360,Cal Brunker,https://image.tmdb.org/t/p/w500/9DLaS8YmKbMJhVkI5iw4O8Bm04g.jpg,"Um meteoro mágico cai em Adventure City, dá superpoderes aos filhotes da Patrulha Canina e os transforma em Os Super Filhotes. Quando o arquirrival da Patrulha Canina, Humdinger, foge da prisão e se junta a um cientista maluco para roubar os poderes para si, Os Super Filhotes devem salvar Adventure City e deter os supervilões antes que seja tarde demais.",88,15.4734
937278,O Pior Vizinho do Mundo,2022-12-28,Comédia,7.746,3711,50000000,113360085,Marc Forster,https://image.tmdb.org/t/p/w500/hjOJGaLQe2aC3GCwJCedGvjEgvu.jpg,"A história de Otto Anderson, um viúvo mal-humorado que está muito preso aos seus hábitos. Quando uma jovem família animada se muda ao lado, ele conhece sua igual em Marisol, esperta e grávida, o que leva a uma amizade improvável que vai deixar o mundo de Otto de cabeça para baixo.",126,15.4288
853,Círculo de Fogo,2001-02-28,Guerra,7.425,4134,68000000,96976270,Jean-Jacques Annaud,https://image.tmdb.org/t/p/w500/d4N60DrroHC0JFhn8CXgB1IJHrc.jpg,"Vasily Zaitsev é um jovem atirador russo que, convencido por um companheiro político, torna-se o ícone da propaganda russa em plena 2ª Guerra Mundial. A fama de Vasily o torna uma lenda viva para o exército russo e desperta também a atenção do exército nazista, que envia seu melhor atirador de elite com o objetivo de matar aquele que se tornou a esperança de toda a Rússia.",131,15.4229
1383731,Vingadora,2026-02-20,Ação,8.451,515,0,1993982,Adrian Grünberg,https://image.tmdb.org/t/p/w500/l4WzNZC5o9KXnps4smVt45v1nYX.jpg,"Nikki é uma ex-militar que lutou nos piores campos de batalha da guerra, mas nada se compara à dor de ter sua filha sequestrada. Caçada por bandidos e policiais, ela usará cada habilidade mortal que aprendeu em combate para invadir o submundo do crime e resgatar a única coisa que importa para ela.",90,15.4096
15512,Monstros vs Alienígenas,2009-03-19,Animação,6.263,5078,175000000,381509870,Rob Letterman,https://image.tmdb.org/t/p/w500/vs70zYYuEbBTAHxqz5AyUBxbYUR.jpg,"Um meteoro atinge Susan, e ela se transforma em uma gigante. Então, o governo a leva para uma área isolada. Quando os alienígenas chegam à Terra, Susan e os outros monstros ajudam a salvar o planeta.",102,15.4092
10191,Como Treinar o Seu Dragão,2010-03-18,Fantasia,7.866,14609,165000000,495141736,Chris Sanders,https://image.tmdb.org/t/p/w500/spZbO7Ss6U9W5zSHjtH6FvXvCF7.jpg,"Soluço é um jovem viking que desafia a tradição, quando fica amigo de um dos mais mortais inimigos — um feroz dragão que ele chama de Banguela.",98,15.398
192139,The Brink of War,2026-08-14,Drama,7.0,3,0,0,Michael Russell Gunn,https://image.tmdb.org/t/p/w500/hFborW6HmffKL05GIWlkTFdvVpN.jpg,,117,15.3904
745,O Sexto Sentido,1999-08-06,Mistério,7.955,13126,40000000,672800000,M. Night Shyamalan,https://image.tmdb.org/t/p/w500/ds7jw0WYCd6k7hBzMnzgFsTfg96.jpg,"Dr. Malcolm Crowe é um conceituado psicólogo infantil, que vive atormentado pela terrível lembrança de um jovem paciente que ele não foi capaz de ajudar. Quando ele encontra Cole Sear, um garoto de 8 anos assustado e confuso, com um problema similar, Dr. Crowe procura redimir seu erro do passado, fazendo tudo que pode pelo menino. Apesar disso, Malcolm não está preparado para descobrir a verdade que aterroriza Cole.",108,15.3803
1232569,Pinóquio: Maldição de Madeira,2026-07-22,Terror,8.5,21,500000,802103,Rhys Frake-Waterfield,https://image.tmdb.org/t/p/w500/q5fPuX0MoUOWKqYm0lnVJgXtaGp.jpg,"O boneco de madeira Pinóquio é trazido à vida por forças macabras. Distante da inocência original, sua jornada para se tornar um menino de verdade é marcada por violência e vingança. À medida que Pinóquio persegue brutalmente aqueles que cruzam seu caminho, antigos laços familiares são distorcidos em horrores impensáveis.",90,15.3771
318846,A Grande Aposta,2015-12-11,Comédia,7.369,9994,28000000,133346506,Adam McKay,https://image.tmdb.org/t/p/w500/ef0fKJs8QdVF3Epxfa9EN33iD8Z.jpg,"Em 2008, o guru de Wall Street Michael Burry percebe que uma série de empréstimos feitos para o mercado imobiliário está em risco de inadimplência. Ele decide então apostar contra o mercado investindo mais de um bilhão de dólares dos seus investidores. Suas ações atraem a atenção do corretor Jared Vennet que percebe a oportunidade e passa a oferecê-la a seus clientes. Juntos, esses homens fazem uma fortuna tirando proveito do colapso econômico americano.",130,15.3697
131631,Jogos Vorazes: A Esperança - Parte 1,2014-11-19,Ficção científica,6.817,16914,125000000,755356711,Francis Lawrence,https://image.tmdb.org/t/p/w500/hekpVNWOROZm57RS4OLW0ySkxx9.jpg,"Após sobreviver à temível arena dos Jogos Vorazes, Katniss Everdeen está desanimada e destruída. Depois que a Capital reduziu o Distrito 12 a destroços, ela se refugiou no Distrito 13. Peeta Mellark foi submetido a uma lavagem cerebral, e agora está sob o domínio de Snow. Então, a presidência quer que Katniss lidere uma ""resistência"" e mobilize a população em uma empreitada que irá colocá-la no centro da trama para desmascarar Snow.",123,15.3603
591,O Código da Vinci,2006-05-17,Thriller,6.733,10232,125000000,760006945,Ron Howard,https://image.tmdb.org/t/p/w500/feyfwGwJOdUAAqjTP3vXJmSesAt.jpg,"Robert Langdon é um famoso simbologista, que foi convocado a comparecer no Museu do Louvre após o assassinato de um curador. A morte deixou uma série de pistas e símbolos estranhos, os quais Langdon precisa decifrar. Em seu trabalho, ele conta com a ajuda de Sophie Neveu, criptógrafa da polícia. Porém, o que Langdon não esperava era que suas investigações o levassem a uma série de mensagens ocultas nas obras de Leonardo Da Vinci, que indicam a existência de uma sociedade secreta que tem por missão guardar um segredo que já dura mais de dois mil anos.",174,15.3603
675353,Sonic 2: O Filme,2022-03-30,Ação,7.422,5978,110000000,405421518,Jeff Fowler,https://image.tmdb.org/t/p/w500/f4SvCKIUrC2cDR7Xo4k1kaGAqQ2.jpg,"Depois de se estabelecer em Green Hills, Sonic está pronto para mais liberdade e deixar sua marca como um herói, e Tom e Maddie concordam em deixá-lo em casa enquanto vão de férias. Mas, assim que eles se foram, Dr. Robotnik volta, desta vez com um novo parceiro, Knuckles, em busca de uma esmeralda que tem o poder de construir e destruir civilizações. Sonic se une a um novo companheiro, Tails, e juntos eles embarcam em uma jornada para encontrar a esmeralda antes que ela caia nas mãos erradas.",125,15.3487
974576,Conclave,2024-10-25,Drama,7.191,3540,20000000,115657988,Edward Berger,https://image.tmdb.org/t/p/w500/3BLc3A3bOe240fgq2wDGQIiFg8h.jpg,"Após a morte inesperada do atual pontífice, o Cardeal Lawrence é encarregado de conduzir esse processo confidencial. Os líderes mais poderosos da Igreja Católica de todo o mundo se reúnem nos corredores do Vaticano para participar da seleção, cada um com suas próprias ambições. Lawrence se vê no centro de uma conspiração, desvendando segredos que ameaçam não apenas sua fé, mas também as fundações da Igreja.",120,15.3378
1032823,Armadilha,2024-07-31,Crime,6.223,2969,30000000,83677281,M. Night Shyamalan,https://image.tmdb.org/t/p/w500/fskXjlVKppUtAgbfqt4wIsNkCaI.jpg,"Um pai e sua filha adolescente assistem a um badalado show de música pop, quando percebem que estão no epicentro de um evento sombrio e sinistro.",105,15.3348
1895,Star Wars: Episódio III - A Vingança dos Sith,2005-05-17,Aventura,7.473,15189,113000000,850000000,George Lucas,https://image.tmdb.org/t/p/w500/nuF5yWtTJEEAd4Qa6cVkYz1XCST.jpg,"As Guerras Clônicas estão em pleno andamento e Anakin Skywalker mantém um elo de lealdade com Palpatine, ao mesmo tempo em que luta para que seu casamento com Padmé Amidala não seja afetado por esta situação. Seduzido por promessas de poder, Anakin se aproxima cada vez mais de Darth Sidious até se tornar o temível Darth Vader. Juntos eles tramam um plano para aniquilar de uma vez por todas com os cavaleiros jedi.",140,15.2935
1417,O Labirinto do Fauno,2006-10-11,Fantasia,7.767,11649,19000000,83258226,Guillermo del Toro,https://image.tmdb.org/t/p/w500/5hMcZCR8qpJzeebm38Zi68XwcoA.jpg,"Espanha, 1944. Ofelia se muda com sua mãe para uma guarnição dirigida por seu padrasto, Vidal, um capitão autoritário do exército de Franco. Perto da casa da família, a jovem descobre um estranho labirinto guardado por uma criatura, um fauno chamado Pan. O monstro revela que ela é nada menos que a princesa de um reino encantado. Para descobrir a verdade, Ofelia precisa enfrentar três provas para as quais não está preparada.",118,15.2789
640146,Homem-Formiga e a Vespa: Quantumania,2023-02-15,Ação,6.221,6004,200000000,476071180,Peyton Reed,https://image.tmdb.org/t/p/w500/qZDafbofrZn46MmDwJS8fCSCe6l.jpg,"Scott Lang e Hope van Dyne em suas jornadas como super-heróis. Scott e sua família são puxados para o Reino Quântico, onde eles precisarão enfrentar um novo e terrível vilão: Kang, o Conquistador e M.O.D.O.K..",125,15.2696
45243,"Se Beber, Não Case! Parte II",2011-05-25,Comédia,6.511,11455,80000000,586764305,Todd Phillips,https://image.tmdb.org/t/p/w500/lvwO6R9RImeq3UBbh6DPWG3Iiqw.jpg,"Phil, Stu, Alan e Doug viajam à exótica Tailândia para o casamento de Stu. O que poderia dar errado? Dois anos depois da desastrosa despedida de solteiro de Doug em Las Vegas, agora é a vez de Stu. Ele decide se casar na Tailândia, país de sua futura mulher. Com medo de que os incidentes da despedida de solteiro em Las Vegas se repitam, Stu organiza muito bem a comemoração, mas nada sai como o esperado, e as confusões prometem ser inimagináveis.",101,15.2593
113344,The American Scream,1988-01-01,Terror,4.6,14,0,0,Mitchell Linden,https://image.tmdb.org/t/p/w500/yGwASgt098N9He0PUJDyMR3aBE9.jpg,,86,15.2476
490132,Green Book: O Guia,2018-11-16,Drama,8.223,13118,23000000,321752656,Peter Farrelly,https://image.tmdb.org/t/p/w500/u9dldwRwQjTZGlIxKaAtAPLAjOv.jpg,"Quando Tony Lip, um segurança ítalo-americano, é contratado como motorista do Dr. Don Shirley, um pianista negro de classe alta, durante uma turnê pelo sul dos Estados Unidos, eles devem seguir o ""O Guia"" para leva-los aos poucos estabelecimentos que eram seguros para os afro-americanos. Confrontados com o racismo, o perigo, assim como pela humanidade e o humor inesperados, eles são forçados a deixar de lado as diferenças para sobreviver e prosperar nessa jornada.",131,15.2328
22803,Código de Conduta,2009-10-15,Drama,7.397,5792,53000000,127900000,F. Gary Gray,https://image.tmdb.org/t/p/w500/yBGojH2UbkEHJJyPgtaKWIi7lfx.jpg,"Quando um dos suspeitos do assassinato de sua mulher e filha é solto, Clyde quer vingança e decide fazer justiça com as próprias mãos. Clyde é preso e dentro da cadeia organiza uma matança para desmascarar o sistema judicial corrupto.",108,15.2108
570670,O Homem Invisível,2020-02-26,Thriller,7.087,6404,7000000,144492724,Leigh Whannell,https://image.tmdb.org/t/p/w500/aQhkamz4n7UHlDOJJ8paDijEf4E.jpg,"Quando o ex abusivo de Cecilia tira a própria vida e deixa sua fortuna, ela suspeita que a morte dele tenha sido uma farsa. Como uma série de coincidências se torna letal, Cecilia trabalha para provar que está sendo caçada por alguém que ninguém pode ver.",124,15.2101
653346,Planeta dos Macacos: O Reinado,2024-05-08,Ficção científica,7.056,4402,160000000,397378150,Wes Ball,https://image.tmdb.org/t/p/w500/hBGnLm2A1TapONoPo7QrMpj2B6B.jpg,"Várias gerações no futuro, após o reinado de César, os macacos são agora a espécie dominante e vivem harmoniosamente, enquanto os humanos foram reduzidos a viver nas sombras. À medida que um novo líder símio tirânico constrói o seu império, um jovem macaco empreende uma jornada angustiante que o levará a questionar tudo o que sabia sobre o passado e a fazer escolhas que definirão um futuro tanto para os macacos como para os humanos.",145,15.2003
153,Encontros e Desencontros,2003-09-18,Drama,7.381,8241,4000000,119723856,Sofia Coppola,https://image.tmdb.org/t/p/w500/gXrA8NMHAs3X9kegmoqtqNF8mXW.jpg,"Bob Harris é uma estrela de cinema, que está em Tóquio para fazer um comercial de uísque. Charlotte, por sua vez, está na cidade acompanhando seu marido, um fotógrafo workaholic que a deixa sozinha o tempo todo. Sofrendo com o horário, Bob e Charlotte não conseguem dormir. Eles se encontram, por acaso, no bar de um hotel de luxo, e em pouco tempo tornam-se grandes amigos. Resolvem então partir pela cidade juntos. A eles junta-se uma jovem atriz chamada Kelly, com quem vão viver algumas aventuras pela cidade de Tóquio.",102,15.1851
1724816,Helena,2026-07-03,Drama,4.0,1,0,0,Omar Deroca,https://image.tmdb.org/t/p/w500/mcPq30k75P3kXQDF66NutDyEh64.jpg,,70,15.1738
956,Missão: Impossível 3,2006-04-25,Aventura,6.766,7769,150000000,398479497,J.J. Abrams,https://image.tmdb.org/t/p/w500/wWrmbQ7pFmazFI2ZQt6IgUPsZTQ.jpg,"O agente Ethan Hunt está afastado do trabalho de campo para a IMF, trabalhando apenas como treinador de novos agentes. Ele agora leva uma vida tranquila com Julia, com quem pretende se casar e que nada sabe sobre seu verdadeiro trabalho. Entretanto Ethan é chamado de volta à ativa quando uma de suas pupilas, Lindsey, é capturada por Owen Davian, um negociante de armas sem escrúpulos.",126,15.1721
812,Aladdin,1992-11-25,Animação,7.657,12189,28000000,504050219,John Musker,https://image.tmdb.org/t/p/w500/eLFfl7vS8dkeG1hKp5mwbm37V83.jpg,"Após o sultão ordenar que sua filha, a princesa Jasmine, ache um marido rapidamente, ela foge do palácio. Jasmine encontra um tipo meio malandro, Aladdin, que conquista seu coração. Porém ambos são achados pelos guardas de Jafar, o vizir do sultão. Jafar criou um feitiço para dominar o sultão, se casar com Jasmine e se tornar ele mesmo o sultão. Além disto finge que cometeu um engano e mandou decapitar Aladdin, que na verdade está vivo, pois Jafar precisa dele para conseguir uma lâmpada mágica, que é a morada de um poderoso gênio. Mas o plano de Jafar falha, pois Aladdin fica com a lâmpada graças a intervenção de um pequeno macaco, Abu, seu fiel mascote. Quando descobre que há na lâmpada um gênio poderoso, que pode se transformar em qualquer pessoa ou coisa e que lhe concederá três desejos, Aladdin planeja usá-los para conquistar Jasmine, sem imaginar que Jafar é um diabólico inimigo, que precisa ser detido.",93,15.1671
27578,Os Mercenários,2010-08-07,Thriller,6.252,8411,80000000,274470394,Sylvester Stallone,https://image.tmdb.org/t/p/w500/67xVbBwIO6Pq4p9KS22sZ4k3bmQ.jpg,"Um grupo de mercenários, liderado por Barney Ross, e seus homens de confiança aceitam uma missão que parece ser rotineira: uma operação secreta, a mando da Igreja, para invadir o país sul-americano de Vilena e derrubar seu ditador. Não demora muito para o grupo perceber que a missão é uma operação suicida. Presos em uma perigosa teia de traições, mas sabendo que um inocente está em perigo, Barney e seus homens decidem finalizar o trabalho.",103,15.1658
190859,Sniper Americano,2014-12-25,Guerra,7.41,13810,58800000,542300000,Clint Eastwood,https://image.tmdb.org/t/p/w500/mAXzc2oDTTYcnn6IGHlSXvmXloG.jpg,"Chris Kyle é um atirador de elite das forças especiais da marinha dos Estados Unidos. Durante a Guerra do Iraque, sua missão é proteger seus companheiros e seu dever faz dele um dos maiores atiradores da história norte-americana. Sua precisão salva inúmeras vidas, mas também o torna um alvo preferencial. Quando Kyle finalmente volta para casa, ele descobre que não tem como deixar a guerra para trás.",132,15.1494
810,Shrek Terceiro,2007-05-17,Fantasia,6.314,9931,160000000,808310187,Chris Miller,https://image.tmdb.org/t/p/w500/abw1mIJIjG9X3xSEffE9siLcOkN.jpg,"O rei Harold, pai de Fiona, morre repentinamente. Com isto Shrek precisa ser coroado rei, algo que ele jamais pensou em ser. Juntamente com o Burro e o Gato de Botas, ele precisa encontrar alguém que possa substituí-lo no cargo de soberano do Reino de Tão, Tão Distante. O principal candidato é Artie, um jovem desprezado por todos em sua escola, que é primo de Fiona.",92,15.1491
47612,Au Bonheur des Dames,1930-07-03,Drama,6.3,36,0,0,Julien Duvivier,https://image.tmdb.org/t/p/w500/sVFvFFEMRJ1eUzD6nbYLSqwHi0d.jpg,,95,15.1465
353486,Jumanji: Bem-Vindo à Selva,2017-12-09,Aventura,6.823,14723,90000000,995339117,Jake Kasdan,https://image.tmdb.org/t/p/w500/62RFp8bvulylVm3YBagALNuXYNY.jpg,"Quatro adolescentes que estão de castigo depois das aulas encontram um console de videogame antigo com um jogo que nunca tinham ouvido falar. Quando decidem jogar, são imediatamente sugados para dentro de uma selva, para o mundo de Jumanji, onde assumem os corpos dos seus avatares. Eles têm que ir até o fim da maior aventura de suas vidas, recheada de diversão, emoções e perigos, ou ficarão para sempre dentro do jogo!",119,15.1306
716273,한입만,2020-06-11,Romance,0.0,0,0,0,Choi Sung-eun,https://image.tmdb.org/t/p/w500/fBfbWJiG5CUGr1gjiaVPA6l94RW.jpg,,70,15.1258
15121,A Noviça Rebelde,1965-03-29,Drama,7.729,3693,8200000,286214286,Robert Wise,https://image.tmdb.org/t/p/w500/nF9wgSkAvjzJi6fF4oa8GcojTof.jpg,"No final da década de 1930, na Áustria, quando o pesadelo nazista estava prestes a se instaurar no país, uma noviça que vive em um convento, mas não consegue seguir as rígidas normas de conduta das religiosas, vai trabalhar como governanta na casa do capitão Von Trapp, que é viúvo, tem sete filhos e os educa como se fizessem parte de um regimento. Sua chegada modifica drasticamente o padrão da família, trazendo alegria novamente ao lar da família Von Trapp e conquistando o carinho e o respeito das crianças. Mas ela termina se apaixonando pelo capitão, que está comprometido com uma rica baronesa.",174,15.1045
345887,O Protetor 2,2018-07-19,Ação,6.794,6100,62000000,190400157,Antoine Fuqua,https://image.tmdb.org/t/p/w500/xl3oO2j1vfKasDLyUNwghWjl4jV.jpg,"Criminosos assassinam Susan Plummer, a melhor amiga de Robert McCall e sua ex-colega de trabalho. Obcecado, Robert pensa apenas em eliminar o bando de assassinos profissionais que destruiu sua vida.",121,15.0955
71676,Motoqueiro Fantasma: Espírito de Vingança,2011-12-10,Ação,5.025,4157,57000000,132563930,Brian Taylor,https://image.tmdb.org/t/p/w500/qL3fnJ3JC4mW05z9VB6IM3hA0Ld.jpg,"Depois de um período recluso na Europa, Johnny Blaze embarca em uma nova missão para se livrar da maldição de ser um motoqueiro fantasma. Desta vez, ele precisa impedir que o próprio demônio encarnado sequestre um garoto de dez anos que pode ser a única esperança da humanidade contra as trevas.",96,15.0926
109418,Gente Grande 2,2013-07-11,Comédia,6.187,4782,80000000,247022278,Dennis Dugan,https://image.tmdb.org/t/p/w500/fKYW0oKPvy6HF8x5egL1ljC36xb.jpg,"Lenny Feder e sua família se mudam para sua cidade natal para ficar perto dos amigos, mas acabam tendo que enfrentar alguns fantasmas do passado, como a covardia diante de valentões e o famigerado bullying na escola.",101,15.0838
575264,Missão: Impossível - Acerto de Contas Parte 1,2023-07-08,Ação,7.503,5287,220000000,571125435,Christopher McQuarrie,https://image.tmdb.org/t/p/w500/hBKxN5Z8gRo2am0whMeQlPv19K4.jpg,"Ethan Hunt e sua equipe embarcam em sua missão mais perigosa: rastrear uma nova arma aterrorizante que ameaça toda a humanidade antes que caia em mãos erradas. Com o controle do futuro e o destino do mundo em jogo e as forças sombrias do passado de Ethan se aproximando, uma corrida mortal ao redor do globo começa. Confrontado por um inimigo misterioso e todo-poderoso, Ethan é forçado a considerar que nada pode importar mais do que sua missão – nem mesmo a vida daqueles com quem ele mais se importa.",155,15.083
142,O Segredo de Brokeback Mountain,2005-10-22,Drama,7.8,7667,14000000,178043761,Ang Lee,https://image.tmdb.org/t/p/w500/qZ7fvWbPABjdU8JciIS9f9jCRCb.jpg,"Um conto de amor sobre o relacionamento de dois jovens, Ennis Del Mar, um rancheiro de Wyoming e Jack Twist, um vaqueiro de rodeio, que se encontram no verão de 1963, e nos anos seguintes lutam secretamente para entender e se manter o amor que nutrem um pelo outro.",134,15.0458
424711,Le calde notti di Poppea,1969-01-01,Comédia,4.7,5,0,0,Guido Malatesta,https://image.tmdb.org/t/p/w500/g1kB4f7aZBJnU2XZILZ8TsyDVVM.jpg,As Noites Quentes de Popeia (italiano: Le calde notti di Poppea) é uma comédia italiana de 1969 ambientada na Roma Antiga. O filme foi escrito e dirigido por Guido Malatesta e tem como protagonistas Olga Schoberová (creditada como Olinka Berova) e Brad Harris.,94,15.0272
384018,Velozes & Furiosos: Hobbs & Shaw,2019-07-31,Ação,6.824,7876,200000000,760098996,David Leitch,https://image.tmdb.org/t/p/w500/w5HWdAJyAbfpXbXDmEt5OIpf6kQ.jpg,O corpulento policial Luke Hobbs se junta ao fora da lei Deckard Shaw para combater um terrorista geneticamente melhorado que tem força sobre-humana.,136,15.0142
10625,Meninas Malvadas,2004-04-30,Drama,7.227,9600,17000000,130195052,Mark Waters,https://image.tmdb.org/t/p/w500/iV7YxvjdmRZo0amjGA2BZW5kkAu.jpg,"Criada na selva africana por seus pais zoólogos, Cady acha que sabe tudo sobre ""sobrevivência dos mais bem dotados"". Mas a lei da selva toma um significado totalmente novo, quando a garota, entra na escola pública.",96,15.0002
36586,Blade II: O Caçador de Vampiros,2002-03-22,Fantasia,6.571,5343,54000000,155010032,Guillermo del Toro,https://image.tmdb.org/t/p/w500/85FiSIRQpKyzNFqzUAe9RmPOdYY.jpg,"Blade é um ser meio homem, meio vampiro que é consumido pelo desejo de vingança contra os seres que atacaram sua mãe antes mesmo dele nascer e fizeram com que ele se tornasse o que é atualmente. Com isso, ao crescer Blade iniciou uma verdadeira cruzada pessoal para combater e eliminar os vampiros, mas agora uma nova raça mais poderosa chamada reapers, criada a partir de cruzamentos genéticos entre humanos e vampiros, ameaça eliminar ambas as raças. Visto isso, Blade se alia aos seus maiores inimigos para que, juntos, possam combater esta nova raça de seres.",117,14.9995
8392,Meu Amigo Totoro,1988-04-16,Fantasia,8.066,8990,3700000,41000000,Hayao Miyazaki,https://image.tmdb.org/t/p/w500/23KKTxDg6rxZVc66bloQQdPSr29.jpg,"Duas irmãs se mudam para o campo com o pai para ficarem mais próximas da mãe hospitalizada e descobrem que as árvores ao redor são habitadas por Totoros, espíritos mágicos da floresta. Quando a mais nova foge de casa, a irmã mais velha busca a ajuda dos espíritos para encontrá-la.",87,14.9974
9552,O Exorcista,1973-12-26,Terror,7.744,8802,11000000,430872776,William Friedkin,https://image.tmdb.org/t/p/w500/bYTMDg3eGFuO7emXbQip02a8zvQ.jpg,"Em Georgetown, Washington, uma atriz vai gradativamente tomando consciência que a sua filha de doze anos está tendo um comportamento completamente assustador. Deste modo, ela pede ajuda a um padre, que também um psiquiatra, e este chega a conclusão de que a garota está possuída pelo demônio. Ele solicita então a ajuda de um segundo sacerdote, especialista em exorcismo, para tentar livrar a menina desta terrível possessão.",132,14.9973
54138,Além da Escuridão - Star Trek,2013-05-05,Ação,7.323,9814,190000000,467381584,J.J. Abrams,https://image.tmdb.org/t/p/w500/hHUHMuTwYBcQRMYK9z8jHZucnD3.jpg,"Quando a tripulação da Enterprise é chamada de volta para casa, eles descobrem que uma força de terror imparável vinda de dentro de sua própria organização detonou a frota e tudo o que ela representa, deixando nosso mundo em estado de crise. Com contas pessoais a acertar, o Capitão Kirk lidera uma caçada humana a um mundo em zona de guerra para capturar uma arma de destruição em massa de um homem só.",132,14.9924
1214931,Nuremberg,2025-11-06,História,7.592,1337,11800000,37009109,James Vanderbilt,https://image.tmdb.org/t/p/w500/hf022mg13QNFbWMwDQQYmDvoBuW.jpg,"Um psiquiatra dos Estados Unidos é designado para examinar 22 oficiais nazistas que aguardam julgamento por crimes de guerra. À medida que ele se aproxima de um de seus pacientes e tenta desvendar a essência do mal, ele se vê envolvido em uma jornada sem volta.",148,14.99
11012,Perdas e Danos,1992-12-02,Drama,6.602,719,11000000,31000000,Louis Malle,https://image.tmdb.org/t/p/w500/alf3JOPP7EYP0iO24gwe5YfRnqo.jpg,"O político britânico Stephen está em um casamento sem graça, mas estável, com Ingrid. Quando Stephen conhece a noiva sedutora de seu filho, Anna, ele se apaixona e começa um romance intenso, mas perigoso com ela. Dizer que Anna está noiva de seu filho e que ela é assombrada por demônios pessoais não é suficiente para parar Stephen. Continuando a relação sórdida, Stephen luta para evitar a destruição de si mesmo e sua família.",110,14.9787
1363974,That Time I Got Reincarnated as a Slime o Filme: Lágrimas do mar azul-celeste,2026-02-27,Animação,8.2,52,0,0,菊地康仁,https://image.tmdb.org/t/p/w500/cmYFNjvmWYwwwpcNdcyLE87LzoF.jpg,"Após a cerimônia de abertura da Tempestade da Federação do Reino Demoníaco, Rimuru e seus companheiros são convidados pela Imperatriz Celestial Hermesia, da grande nação élfica – a Dinastia Magi Salion – para visitar sua ilha particular. Enquanto o grupo desfruta de suas breves férias, uma mulher misteriosa chamada Yura aparece. Um novo incidente se desenrola tendo como pano de fundo o vasto mar azul.",105,14.9722
948,Halloween - A Noite do Terror,1978-10-24,Terror,7.559,6293,325000,70260597,John Carpenter,https://image.tmdb.org/t/p/w500/mVQ8Lb7FhQXPqkQv0QCNbEwp9a6.jpg,"Na noite de Halloween de 1963, Michael Myers, de seis anos, assassina brutalmente sua irmã. Preso em uma instituição para doentes mentais sob os cuidados do dr. Sam Loomis, Michael cresce apenas para odiar. Em outubro de 1978, ele foge do hospital, seguido pelo dr. Loomis, que sabe que Michael vai matar novamente. O psicopata passa a perseguir a adolescente Laurie Strode e seus amigos, e prepara seu ataque mortal para a noite de Halloween.",91,14.9633
1079091,É Assim Que Acaba,2024-08-07,Drama,6.948,2027,55000000,351441044,Justin Baldoni,https://image.tmdb.org/t/p/w500/tYzTDYmiTVfVzsPtXLMPqrk4t6V.jpg,"Lily Bloom, uma mulher que supera uma infância traumática para começar uma nova vida em Boston e perseguir o sonho de sua vida de abrir seu próprio negócio. Um encontro casual com o charmoso neurocirurgião Ryle Kincaid desencadeia uma conexão intensa, mas à medida que os dois se apaixonam profundamente, Lily começa a ver lados de Ryle que a lembram do relacionamento de seus pais. Quando o primeiro amor de Lily, Atlas Corrigan, reaparece repentinamente em sua vida, seu relacionamento com Ryle é abalado, e Lily percebe que deve aprender a confiar em sua própria força para fazer uma escolha impossível para o seu futuro.",130,14.958
1124566,Valor Sentimental,2025-08-20,Drama,7.444,1039,7800000,23883986,Joachim Trier,https://image.tmdb.org/t/p/w500/pTMpLRfB9wUaQ8CEdGEUkyVXwOo.jpg,"O reencontro das irmãs Nora e Agnes com seu pai distante, o carismático diretor Gustav, é marcado por uma proposta: Nora é convidada a estrelar o que seria o filme de retorno do outrora renomado cineasta. Quando Nora declina o papel, ela descobre que Gustav o entregou a uma jovem estrela de Hollywood, ambiciosa e cheia de entusiasmo. As duas irmãs são, então, obrigadas a lidar com a complicada relação paterna, agora intensificada pela presença inesperada dessa atriz americana inserida bem no centro de suas complexas dinâmicas familiares.",132,14.9556
1128879,Mil Kilómetros,,Romance,0.0,0,0,0,Alberto Montull,https://image.tmdb.org/t/p/w500/53x5ItzXZXFpJ8XeBg6xCScb1It.jpg,,0,14.9092
1198984,Enterrando os Mortos,2026-01-01,Terror,6.077,355,0,3745163,Zak Hilditch,https://image.tmdb.org/t/p/w500/x6H4DtBRIfwTcOIK64R8pSXNpvN.jpg,"Um desastre militar catastrófico não apenas trouxe os mortos de volta à vida, como os transformaram em caçadores. Após a declaração do exército de que as criaturas eram lentas e inofensivas, Ava entra numa zona de quarentena a procura de seu marido mas acaba descobrindo a terrível verdade: os mortos-vivos estão se tornando cada vez mais perigos e violentos ao passar de cada segundo.",95,14.9029
1813,Advogado do Diabo,1997-10-17,Terror,7.478,6956,57000000,153000000,Taylor Hackford,https://image.tmdb.org/t/p/w500/u6gFTFI22YAnjoUCUyRveN48S06.jpg,"Kevin Lomax, advogado de uma pequena cidade da Flórida que nunca perdeu um caso, é contratado por John Milton, dono da maior firma de advocacia de Nova York. No início tudo parece correr bem, mas Mary Ann, a esposa do advogado, começa a testemunhar aparições demoníacas. Kevin está empenhado em defender o cliente e cada vez dá menos atenção a sua mulher, enquanto seu misterioso chefe parece sempre saber como contornar cada problema e tudo que perturba o jovem advogado.",143,14.8867
466420,Assassinos da Lua das Flores,2023-10-18,Crime,7.39,4274,200000000,158722599,Martin Scorsese,https://image.tmdb.org/t/p/w500/kBLMPD5BCmcrHKIhjZ86uWHZG5K.jpg,"Na década de 1920, em Oklahoma, o povo da tribo Osage começa a ser assassinado após petróleo ser descoberto sob suas terras. O mistério começa a ser investigado por uma organização que ficaria conhecida como FBI.",208,14.8832
20526,Tron: O Legado,2010-12-14,Aventura,6.546,8079,170000000,409912892,Joseph Kosinski,https://image.tmdb.org/t/p/w500/kHSIHeYvcP8NTjESmxh9vMAk15E.jpg,"Quando Flynn, o maior criador de videogames do planeta, envia uma mensagem de um incrível mundo digital, seu filho descobre o caminho e embarca numa jornada pessoal para salvar seu pai desaparecido há anos. Com a ajuda da destemida guerreira Quorra, pai e filho se aventuram num universo cibernético incrível e travam a batalha definitiva do bem x mal.",126,14.8812
9532,Premonição,2000-03-17,Terror,6.6,6872,23000000,112880294,James Wong,https://image.tmdb.org/t/p/w500/w2QfY0poYNieZ7Js8P0zaopzrbq.jpg,"Pouco antes de decolar no vôo 180 para Paris, Alex experimenta a angustiante visão do avião transformando-se numa bola de fogo gigante em pleno vôo. Em pânico, o estudante é retirado da aeronave com uma professora e alguns colegas de classe. Irritado e decepcionado, o grupo assiste seu vôo partir. É quando o inimaginável acontece, o avião explode matando todo mundo a bordo! Confuso entre a idéia de Alex ter salvo a todos e a possibilidade de ele ter provocado o acidente, o grupo não sabe como reagir. Para Alex, porém, o fato de ter escapado da tragédia não traz alívio, pois presságios terríveis continuam a perturbá-lo. Neles Alex vê, um a um, seus amigos morrerem. Então percebe que, ao saírem do avião, eles desafiaram a ordem natural das coisas e agora terão de acertar suas contas com a própria Morte.",98,14.8645
966,Sete Homens e Um Destino,1960-10-12,Faroeste,7.501,2031,2000000,19500000,John Sturges,https://image.tmdb.org/t/p/w500/sJaBbNqyN0k0z0nJ7EIsAZ4L5SG.jpg,"Numa pequena vila dominada por bandidos liderados por Calvera, alguns fazendeiros partem rumo ao norte em busca de armas para detê-los. Lá, eles conhecem o pistoleiro Chris Adams e fazem uma proposta. Relutante, Chris acaba aceitando e reúne mais seis homens para ajudá-lo nessa missão.",100,14.8626
937287,Rivais,2024-04-18,Drama,6.913,2782,55000000,94182533,Luca Guadagnino,https://image.tmdb.org/t/p/w500/w1j3evHiwrGiQ6e9h1l9r66uo29.jpg,"Tashi Duncan, atleta prodígio do tênis que se tornou treinadora, é uma força da natureza que não pede desculpas por seu jogo dentro e fora da quadra. Casada com um campeão que tem acumulado apenas derrotas nos últimos jogos, a estratégia de Tashi para a redenção de seu marido toma um rumo surpreendente quando ele deve enfrentar o fracassado Patrick nas quadras. Patrick foi o melhor amigo de seu marido, e é ex-namorado de Tashi. Quando o passado e o presente entram em colisão, e as tensões aumentam, Tashi deve se perguntar qual será o custo dessa vitória.",132,14.856
1368,Rambo: Programado Para Matar,1982-10-22,Ação,7.5,7027,15000000,125212904,Ted Kotcheff,https://image.tmdb.org/t/p/w500/eZlxLq2iNpDKvjpjLhEJV2gK6Kk.jpg,"Quando o ex-Boina Verde John Rambo é assediado pelas autoridades locais e preso por vadiagem, ele é forçado a fugir para as montanhas e travar uma guerra crescente de um homem só contra seus perseguidores.",94,14.8487
943315,조개의 맛,2021-11-21,Desconhecido,4.0,1,0,0,Desconhecido,https://image.tmdb.org/t/p/w500/23BBsBdmJGkfPD2IVeuPYjpD5pX.jpg,,0,14.8429
446893,Trolls 2,2020-03-11,Família,7.224,2304,90000000,49276818,Walt Dohrn,https://image.tmdb.org/t/p/w500/4aOyZTiybSidipdjtv7xpeO4TZp.jpg,"A rainha Poppy e Branch fazem uma descoberta surpreendente: há outros mundos Troll além do seu, e suas diferenças criam grandes confrontos entre essas diversas tribos. Quando uma ameaça misteriosa coloca todos os Trolls do país em perigo, Poppy, Branch e seu grupo de amigos devem embarcar em uma jornada épica para criar harmonia entre os Trolls rivais e uní-los contra um mal maior.",91,14.8328
752,V de Vingança,2006-02-23,Ação,7.9,15815,54000000,134686457,James McTeigue,https://image.tmdb.org/t/p/w500/Awk4uagfl0wz6WiqlCitfswHwcT.jpg,"Após uma guerra mundial, a Inglaterra é ocupada por um governo fascista e vive sob um regime totalitário. Na luta pela liberdade, um vigilante, conhecido apenas como V, utiliza-se de táticas terroristas para enfrentar os opressores da sociedade. V salva uma jovem chamada Evey da polícia secreta e encontra nela uma nova aliada em busca de liberdade e justiça para o seu país.",130,14.8249
36648,Blade Trinity,2004-12-08,Ação,5.862,4418,65000000,128905366,David S. Goyer,https://image.tmdb.org/t/p/w500/O8iPtrxt7G4nIh5rrx4BwOwc1M.jpg,"Blade, agora um homem procurado pelo FBI, deve unir forças com os Nightstalkers para enfrentar seu inimigo mais desafiador ainda: Drácula.",113,14.8247
9480,Demolidor: O Homem Sem Medo,2003-02-14,Fantasia,5.3,5552,78000000,179179718,Mark Steven Johnson,https://image.tmdb.org/t/p/w500/radMhBHs7xicEcsTLfRzbWBdGC9.jpg,"O advogado Matt Murdock é cego, mas os seus outros quatro sentidos funcionam com uma nitidez sobrehumana. De dia, Murdock representa os oprimidos e à noite, ele é o Demolidor, um vigilante mascarado e vingador implacável da justiça.",103,14.8214
1608457,누나 친구 4,2024-12-16,Romance,0.0,0,0,0,민정현,https://image.tmdb.org/t/p/w500/zzK8AKJywLRwooQNhJOV9iR7mjA.jpg,,0,14.8143
1337148,Aisha Não Pode Voar,2025-05-20,Terror,5.5,4,0,0,Murad Mustafa,https://image.tmdb.org/t/p/w500/pqL2PztQYNeoiDHER6BmgyMiWlT.jpg,"Aisha é uma cuidadora sudanesa que vive no centro do Cairo. Diariamente, ao sair para trabalhar, ela testemunha a tensão entre os outros imigrantes africanos e os membros das gangues egípcias locais. Aos 26 anos, ela se vê presa entre um relacionamento indefinido com um jovem egípcio e um novo emprego.",120,14.8127
941,Máquina Mortífera,1987-03-06,Ação,7.301,5154,15000000,120207127,Richard Donner,https://image.tmdb.org/t/p/w500/jsn0xqelydberc2UoHE8JzdDPTP.jpg,"Martin Riggs e Roger Murtaugh são dois policiais que se tornam parceiros para lutar contra uma quadrilha de traficantes de drogas, composta de ex-militares da Guerra do Vietnã. Só que nessa missão, Murtaugh ainda terá que lidar com as tendências suicidas de Riggs.",110,14.8098
377,A Hora do Pesadelo,1984-11-09,Terror,7.3,5866,1800000,57004513,Wes Craven,https://image.tmdb.org/t/p/w500/8cXxfVhSdTL1tC5ivC0mX74QQyI.jpg,"Um grupo de adolescentes tem pesadelos horríveis, onde são atacados por um homem deformado com garras de aço. Ele apenas aparece durante o sono e, para escapar, é preciso acordar. Os crimes vão ocorrendo seguidamente, até que se descobre que o ser misterioso é na verdade Freddy Krueger, um homem que molestou crianças na rua Elm e que foi queimado vivo pela vizinhança. Agora Krueger pode retornar para se vingar daqueles que o mataram, através do sono.",91,14.8087
335977,Indiana Jones e A Relíquia do Destino,2023-06-25,Aventura,6.501,4287,294700000,383963057,James Mangold,https://image.tmdb.org/t/p/w500/ohyBuxe8peJQSdoS5hw31VmKCZ4.jpg,"Encontrando-se em uma nova era, aproximando-se da aposentadoria, Indy luta para se encaixar em um mundo que parece tê-lo superado. Mas quando os tentáculos de um mal muito familiar retornam na forma de um antigo rival, Indy deve colocar seu chapéu e pegar seu chicote mais uma vez para garantir que um antigo e poderoso artefato não caia nas mãos erradas.",144,14.7937
1138194,Herege,2024-10-31,Thriller,6.967,2810,10000000,51913394,Scott Beck,https://image.tmdb.org/t/p/w500/j5e2YS1PRUVC1YgSool0JJyNLxJ.jpg,"Enquanto espalham sua fé pela cidade, as irmãs Barnes e Paxton batem na porta errada e acabam presas na casa do diabólico Sr. Reed, um homem misterioso. Elas são forçadas a participar de um jogo perturbador que desafia sua fé e põe em xeque tudo o que acreditam.",110,14.7844
119450,Planeta dos Macacos: O Confronto,2014-07-08,Ficção científica,7.343,12416,170000000,710644566,Matt Reeves,https://image.tmdb.org/t/p/w500/4vLhF6R3lmhTjTVUdK4gI1s5a8v.jpg,"Em 2026, a humanidade está enfrentando sua pior crise e está muito próxima da extinção por conta de um vírus mortal. Um grupo de sobreviventes organiza uma expedição pelas florestas próximas de São Francisco em busca de uma nova fonte de energia quando se deparam com uma comunidade, muito evoluída, de macacos liderados por César. Alguns dissidentes, mesmo com o pacto de paz firmado, quebram a trégua e dão início a uma guerra sem precedentes entre as duas espécies.",131,14.7812
760104,X: A Marca da Morte,2022-03-17,Terror,6.71,4082,1000000,14745049,Ti West,https://image.tmdb.org/t/p/w500/4BarWJRYFB5fN7LsJI9U2ul79hB.jpg,"Em 1979, um grupo de jovens cineastas se propôs a fazer um filme adulto na zona rural do Texas, mas quando seus solitários e idosos anfitriões os pegam em flagrante, o elenco se vê lutando por suas vidas.",106,14.7651
297761,Esquadrão Suicida,2016-08-03,Ação,5.917,22326,175000000,749200054,David Ayer,https://image.tmdb.org/t/p/w500/6hU2HAUpgBZ295sYzSkr8F5VxbS.jpg,"Um time dos mais perigosos e encarcerados supervilões são contratados por uma agência secreta do governo, para combater uma poderosa entidade. No entanto, quando eles percebem que não foram escolhidos apenas para ter sucesso, mas também por sua óbvia culpa quando inevitavelmente falharem, terão que decidir se vale a pena ou não continuar correndo risco de morte.",123,14.7457
9837,O Príncipe do Egito,1998-12-16,Aventura,7.318,4387,70000000,218613188,Steve Hickner,https://image.tmdb.org/t/p/w500/5jco6VjKwjAyN8HElg4F3dXGfT8.jpg,"No Egito antigo, quando os hebreus lá viviam como escravos e o faraó Seti, temendo o constante nascimento de crianças hebréias, pois no futuro poderiam se tornar uma força que ameaçasse seu poder, ordena que todos os bebês hebreus do sexo masculino sejam mortos. Uma hebréia se desespera ao ver que seu filho poderá ser morto e, para salvá-lo, o coloca em uma cesta no rio. A criança acaba sendo encontrada pela rainha, que o adota. Assim Moisés é criado como irmão de Ramsés, o herdeiro do trono de Seti. Os dois crescem e se tornam grande amigos, mas Moisés acaba descobrindo sua origem, decide abandonar o palácio e libertar os hebreus, para levá-los para a Terra Prometida.",99,14.7441
823464,Godzilla e Kong: O Novo Império,2024-03-27,Ação,7.042,4809,150000000,571750016,Adam Wingard,https://image.tmdb.org/t/p/w500/fWSGD2yrzz6hscocnMD8AEXIThk.jpg,"O poderoso Kong e o temível Godzilla se unem contra uma colossal ameaça mortal escondida no mundo dos humanos, que ameaça a existência de sua espécie e da nossa. Mergulhando profundamente nos mistérios da Ilha da Caveira e nas origens da Terra Oca, o filme irá explorar a antiga batalha de Titãs que ajudou a forjar esses seres extraordinários e os ligou à humanidade para sempre.",115,14.7383
374720,Dunkirk,2017-07-19,Guerra,7.449,17823,150000000,549136737,Christopher Nolan,https://image.tmdb.org/t/p/w500/mXJOgvCZm4PJ9I4zEbAH3CVCjfa.jpg,"Durante a Segunda Guerra Mundial, em maio de 1940, cerca de 400.000 soldados britânicos, franceses e belgas viram-se cercados pelas tropas alemãs na bolsa de Dunquerque. A Operação Dínamo foi lançada para evacuar a Força Expedicionária Britânica para Inglaterra. A história segue os destinos entrelaçados de soldados, pilotos, marinheiros e civis britânicos durante a evacuação de Dunquerque.",106,14.7181
534,O Exterminador do Futuro: A Salvação,2009-05-20,Ação,6.099,7178,200000000,371353001,McG,https://image.tmdb.org/t/p/w500/khMIfRCgsMMqjxuGtJ2dUfJ551R.jpg,"John Connor é o líder da resistência humana contra o domínio das máquinas, coordenadas pela Skynet e seu exército de exterminadores. Quando surge um homem chamado Marcus Wright, cuja última memória que possui é de estar no corredor da morte, Connor precisa descobrir se ele foi enviado do futuro ou resgatado do passado, ao mesmo tempo, em que a Skynet prepara seu ataque definitivo que pode aniquilar a humanidade.",115,14.7178
758009,Casamento Armado,2022-12-28,Ação,6.228,1332,0,4495365,Jason Moore,https://image.tmdb.org/t/p/w500/i3OgPuen3vi7UkAQCMZou2NkPUm.jpg,"Durante a cerimônia de casamento, Darcy e Tom estão reunidos com seus familiares para celebrar o grande momento, quando são surpreendidos por sequestradores. Agora, os noivos têm a missão de salvar as suas famílias do perigo, trazendo a lembrança de quando se apaixonaram um pelo outro.",101,14.7154
840705,Pisque Duas Vezes,2024-08-21,Terror,6.679,1997,20000000,46393906,Zoë Kravitz,https://image.tmdb.org/t/p/w500/1BCZ1rOI41cGkae6RZgLVVmYczE.jpg,"Quando o bilionário de tecnologia Slater King conhece a garçonete Frida em sua gala de arrecadação de fundos, faíscas voam. Ele a convida para se juntar a ele e seus amigos nas férias dos sonhos em sua ilha particular. Noites selvagens se misturam com dias ensolarados e todos estão se divertindo. Ninguém quer que esta viagem acabe, mas à medida que coisas estranhas começam a acontecer, Frida começa a questionar a sua realidade. Há algo errado com este lugar. Ela terá que descobrir a verdade se quiser sair viva desta festa.",102,14.7016
696806,O Projeto Adam,2022-03-11,Aventura,6.989,5086,116000000,0,Shawn Levy,https://image.tmdb.org/t/p/w500/11MJy6lkt7yTEIowEPIkaK4B7lM.jpg,"Depois de viajar no tempo e ir parar em 2022 sem querer, o piloto de combate Adam Reed se une à sua versão de 12 anos de idade para salvar o futuro.",106,14.6887
1007734,Anônimo 2,2025-08-13,Ação,6.912,1759,25000000,43285109,Timo Tjahjanto,https://image.tmdb.org/t/p/w500/6ObRyIQHJAY2X575hLVgKsnNlar.jpg,"O pai suburbano Hutch Mansell, ex-assassino letal, é levado de volta ao seu passado violento depois de impedir uma invasão domiciliar, desencadeando uma cadeia de eventos que revela segredos sobre o passado de sua esposa Becca.",89,14.684
1182047,O Aprendiz,2024-10-09,História,6.848,1013,16000000,17271613,Ali Abbasi,https://image.tmdb.org/t/p/w500/kSXqBw3QzKqSx8ZAeWL9ms1zw2n.jpg,"Nova York, 1970. O jovem Donald Trump busca escapar da sombra de seu pai e ter sucesso no mercado imobiliário. No caminho, ele conhece Roy Cohn, um articulador político que o ensina a usar a manipulação da mídia para conquistar a riqueza e o poder.",120,14.6644
1119878,Missão Resgate: Vingança,2025-06-27,Ação,6.252,654,0,0,Jonathan Hensleigh,https://image.tmdb.org/t/p/w500/ubTSiHBDqxokwAFTgmReY79XCw1.jpg,"Mike viaja ao Nepal para espalhar as cinzas de seu falecido irmão no Monte Everest. Quando Mike e sua guia de montanha encontram mercenários em um ônibus turístico, eles são forçados a lutar para salvar a si mesmos, aos passageiros e à terra natal dos moradores locais.",113,14.6503
194,O Fabuloso Destino de Amélie Poulain,2001-04-25,Comédia,7.92,12567,10000000,173921954,Jean-Pierre Jeunet,https://image.tmdb.org/t/p/w500/oAYKYALxamhAB1wKUGmOo05Vf92.jpg,"Após deixar a vida de subúrbio que levava com a família, a inocente Amélie muda-se para o bairro parisiense de Montmartre, onde começa a trabalhar como garçonete. Certo dia encontra uma caixa escondida no banheiro de sua casa e, pensando que pertencesse ao antigo morador, decide procurá-lo ­e é assim que encontra Dominique. Ao ver que ele chora de alegria ao reaver o seu objeto, a moça fica impressionada e adquire uma nova visão do mundo. Então, a partir de pequenos gestos, ela passa a ajudar as pessoas que a rodeiam, vendo nisto um novo sentido para sua existência. Contudo, ainda sente falta de um grande amor.",122,14.6473
8741,Além da Linha Vermelha,1998-12-23,Drama,7.44,3384,52000000,98126565,Terrence Malick,https://image.tmdb.org/t/p/w500/bZTfnqmIzB6rWQeT0DDC66K8iBf.jpg,"Durante a Segunda Guerra Mundial, fica claro que o resultado da batalha de Guadalcanal influenciará fortemente o avanço japonês no Pacífico. Assim, um grupo de jovens soldados é enviado para lá, trazendo alívio para as esgotadas unidades da marinha. Lá os recém-chegados conhecem um terror que nem imaginavam, mas no meio deste desespero surgem fortes laços de amor e amizade.",171,14.6424
1392469,कॉकटेल २,2026-06-19,Romance,5.9,23,15872640,12947333,Homi Adajania,https://image.tmdb.org/t/p/w500/oIQmtByV1LtEQSwM4EpdLTyoSlM.jpg,,150,14.6406
324852,Meu Malvado Favorito 3,2017-06-15,Ação,6.47,7740,80000000,1034800131,Kyle Balda,https://image.tmdb.org/t/p/w500/6z0KlRIrXfkgNz3IJOCAQxdVXAg.jpg,"O ex-ator mirim e astro de TV, Balthazar Bratt, foi um típico malvado bem-sucedido nos anos 80 e agora está de volta à ativa. Ele vai aterrorizar a vida de Gru, Agnes, Margo, Edith, Dr. Nefario e os atrapalhados Minions. Em meio a tudo isso, Gru também vai encontrar o seu irmão gêmeo, Drew.",90,14.6341
12405,Quem Quer Ser um Milionário?,2008-11-12,Drama,7.73,11501,15000000,378400000,Danny Boyle,https://image.tmdb.org/t/p/w500/timJSy64zR0BM2xhkXwIyvDG6MM.jpg,"Jamal K. Malik é um jovem que trabalha servindo chá em uma empresa de telemarketing. Sua infância foi difícil, tendo que fugir da miséria e violência para conseguir chegar ao emprego atual. Um dia ele se inscreve no popular programa de TV ""Quem Quer Ser um Milionário?"". Inicialmente desacreditado, ele encontra em fatos de sua vida as respostas das perguntas feitas.",120,14.6239
1641319,O Atirador: Sem Nação,2026-03-13,Ação,6.511,91,0,0,Trevor Calverley,https://image.tmdb.org/t/p/w500/gGhjs14pomQA6N8parCw5Bl3qoh.jpg,"Perseguidos por mercenários, Brandon Beckett e seu lendário pai realizam um resgate impossível.",95,14.5941
7345,Sangue Negro,2007-12-26,Drama,8.064,7616,25000000,77208711,Paul Thomas Anderson,https://image.tmdb.org/t/p/w500/cOEbxHAm8CfbpAE9fKv9vTZaWeL.jpg,"Daniel Plainview e seu filho são caçadores de petróleo, que perfuram poços na Califórnia no início do século XX. Eles são desafiados por um jovem pastor, Eli Sunday, cuja ambição pessoal é confrontada por Plainview. A luta entre os dois é o centro dessa conflitante, trágica e histórica jornada ao abismo da loucura causada pela corrupção, fraude e petróleo.",158,14.5899
1018,Cidade dos Sonhos,2001-06-06,Thriller,7.798,7203,15000000,20289986,David Lynch,https://image.tmdb.org/t/p/w500/nLAE1zU4jLX3qxx4d87Nz7DsqQg.jpg,"Uma jovem atriz viaja para Hollywood e se vê emaranhada numa intriga secreta com uma mulher que escapou por pouco de ser assassinada, e que agora se encontra com amnésia devido a um acidente de carro. Seu mundo se torna um pesadelo surreal.",147,14.582
424694,Bohemian Rhapsody,2018-10-24,Música,7.953,17945,52000000,910813521,Bryan Singer,https://image.tmdb.org/t/p/w500/7gprs7louiwHnO0LN6xP9fQ1nEF.jpg,"Freddie Mercury e seus companheiros Brian May, Roger Taylor e John Deacon mudam o mundo da música para sempre ao formar a banda Queen, durante a década de 1970. Porém, quando o estilo de vida extravagante de Mercury começa a sair do controle, a banda tem que enfrentar o desafio de conciliar a fama e o sucesso com suas vidas pessoais cada vez mais complicadas.",135,14.5799
170,Extermínio,2002-10-31,Terror,7.245,8763,8000000,82784517,Danny Boyle,https://image.tmdb.org/t/p/w500/pVTtJSvJoOofD1YoyPSGwWEWmJd.jpg,"Um poderoso vírus está a solta. Transmitido em uma gota de sangue e com efeito devastador em alguns segundos, o vírus mantém os infectados em um estado permanente de descontrole assassino. Dentro de 28 dias, o país está tomado e um punhado de sobreviventes inicia esforços para garantir algum futuro à raça humana, mas o que não percebem é que o vírus mortal não é a única coisa que os ameaça.",112,14.5696
600,Nascido Para Matar,1987-06-26,Drama,8.119,11656,30000000,46357676,Stanley Kubrick,https://image.tmdb.org/t/p/w500/qHm54HjL1F6CFVyYOz6Q2HAPTfS.jpg,"Um sargento treina de forma fanática e sádica os recrutas em uma base de treinamentos, na intenção de transformá-los em máquinas de guerra para combater na Guerra do Vietnã. Após serem transformados em fuzileiros navais, eles são enviados para a guerra e quando lá chegam se deparam com seus horrores.",117,14.5635
37724,007: Operação Skyfall,2012-10-24,Ação,7.265,16311,200000000,1108594176,Sam Mendes,https://image.tmdb.org/t/p/w500/z0Vd21WWJUtGN48FJAI8rmd0RPN.jpg,"Após uma missão mal sucedida de James Bond, a identidade de agentes secretos é revelada e o M16, atacado. Ajudado por um agente de campo, Bond deverá seguir a trilha de Silva, um homem que habita o passado de M e que tem contas a acertar.",143,14.5602
220281,Giselle,1980-03-05,Drama,4.5,13,0,0,Victor di Mello,https://image.tmdb.org/t/p/w500/k3JWic65gcvhEm5Jk92UlJheIxl.jpg,,90,14.5487
11770,Kung Fu Futebol Clube,2001-07-05,Ação,7.206,2626,10000005,42776760,Stephen Chow,https://image.tmdb.org/t/p/w500/rO1YoR49hs9QPla0vwCxrMLln33.jpg,"Sing, que é adepto da prática do kung fu shaolin, resolve usar os seus chutes poderosos em outro esporte. Ele reúne os amigos lutadores e monta um time de futebol que consegue se dar bem no campeonato da cidade.",112,14.5342
166426,Piratas do Caribe: A Vingança de Salazar,2017-05-23,Aventura,6.664,12983,230000000,795922298,Joachim Rønning,https://image.tmdb.org/t/p/w500/1bXv1lIkXE1TXYsyd6HHQr4dfw4.jpg,"O Capitão Jack, que anda passando por uma onda de azar, sente os ventos da má sorte soprando com muita força quando os marinheiros fantasmas assassinos, liderados pelo aterrorizante Capitão Salazar, escapam do triângulo do diabo decididos a matar todos os piratas em seu caminho, especialmente Jack.",129,14.5327
755679,Velozes & Furiosos: Para Sempre,2028-03-16,Ação,0.0,0,0,0,Louis Leterrier,https://image.tmdb.org/t/p/w500/xaRzhQZ3zK5lN6vEetG8PD17KPF.jpg,Continuação direta de Velozes & Furiosos 10 (2023). Supostamente a segunda parte de uma trilogia que dará fim à franquia Velozes & Furiosos.,0,14.5276
934433,Pânico VI,2023-03-08,Terror,6.93,3287,33000000,169063850,Tyler Gillett,https://image.tmdb.org/t/p/w500/aKmjs235LlPInyqhITgCHbSTacf.jpg,"Sam, Tara, Chad e Mindy, os quatro sobreviventes do massacre realizado pelo Ghostface, decidem deixar Woodsboro para trás em busca de um novo começo em uma cidade diferente. Mas não demora muito para eles se tornarem alvo de um novo serial killer mascarado.",122,14.5223
4982,O Gângster,2007-11-02,Drama,7.592,6154,100000000,269755430,Ridley Scott,https://image.tmdb.org/t/p/w500/Avd0i7NPlt3w4z1pJFlc0jYbqWu.jpg,"Frank Lucas trabalha como chofer de um dos mafiosos mais importantes do Harlem. Após a morte de seu chefe, Frank usa sua perspicácia e jeito para os negócios para se transformar em um dos mais poderosos líderes criminosos da cidade. Enquanto isso, o policial veterano Richie Roberts percebe mudanças na estrutura do poder da máfia, e busca uma maneira de levar seu oponente à justiça.",157,14.5214
675445,Patrulha Canina: O Filme,2021-08-09,Ação,7.31,1286,26000000,144327371,Cal Brunker,https://image.tmdb.org/t/p/w500/cl3JWmv9HbSx43TDsYyUkABKV3M.jpg,"O longa acompanha um grupo de cães falantes que utilizam equipamentos especializados para investigar e resolver crimes, evitando desastres na pequena cidade onde moram.",88,14.5177
889737,Coringa: Delírio a Dois,2024-10-01,Drama,5.407,3026,190000000,207500287,Todd Phillips,https://image.tmdb.org/t/p/w500/9RmVr8dPWicFyPZ5JCQK3NcBNB5.jpg,"Arthur Fleck está institucionalizado em Arkham à espera do julgamento por seus crimes como Coringa. Enquanto luta com sua dupla identidade, Arthur não apenas se depara com o amor verdadeiro, como encontra a música que sempre esteve dentro dele.",138,14.5161
11970,Hércules,1997-06-13,Animação,7.5,8051,85000000,252712101,Ron Clements,https://image.tmdb.org/t/p/w500/gjWApgKrmg6s10GxIcni64dDzOE.jpg,"Dono de uma força sobre-humana, o jovem mortal Hércules precisa provar que é um herói para seu pai, o grande Zeus. Junto com seus amigos Pégaso e Phil, ele é enganado pelo esquentadinho vilão Hades e agora terá que se decidir entre seus poderes e o verdadeiro amor.",93,14.5096
567,Janela Indiscreta,1954-08-01,Thriller,8.3,7292,1000000,37042336,Alfred Hitchcock,https://image.tmdb.org/t/p/w500/ckYI4gqqKlSWAVwtLfZSUfwoquW.jpg,"Em Greenwich Village, Nova York, L.B. Jeffries, um fotógrafo profissional, está de molho em seu apartamento por ter quebrado a perna enquanto trabalhava. Como não tem muito o que fazer, fica bisbilhotando a vida dos seus vizinhos com um binóculo. Porém vê algumas coisas que o fazem suspeitar que um assassinato foi cometido.",112,14.5
746036,O Dublê,2024-04-24,Ação,6.95,3962,125000000,181073291,David Leitch,https://image.tmdb.org/t/p/w500/f7LgXutKkeOxHqx7p5rG7U4i9Qf.jpg,Colt é um dublê que tem uma tremenda queda pela diretora do filme que está filmando. As coisas começam a dar errado quando o ator principal do filme desaparece.,127,14.497
787,Sr. & Sra. Smith,2005-06-07,Ação,6.693,11396,110000000,487287646,Doug Liman,https://image.tmdb.org/t/p/w500/7mTudJmBLUrRxkbABfFeXJFv8I7.jpg,"John e Jane Smith aparentemente parecem formar um casal normal, mas na realidade ambos mantêm um segredo. Os dois são assassinos de aluguel contratados por empresas rivais. A verdade só vem à tona quando John e Jane, sem saber, recebem uma missão para eliminar o mesmo alvo e mais tarde descobrem que devem matar um ao outro.",119,14.4959
913290,Noites Brutais,2022-09-08,Terror,6.875,3422,4500000,45400000,Zach Cregger,https://image.tmdb.org/t/p/w500/mXsvEjsWLvco0hLfhe5FgwmY3qg.jpg,"Chegando a Detroit para uma entrevista de emprego, uma jovem aluga uma casa. Mas quando chega tarde da noite, ela descobre que a casa já havia sido alugada e ocupada por um homem estranho. Contrariando seu bom senso, ela decide passar a noite, mas logo descobre que há muito mais a temer do que um simples inquilino inesperado.",103,14.4649
602,Independence Day,1996-07-02,Ação,6.916,10638,75000000,817400891,Roland Emmerich,https://image.tmdb.org/t/p/w500/7KGNAWjp0QFcynhtLoLXXa3F4Hc.jpg,"Na véspera do Dia da Independência dos Estados Unidos, naves gigantescas aparecem no céu. O estupor inicial da população se transforma em terror ao ver como atacam o planeta lançando raios destrutivos nas maiores cidades do mundo. Agora a única esperança para a salvação da Terra reside na coragem de alguns sobreviventes, que se unem planejando o último ataque massivo contra os alienígenas, antes que seja tarde demais para a humanidade.",153,14.462
105825,聊齋三集之燈草和尚,1992-03-05,Fantasia,5.6,32,0,1201428,Ivan Lai Kai-Ming,https://image.tmdb.org/t/p/w500/1VLGHPr3DJMjlCP5F6BPgGghfTX.jpg,,94,14.459
335797,Sing - Quem Canta Seus Males Espanta,2016-11-23,Animação,7.124,8535,75000000,634151679,Garth Jennings,https://image.tmdb.org/t/p/w500/rkPf3AH4DPJC1T26T8CwAjBHHvc.jpg,"Um empolgado coala chamado Buster decide criar uma competição de canto para aumentar os rendimentos de seu antigo teatro. A disputa movimenta o mundo animal e promove a revelação de diversos talentos da cidade, todos de olho nos 15 minutos de fama e US$ 100 mil dólares de prêmio.",108,14.3803
80278,O Impossível,2012-09-09,Drama,7.375,6795,45000000,198100000,J. A. Bayona,https://image.tmdb.org/t/p/w500/sLSQBkyrn2r7UfZxefZNrIMNmhP.jpg,"O casal Maria e Henry está aproveitando as férias de inverno na Tailândia junto com os três filhos pequenos. Mas em uma manhã, um tsunami de proporções devastadoras atinge o local, arrastando tudo o que encontra pela frente. Separados em dois grupos, a mãe e o filho mais velho vão enfrentar situações desesperadoras para se manterem vivos, enquanto, o pai e as duas crianças menores não sabem se os outros dois ainda estão vivos.",114,14.3718
1043197,O Monstro do Meu Quarto,2025-12-11,Fantasia,6.655,375,0,928164,Bryan Fuller,https://image.tmdb.org/t/p/w500/cvdCMFP0pNYXtWXVuRD5Hqp6vuT.jpg,"Aurora, uma menina de 10 anos, tem um vizinho misterioso que mata monstros da vida real. Ele é um assassino de aluguel. Então, quando Aurora precisa de ajuda para matar o monstro que ela acredita ter devorado toda a sua família, ela contrata os serviços dele. Suspeitando que seus pais possam ter sido vítimas de assassinos que o perseguiam, o vizinho de Aurora aceita o trabalho, sentindo-se culpado. Agora, para protegê-la, ele precisará lutar contra uma horda de assassinos — e aceitar que alguns monstros são reais.",106,14.3709
458156,John Wick 3: Parabellum,2019-05-15,Ação,7.439,11964,55000000,328349908,Chad Stahelski,https://image.tmdb.org/t/p/w500/bE6XutmB6tcvzTHBx4JGJLlzouM.jpg,"Após assassinar o chefe da máfia Santino D'Antonio no Hotel Continental, John Wick passa a ser perseguido pelos membros da Alta Cúpula sob a recompensa de U$14 milhões. Agora, ele precisa unir forças com antigos parceiros que o ajudaram no passado enquanto luta por sua sobrevivência.",132,14.37
460465,Mortal Kombat,2021-04-07,Ação,7.04,6980,20000000,84426031,Simon McQuoid,https://image.tmdb.org/t/p/w500/w8BVC3qrCWCiTHRz4Rft12dtQF0.jpg,O lutador de MMA Cole Young deve treinar para liberar seu verdadeiro poder para unir-se aos maiores campeões mundiais contra inimigos da Exoterra em uma batalha decisiva pelo universo.,110,14.3693
7512,Idiocracia,2006-09-01,Comédia,6.381,3728,30000000,495303,Mike Judge,https://image.tmdb.org/t/p/w500/cirl5ksNn90QaC1O8YRcgJFraUd.jpg,"Joe Bauers, um americano comum, é selecionado pelo Pentágono para participar de um programa de hibernação. Ele é esquecido no projeto e, 500 anos depois, acorda no futuro. Joe descobre uma nova sociedade e, aos poucos, percebe que as pessoas são completamente idiotas. Será que Bauers é a pessoa mais inteligente dessa época?",84,14.3608
1480387,undertone,2026-03-12,Terror,6.037,582,500000,21581552,Ian Tuason,https://image.tmdb.org/t/p/w500/2PFgFMnrdCPXWiZl1PUvky7Mo9D.jpg,A apresentadora de um popular podcast paranormal passa a ser assombrada por gravações aterrorizantes misteriosamente enviadas a ela.,94,14.3586
1231767,교환아내 2,2023-02-03,Romance,6.0,1,0,0,Lee Si-young,https://image.tmdb.org/t/p/w500/9ZzZUuMNoCRdPpNrSKYZSvRzc5w.jpg,,89,14.348
882569,O Pacto,2023-04-19,Guerra,7.714,3289,55000000,21948551,Guy Ritchie,https://image.tmdb.org/t/p/w500/pTQZT9R6YjKrweJ0llPtq57j1Z0.jpg,"Na sua última missão no Afeganistão, o sargento John Kinley junta-se ao intérprete local Ahmed para fazer um levantamento da região. Quando sua unidade sofre uma emboscada, Kinley e Ahmed são os únicos sobreviventes. Com combatentes inimigos em sua perseguição, Ahmed arrisca a própria vida para carregar o ferido Kinley por quilômetros de terreno difícil até um local seguro. De volta ao solo americano, Kinley descobre que Ahmed e sua família não receberam passagem para os Estados Unidos conforme prometido. Determinado a proteger seu amigo e pagar sua dívida, Kinley retorna à zona de guerra para recuperar Ahmed e sua família antes que sejam capturados pelas milícias locais.",123,14.342
884605,Que Horas Eu Te Pego?,2023-06-15,Comédia,6.674,3980,45000000,83000000,Gene Stupnitsky,https://image.tmdb.org/t/p/w500/Ab2IX5DuY1ZAyFNGXh1MeUOzIGB.jpg,"Uma jovem falida é contratada para namorar um adolescente introvertido e socialmente desajeitado, que está se preparando para a faculdade.",103,14.3404
399055,A Forma da Água,2017-12-01,Drama,7.234,13005,19500000,195300000,Guillermo del Toro,https://image.tmdb.org/t/p/w500/hHPFq7myTjAVH6CwQjamAuUqhrr.jpg,"Década de 60. Em meio aos grandes conflitos políticos e transformações sociais dos Estados Unidos da Guerra Fria, a muda Elisa, zeladora em um laboratório experimental secreto do governo, se encanta com uma criatura fantástica mantida presa e maltratada no local. Para executar um arriscado e apaixonado resgate, ela recorre ao melhor amigo Giles e à colega de turno Zelda, em uma aventura que pode custar muito mais do que o seu emprego.",123,14.3404
585534,モーニング・ムーンは粗雑に,1981-06-21,Drama,4.3,3,0,0,Masanori Watanabe,https://image.tmdb.org/t/p/w500/ogRSqsyiiQOxPXQR6y2WUMwcMb8.jpg,,98,14.3391
764,Uma Noite Alucinante: A Morte do Demônio,1982-05-25,Terror,7.269,4643,350000,29400000,Sam Raimi,https://image.tmdb.org/t/p/w500/dCdXagFYR7WwaHuVmZgzw4F0KpP.jpg,"Cinco estudantes da Universidade de Michigan decidem passar um final de semana em uma casa isolada. Lá eles encontram o livro dos mortos, um documento que data da época da Babilônia e que está relacionado ao livro dos mortos egípcio. Enquanto vasculham a casa os amigos gravam em fita alguns encantamentos demoníacos, escritos no livro. A partir de então eles são possuídos por espíritos, um a um. O primeiro alvo é Cheryl, brutalmente estuprada pelas forças do mal. Ash, seu irmão, resolve levá-la a uma cidade próxima, mas descobre que a única ponte que leva ao local está destruída. Logo a transformação de Cheryl em demônio é concluída, resultando em seu ataque aos amigos.",85,14.3255
1144107,A Lenda de Hei 2,2025-07-18,Animação,8.817,104,0,67216848,顾杰,https://image.tmdb.org/t/p/w500/rmdy6AVOlFEne4IM5Jj0WBOhCBP.jpg,"O filme conta a história de uma “nova missão” do Monster Hall. Diante de uma série de mistérios, Xiaohei e sua irmã mais velha, Luye, embarcam em uma nova aventura para descobrir a verdade.",119,14.3204
431693,Um Espião Animal,2019-12-04,Animação,7.543,3028,100000000,171616764,Nick Bruno,https://image.tmdb.org/t/p/w500/aAOKVhTESY4tMqjDPn3KW4ugnFn.jpg,"Lance Sterling é o melhor espião do mundo. Elegante, atraente e sofisticado, ele é convencido pelo inventor Walter Beccket a tomar uma poção que o deixará ""invisível"" aos inimigos. Porém, ele acaba sendo transformado em um pombo. Diante do evento inesperado, ele precisará se unir com o rapaz, esperto, porém com poucas habilidades sociais, para salvar o dia.",102,14.2788
11688,A Nova Onda do Imperador,2000-12-15,Aventura,7.566,7412,100000000,169327687,Mark Dindal,https://image.tmdb.org/t/p/w500/iN4nsXWzASSjYUIHUkwSJQ6b2UW.jpg,"Divirta-se com o arrogante imperador Kuzco que é transformado em Ihama pela malvada conselheira Yzma e seu capanga bonitão Kronk, para governar o reino. Agora o imperador, que sempre teve o mundo a seus pés, tem de se aliar a um caipira simpático chamado Pacha. Mas será que essa realeza tão antipática conseguirá mudar, tornando-se uma pessoa mais bondosa e gentil?",76,14.2763
792307,Pobres Criaturas,2023-12-07,Ficção científica,7.633,5665,35000000,117607117,Γιώργος Λάνθιμος,https://image.tmdb.org/t/p/w500/iOdcXYSVzBgmBJzNIlIMOZ6fz0F.jpg,"A jovem Bella Baxter é trazida de volta à vida pelo cientista Dr. Godwin Baxter. Querendo ver mais do mundo, ela foge com um advogado e viaja pelos continentes. Livre dos preconceitos de sua época, Bella exige igualdade e libertação.",141,14.2703
62177,Valente,2012-06-21,Aventura,7.034,14363,185000000,538983207,Mark Andrews,https://image.tmdb.org/t/p/w500/gYbCpjAsyJ0uO0rKcvJ295INZZp.jpg,"Merida é uma arqueira talentosa e a filha obstinada do Rei Fergus e da Rainha Elinor. Determinada a seguir o seu próprio caminho, a jovem princesa desafia um antigo costume querido pelos senhores da terra. Quando desencadeia o caos no reino, Mérida tem de recorrer a todos os seus talentos e recursos (incluindo os seus irmãos trigémeos) para quebrar um feitiço horrível e descobrir o verdadeiro significado de bravura.",93,14.2689
12230,A Guerra dos Dálmatas,1961-01-25,Aventura,7.177,6742,3600000,303000000,Clyde Geronimi,https://image.tmdb.org/t/p/w500/yvNjHSpg6uhwmrMXdJczMRsBKQn.jpg,"Um dálmata chamado Pongo se apaixona por uma linda dálmata chamada Perdita e formam uma família logo após seus donos se casarem. No entanto, quando seus 15 filhotes são sequestrados por dois ladrões contratados pela gananciosa Cruella De Vil, que planeja fazer um casaco de pele com a pele deles e outros filhotes, Pongo e Perdita precisam resgatá-los antes que seja tarde demais.",79,14.2387
3782,Viver,1952-10-09,Drama,8.308,1380,85000,55240,Akira Kurosawa,https://image.tmdb.org/t/p/w500/usuyHPG1rKzgANnMufwJRqxQu0Q.jpg,"Kanji Watanabe é um homem de meia-idade que trabalha no mesmo cargo burocrático e monótono há décadas. Ao descobrir que tem câncer, ele começa a procurar o sentido de sua vida.",143,14.2361
930564,Saltburn,2023-11-16,Drama,6.939,3053,20000000,21013738,Emerald Fennell,https://image.tmdb.org/t/p/w500/zGTfMwG112BC66mpaveVxoWPOaB.jpg,"Uma história perversa sobre privilégio e desejo. Lutando para encontrar seu lugar na Faculdade de Oxford, o aluno Oliver Quick é atraído para o mundo do encantador e aristocrata Felix Catton, que o convida para Saltburn, a enorme mansão de sua família excêntrica, para passar um verão inesquecível.",127,14.2312
1424435,万米危机,2026-07-03,Ação,6.4,7,0,0,释小龙,https://image.tmdb.org/t/p/w500/dB8adJetrhgmzA1gQXCUXSuM5li.jpg,,87,14.2291
138832,Família do Bagulho,2013-08-07,Comédia,6.838,9594,37000000,270000000,Rawson Marshall Thurber,https://image.tmdb.org/t/p/w500/d3JidSElLNqkJdddZmGdwPr9DCg.jpg,"Um traficante é forçado por seu chefe a ir ao México pegar uma carga de maconha. A fim de melhorar suas chances de passar pela fronteira, David pede a uma stripper e dois adolescentes locais para acompanhá-lo e fingir que são uma família em férias.",110,14.2228
1167307,Davi: Nasce Um Rei,2025-12-14,Animação,8.008,180,60900000,85865995,Phil Cunningham,https://image.tmdb.org/t/p/w500/4GK7WiXuIaLecQDJZkmL8xieTIa.jpg,"Em um reino tomado pelo medo e pela opressão, um jovem pastor de ovelhas decide enfrentar um gigante guerreiro e a escuridão que o acompanha. Com nada além de fé, coragem, uma funda e algumas pedras nas mãos, ele desafia um império e desperta o coração de uma nação.",115,14.2172
602269,Os Pequenos Vestígios,2021-01-28,Drama,6.355,2888,30000000,29942746,John Lee Hancock,https://image.tmdb.org/t/p/w500/vL6Yv0rtxvgt4hqcPYWtK1vGF3D.jpg,Um policial começa a ter problemas em sua investigação devido a seu passado obscuro e sua tendência por quebrar as regras.,128,14.216
4951,10 Coisas Que Eu Odeio em Você,1999-03-30,Comédia,7.597,9070,16000000,53478166,Gil Junger,https://image.tmdb.org/t/p/w500/lRy6impzDHOqTX3A2T5dxI6Lwfu.jpg,"Em seu primeiro dia na nova escola, Cameron se apaixona por Bianca. Mas ela só poderá sair com rapazes até que Kat, sua irmã mais velha, arrume um namorado. O problema é que ela é insuportável. Cameron, então, negocia com o único garoto que talvez consiga sair com Kat – um misterioso bad-boy com uma péssima reputação.",97,14.2139
1159831,A Noiva!,2026-03-04,Ficção científica,6.1,621,80000000,23944025,Maggie Gyllenhaal,https://image.tmdb.org/t/p/w500/vcdnSEcm0f0shJohkJnrOBcCq1m.jpg,"Na década de 1930, Frankenstein viaja a Chicago em busca do Dr. Euphronius para ajudá-lo a criar uma companheira. Juntos, eles revivem uma jovem assassinada, dando origem à Noiva, uma criação que supera todas as expectativas. Porém, sua existência desencadeia um romance explosivo, atrai a atenção da polícia e dá início a um movimento social intenso e radical.",126,14.2135
57158,O Hobbit: A Desolação de Smaug,2013-12-11,Fantasia,7.583,14448,250000000,958400000,Peter Jackson,https://image.tmdb.org/t/p/w500/ws5z2UmmVzRDD8hZtHTHfcqTOAW.jpg,"Ao lado de um grupo de anões e de Gandalf, Bilbo segue em direção à Montanha Solitária, onde deverá ajudar seus companheiros a retomar a Pedra de Arken. O problema é que o artefato está perdido em meio a um tesouro protegido pelo temido dragão Smaug.",187,14.2103
1954,Efeito Borboleta,2004-01-17,Ficção científica,7.579,8419,13000000,96800000,Eric Bress,https://image.tmdb.org/t/p/w500/seGq2XbyB5e0WfYAPbHLmqNKynE.jpg,"Evan é um jovem que luta para esquecer fatos de sua infância. Para isso, ele decide realizar uma regressão onde volta também fisicamente ao seu corpo de criança, tendo condições de alterar seu próprio passado. Porém, ao tentar consertar seus antigos problemas, ele acaba criando novos, já que toda mudança que realiza gera consequências em seu futuro.",119,14.2044
1241983,Sonhos de Trem,2025-11-05,Drama,7.3,1132,10000000,0,Clint Bentley,https://image.tmdb.org/t/p/w500/iF1SxvdSNWkEfKlZnLzJbSsg4oT.jpg,Um lenhador leva uma vida tranquila enquanto lida com o amor e a perda em uma época de profundas transformações nos Estados Unidos do começo do século XX.,102,14.2036
11852,Garota Veneno,2002-12-13,Comédia,6.357,2233,34000000,54639553,Tom Brady,https://image.tmdb.org/t/p/w500/9z1UEKXrfYZTRq7dfxyiKqf1K6T.jpg,"Jessica é uma garota extremamente popular, bonita e também cruel, que se acha superior a todas as pessoas com as quais convive. Sua vida muda drasticamente quando, repentinamente, acorda no corpo de Clive, um frentista que tem em torno de 30 anos e é considerado por todos como sendo um grande perdedor. Desesperada para retornar à antiga forma, agora ocupada por Clive, ambos passam por estranhas situações no novo visual que agora possuem.",104,14.2028
351286,Jurassic World: Reino Ameaçado,2018-06-06,Aventura,6.528,12937,170000000,1310469037,J. A. Bayona,https://image.tmdb.org/t/p/w500/pi23N55j5ezB2wvybgAFuSGrVHB.jpg,"Quatro anos após o fechamento do Jurassic World, um vulcão prestes a entrar em erupção põe em risco a vida na ilha Nublar. No local não há mais qualquer presença humana, com os dinossauros vivendo livremente. Diante da situação, é preciso tomar uma decisão: deve-se retornar à ilha para salvar os animais ou abandoná-los para uma nova extinção? Decidida a resgatá-los, Claire convoca Owen a retornar à ilha com ela.",128,14.183
6479,Eu Sou a Lenda,2007-12-12,Drama,7.223,17186,150000000,585410052,Francis Lawrence,https://image.tmdb.org/t/p/w500/yhB3KqnYnYSiNoQUSjlT1c62usP.jpg,"Robert Neville é um brilhante cientista e o único sobrevivente de uma epidemia que transformou os humanos em mutantes sedentos por sangue. Andando pela cidade de Nova York, ele procura por outros possíveis sobreviventes e tenta achar a cura da praga usando seu próprio sangue, que é imune.",101,14.181
18240,A Proposta,2009-06-02,Comédia,7.175,7696,40000000,317400000,Anne Fletcher,https://image.tmdb.org/t/p/w500/uIhags0jXoe78JJjCDZbByciesQ.jpg,"Margaret Tate é uma poderosa editora de livros, que se vê em apuros ao ser comunicada de sua deportação para o país-natal, o Canadá. Para evitar que isto ocorra ela declara estar noiva de Andrew Paxton, seu assistente. Perseguido por Margaret há anos, ele aceita participar da farsa mas impõe algumas condições.",108,14.1775
10882,A Bela Adormecida,1959-02-17,Fantasia,6.947,5540,6000000,51600000,Clyde Geronimi,https://image.tmdb.org/t/p/w500/2MjuCYa6RkhNHmNDl4MqktxK8XH.jpg,"Ciumenta e vingativa a fada Malévola lança um feitiço cruel sobre a princesa Aurora no dia do seu nascimento. Aurora está condenada a cair em um sono profundo quando completar 16 anos de idade e, para despertar novamente, sua única salvação seria um beijo de seu verdadeiro amor. As três fadas bondosas, Flora, Fauna e Primavera tentam evitar a profecia do mal, mas não conseguem. Agora só resta ao príncipe Felipe enfrentar Malévola e salvar a princesa.",75,14.1738
417859,Gato de Botas,2011-10-27,Ação,6.6,4705,130000000,554987477,Chris Miller,https://image.tmdb.org/t/p/w500/kc7TJHzlLOsN0M6srM67BXdGmhn.jpg,"Anos antes de conhecer Shrek e Burro, o adorável, porém astuto, Gato de Botas precisa limpar seu nome de todas as acusações que o tornam um fugitivo procurado. Ao tentar roubar feijões mágicos dos infames criminosos João e Maria, o herói cruza o caminho de sua companheira, Kitty Patas Macias, que o leva até seu velho amigo, mas agora inimigo, Humpty Dumpty. Memórias de amizade e traição aumentam as dúvidas do Gato de Botas, mas ele finalmente concorda em ajudar o ovo a conseguir os feijões mágicos. Juntos, os três planejam roubar os feijões, chegar ao castelo do Gigante, capturar a galinha dos ovos de ouro e limpar o nome do Gato.",90,14.1652
36557,007: Cassino Royale,2006-11-14,Aventura,7.576,11902,150000000,599045960,Martin Campbell,https://image.tmdb.org/t/p/w500/lfOk6E07jTLZsxj0SoSoAmTqhk1.jpg,"Depois de obter o status 00 e uma licença para matar, o agente secreto James Bond parte em sua primeira missão como 007. Bond precisa derrotar um banqueiro privado que financia terroristas em um jogo de pôquer de alto risco no Casino Royale, Montenegro.",144,14.1515
64690,Drive,2011-09-15,Drama,7.583,13881,15000000,79713640,Nicolas Winding Refn,https://image.tmdb.org/t/p/w500/602vevIURmpDfzbnv5Ubi6wIkQm.jpg,"Um motorista habilidoso é dublê em Hollywood e piloto de fuga em assaltos. Quando aceita ajudar o marido de sua vizinha Irene, fica na mira dos homens mais perigosos de LA. Mas o trabalho dá errado, e a única forma de garantir a segurança de Irene e do filho é fazer o que ele faz de melhor: dirigir.",96,14.1492
482706,올리고당 더 무비,2017-06-15,Drama,4.5,11,0,0,No Zin-soo,https://image.tmdb.org/t/p/w500/8hRAm3H3wwBGRBCre6xfQfpwmHj.jpg,,103,14.1483
755,Um Drink no Inferno,1996-01-19,Terror,7.047,6633,19000000,25800000,Robert Rodriguez,https://image.tmdb.org/t/p/w500/e94hzzORbyNlCObOR6nd8XneAuf.jpg,"Dois irmãos procurados pela polícia por 16 mortes sequestram um ex-pastor e seu casal de filhos, para poderem atravessar a fronteira com o México, e lá se dirigem à uma casa noturna frequentada por caminhoneiros e motoqueiros, que é uma mistura de cabaré e prostíbulo. Porém, ao chegarem lá eles se deparam com algo totalmente inacreditável.",108,14.1226
176,Jogos Mortais,2004-10-01,Terror,7.427,10251,1200000,104045735,James Wan,https://image.tmdb.org/t/p/w500/jByGeGsJtoghNFHF5TgVvcSJ4Oc.jpg,"Dois homens acordam acorrentados em um banheiro como prisioneiros de um assassino em série que leva suas vítimas a situações limítrofes em um jogo macabro. Para sobreviver, eles terão de desvendar juntos as peças desse quebra-cabeças doentio.",103,14.1208
1011477,Karatê Kid: Lendas,2025-05-08,Ação,6.971,1261,45000000,117105466,Jonathan Entwistle,https://image.tmdb.org/t/p/w500/gnuSSOVBVWlKL8dFEGKRoOiiKTS.jpg,"Li Fong, um prodígio do kung fu, se muda para Nova York com a mãe. Ele tenta ficar longe de brigas enquanto se adapta ao novo país, mas sua paixão pelo combate o leva a se inscrever em um torneio de artes marciais.",90,14.1076
402,Instinto Selvagem,1992-03-20,Thriller,6.949,4476,49000000,352927224,Paul Verhoeven,https://image.tmdb.org/t/p/w500/2is4I2PjBQ2CPd6w349vMxuSkji.jpg,"Em São Francisco, um detetive de polícia trabalha em uma série de homicídios envolvendo um picador de gelo. Conforme a investigação avança, ele se apaixona pela principal suspeita, uma romancista sedutora cujo livro recente também conta com um assassino que mata suas vítimas com um picador de gelo.",128,14.0873
75780,Jack Reacher: O Último Tiro,2012-12-20,Crime,6.675,7791,60000000,218300000,Christopher McQuarrie,https://image.tmdb.org/t/p/w500/2goq6l3nQTHD7rlR52fnMviwlaY.jpg,"O ex-investigador militar Jack Reacher surge das páginas do livro de Lee Child e invade as telas, neste explosivo filme de suspense que os críticos consideram ""um thriller superior"". Quando cinco pessoas são assassinadas e todas as evidências apontam alguém que jura ser inocente, somente um homem está treinado para pegar os verdadeiros criminosos. A lei tem limites, mas Jack Reacher não, neste sucesso de ação máxima.",130,14.0763
530318,妹,1974-08-14,Romance,3.75,4,0,0,藤田敏八,https://image.tmdb.org/t/p/w500/rLHkNBU0kRVzXqAiVxopey1PZ2L.jpg,,92,14.076
718930,Trem-Bala,2022-08-03,Ação,7.409,7798,90000000,239268602,David Leitch,https://image.tmdb.org/t/p/w500/gTcNngmi7hC1FRgvMkTc4ZoPCAW.jpg,"5 assassinos da máfia japonesa se encontram à bordo de um trem-bala que faz o trajeto entre as cidades Tóquio até Morioka com poucas paradas. Assim, a tensão entre esse grupo de habilidosos e mortais profissionais só aumentam quando eles descobrem a presença um do outro e começam a entrar em conflito em si.",126,14.0585
76203,12 Anos de Escravidão,2013-10-18,Drama,7.929,12144,20000000,187000000,Steve McQueen,https://image.tmdb.org/t/p/w500/o5t8fqcNDyfojYwwlECZEgyD96T.jpg,"1841, Solomon Northup é um escravo liberto, que vive em paz ao lado da esposa e filhos. Um dia, após aceitar um trabalho que o leva a outra cidade, ele é sequestrado e acorrentado. Vendido como se fosse um escravo, Solomon precisa superar humilhações físicas e emocionais para sobreviver. Ao longo de doze anos ele passa por dois senhores, Ford e Edwin Epps, que, cada um à sua maneira, exploram seus serviços.",134,14.0499
9487,Vida de Inseto,1998-11-25,Aventura,6.982,9853,80000000,363258859,John Lasseter,https://image.tmdb.org/t/p/w500/vvlbdBCuLt7nkQG7anNE6xHNbAO.jpg,"Em nome de todos os insetos oprimidos, uma formiga chamada Flik contrata uma tropa de insetos guerreiros para defender seu formigueiro de um bando de gafanhotos famintos liderados por Hopper.",95,14.0397
1029529,無力の王,1981-08-29,Desconhecido,6.5,2,0,0,Kenji Ishiguro,https://image.tmdb.org/t/p/w500/1ygQF47pqJzqBkULLh87T6k0Mv9.jpg,,95,14.0305
48650,Um Quarto em Roma,2010-05-07,Drama,6.404,844,0,844281,Julio Medem,https://image.tmdb.org/t/p/w500/4kF4qRXFd7MqX2bAJX3e3zQSxhV.jpg,Um quarto de hotel no centro de Roma serve de palco para que duas jovens recém-conhecidas tenham uma aventura física que toca suas almas.,109,14.0203
41630,Sexo Sem Compromisso,2011-01-21,Comédia,6.293,5051,25000000,149200000,Ivan Reitman,https://image.tmdb.org/t/p/w500/zvwUMAedTTXo8vzwO0lucDxke8S.jpg,"Para sair da fossa de seu último relacionamento, Adam (Ashton Kutcher) firma um acordo com Emma (Natalie Portman), uma antiga amiga: os dois irão se relacionar sem compromisso. Para isso funcionar, eles impõem algumas regrinhas. No entanto, as coisas logo começam a sair do controle.",107,14.0187
211672,Minions,2015-06-17,Família,6.423,11248,74000000,1159457503,Kyle Balda,https://image.tmdb.org/t/p/w500/caq9Xi6b1sZNREfzFBO2tRIBzWn.jpg,"Seres amarelos milenares, os minions têm uma missão: servir os maiores vilões. Em depressão desde a morte de seu antigo mestre, eles tentam encontrar um novo chefe. Três voluntários, Kevin, Stuart e Bob, vão até uma convenção de vilões nos Estados Unidos e lá se encantam com Scarlet Overkill, que ambiciona ser a primeira mulher a dominar o mundo.",91,14.0065
550988,Free Guy: Assumindo o Controle,2021-08-11,Comédia,7.441,10060,110000000,331526598,Shawn Levy,https://image.tmdb.org/t/p/w500/bAnms4gJ5YkZzZCDkHsRKxEg2Xj.jpg,Um caixa de banco preso a uma entediante rotina tem sua vida virada de cabeça para baixo quando ele descobre que é personagem em um brutalmente realista vídeo game de mundo aberto. Agora ele precisa aceitar sua realidade e lidar com o fato de que é o único que pode salvar o mundo.,114,14.0
138103,Os Mercenários 3,2014-08-07,Ação,6.202,5420,95000000,214657577,Patrick Hughes,https://image.tmdb.org/t/p/w500/gz7NHfeX2Ns5uISksirOlPtJrua.jpg,"Barney e sua trupe de mercenários resgatam Doc, um dos integrantes do grupo, que estava preso há oito anos. Ao participarem de uma missão, os mercenários são surpreendidos quando reencontram Conrad, um comerciante de armas impiedoso, que Barney pensava ter matado. Novos membros, mais jovens e mais rápidos, entram para equipe e um novo duelo começa.",126,13.9971
936245,A Face,2024-11-20,Mistério,5.196,69,0,0,김대우,https://image.tmdb.org/t/p/w500/oGfLzqaZlOeMVc4mNKH1hm8CKYn.jpg,"Yeon-min é um especialista em reconstruir rostos de falecidos a partir de seus crânios. Ele vive preocupado com o estado de saúde de sua filha, que fez um transplante de coração. Ao mesmo tempo a polícia local investiga uma série de crimes bárbaros em que o assassino dissolve a carne de suas vítimas, para ficar apenas com os seus esqueletos. Acostumado a trabalhar sozinho, Hyeon-min recebe a visita de Seon-young, uma bela garota que traz consigo um crânio. Ele hesita, mas aos poucos começa a moldar o rosto de uma mulher. Um trabalho que desperta muita curiosidade, além de proporcionar perturbação e estranhas alucinações e sonhos. Um mistério está para ser desvendado. Será um final surpreendente.",113,13.9592
19404,Dilwale vai levar a noiva,1995-10-20,Comédia,8.504,4614,13200000,100000000,Aditya Chopra,https://image.tmdb.org/t/p/w500/2CAL2433ZeIihfX1Hb2139CX0pW.jpg,"Raj e Simran são dois jovens indianos vivendo em Londres que, acidentalmente, se conhecem durante uma viagem pela Europa. Eles se apaixonam, mas Simran está prometida a um indiano. Raj não desanima e segue seu amor até a Índia, onde os dois tentam convencer a todos que precisam ficar juntos.",190,13.9509
296098,Ponte dos Espiões,2015-10-15,Thriller,7.243,7373,40000000,165478348,Steven Spielberg,https://image.tmdb.org/t/p/w500/gpFbBfFSNWtIDksllfoGP96joI6.jpg,"Em 1960, James B. Donovan, advogado nova-iorquino especializado em seguros, é convocado para defender Rudolf Abel, espião russo que a CIA acaba de prender. Surpreso por ter sido escolhido, ele faz questão de defendê-lo vigorosamente enquanto sua esposa só vê os problemas que isso pode causar. Habilidoso, ele consegue ter a pena de morte de seu cliente comutada para prisão perpétua, ao sugerir uma possível troca de prisioneiros no futuro. O que lhe rendeu vingança popular... Mas Donovan foi então recrutado pela CIA. A sua missão é negociar a libertação de Francis Gary Powers, o piloto do avião espião americano U-2, que os soviéticos abateram sobre o seu território. Ele se encontra imerso no meio da Guerra Fria...",142,13.9353
19994,Garota Infernal,2009-09-18,Terror,5.999,4342,16000000,31556061,Karyn Kusama,https://image.tmdb.org/t/p/w500/lIHXfHgVPDP0r5tKuysqpNkQQmV.jpg,"Ao ser possuída por um demônio, a estudante Jennifer se torna muito brava com os rapazes que nunca a deram uma chance. Enquanto a maldosa Jennifer satisfaz seu apetite com carne humana de meninos da escola, sua amiga nerd Needy descobre o que está acontecendo e promete colocar um fim na carnificina.",107,13.9254
947,Lawrence da Arábia,1962-12-11,Aventura,8.001,3529,15000000,70000000,David Lean,https://image.tmdb.org/t/p/w500/r0xZR5ENEc8Pp2ULhkP4lgUWk8Y.jpg,"Graças ao seu conhecimento dos beduínos, o oficial britânico T.E. Lawrence é enviado à Arábia para encontrar o príncipe Faisal e servir de ligação entre árabes e ingleses na luta contra os turcos. Com a ajuda do nativo xerife Ali, Lawrence se rebela contra as ordens de seus superiores e enfrenta uma jornada através do deserto para atacar um porto turco bem protegido.",216,13.9246
1034541,Terrifier 3,2024-10-09,Terror,6.77,2015,2000000,90322103,Damien Leone,https://image.tmdb.org/t/p/w500/3HeKb5H89HjzWTkVkAqomu9mek.jpg,O palhaço assassino Art está pronto para espalhar o caos sobre os moradores inocentes do Condado de Miles durante uma pacífica véspera de Natal.,124,13.9089
645710,Observadores,2021-08-25,Thriller,6.542,1258,0,0,Michael Mohan,https://image.tmdb.org/t/p/w500/bOFs0xHCOSTvIUYL0LDd5qcuuDB.jpg,"Depois de se mudarem para um lindo apartamento no centro de Montreal, um jovem casal começa a se interessar cada vez mais pela vida sexual de seus vizinhos excêntricos do outro lado da rua. O que começa como uma curiosidade inocente aos poucos se transforma em uma obsessão doentia, depois que descobrem que um dos vizinhos está traindo o outro. A tentação e o desejo fazem com que suas vidas se enredem de maneiras inesperadas, levando a consequências mortais.",117,13.9066
257344,Pixels,2015-07-16,Ação,5.787,8152,88000000,244874809,Chris Columbus,https://image.tmdb.org/t/p/w500/d26S5EfVXLNxRXqyFy1yyl3qRq3.jpg,"Uma raça alienígena cria monstros inspirados em videogames da década de 1980 para conquistar a Terra, e cinco especialistas em jogos da época são convocados para combater o plano dos extraterrestres e salvar o planeta.",105,13.9059
8467,Debi & Lóide: Dois Idiotas em Apuros,1994-12-16,Comédia,6.66,6862,16000000,247275374,Peter Farrelly,https://image.tmdb.org/t/p/w500/3pJwSxO8L2MOGXGaJIOAAq35LAP.jpg,"Dois amigos debilóides vão para Aspen, no estado do Colorado, para tentar devolver uma maleta esquecida pela passageira da limusine que um deles estava dirigindo para o aeroporto. Sem saber que na mala havia uma quantia enorme de dinheiro, que serviria para pagar o resgate de um sequestro, os dois acabam sendo perseguidos pela polícia e por assassinos profissionais.",106,13.9058
168259,Velozes & Furiosos 7,2015-04-01,Ação,7.214,11432,190000000,1515400000,James Wan,https://image.tmdb.org/t/p/w500/spydMyyD81HjGJVwZvjajkrWW1h.jpg,"Após os acontecimentos em Londres, Dom, Brian, Letty e o resto da equipe têm a chance de voltar para os Estados Unidos e recomeçar suas vidas. Mas a tranquilidade do grupo é destruída quando Deckard Shaw, um assassino profissional, quer vingança pelo acidente que deixou seu irmão em coma. Agora, a equipe tem de unir forças para deter um vilão novo e ainda mais perigoso. Dessa vez, não se trata apenas de uma questão de velocidade: a corrida é pela sobrevivência.",132,13.8711
529203,Os Croods 2: Uma Nova Era,2020-11-25,Animação,7.44,4210,65000000,215905815,Joel Crawford,https://image.tmdb.org/t/p/w500/f7BIa9xIerwviSMsa9BEY28sC3Y.jpg,"A família Crood se muda para um lugar seguro, onde encontram seus novos vizinhos, os Bettermans. À medida que as tensões aumentam, uma nova ameaça impulsiona os dois clãs em uma aventura épica que os força a se unirem e sobreviverem juntos.",95,13.8663
467244,Zona de Interesse,2023-12-15,Drama,7.011,2705,15000000,52631884,Jonathan Glazer,https://image.tmdb.org/t/p/w500/iQoyDhBjHwo1HTR0DuTzR8o1CqI.jpg,"O comandante Rudolf Höss e sua esposa Hedwig, desfrutam de uma vida aparentemente comum em uma casa com um belo jardim. Mas, por trás da fachada de tranquilidade, a família feliz vive, na verdade, ao lado do campo de concentração de Auschwitz. O dia-a dia destes personagens se desenrola entre os gritos abafados de desespero de um genocídio do qual eles tem as mãos manchadas de sangue.",105,13.8554
8355,A Era do Gelo 3,2009-06-26,Animação,6.775,9004,90000000,886686817,Carlos Saldanha,https://image.tmdb.org/t/p/w500/kaXQMlurbJ6n5u33TRePTXWxPHY.jpg,"Depois que Sid rouba alguns ovos de dinossauro, Manny, Diego e o resto de seus amigos pré-históricos entram em um mundo misterioso e subterrâneo para resgatar Sid. Durante o curso da sua missão, o grupo encontra muitas criaturas grandes e pequenas, incluindo os carnívoros famintos e implacáveis, caçando o dinossauro chamado Buck.",94,13.8523
1949,Zodíaco,2007-03-02,Crime,7.533,11767,65000000,84785914,David Fincher,https://image.tmdb.org/t/p/w500/jFmlV5vUzOt1PgJ82efOhNsWcWX.jpg,"Durante os anos 60 e 70, o medo aumenta em São Francisco com os ataques de um assassino maníaco chamado Zodíaco. Investigadores e jornalistas tentam descobrir a identidade do assassino e levá-lo à justiça. Enquanto isso, Zodíaco provoca as autoridades com mensagens crípticas, cifras e telefonemas ameaçadores.",157,13.842
605,Matrix Revolutions,2003-11-05,Aventura,6.757,11027,150000000,424988211,Lilly Wachowski,https://image.tmdb.org/t/p/w500/92oJ810bYqijBQ8tqYL74mSpPtV.jpg,"Após enfrentar os sentinelas no mundo real, Neo, a maior esperança da humanidade, está preso entre a Matrix e a realidade. A maioria da população do planeta permanece em um estado de suspensão da realidade virtual. Os poucos humanos que estão cientes das duras realidades tentam desesperadamente afastar as máquinas a tempo de Neo escapar e salvar o dia. Mas as coisas pioram quando o poderoso programa de computador, Agente Smith, aparece na forma humana.",129,13.8414
11544,Lilo & Stitch,2002-06-21,Animação,7.559,7198,80000000,273144151,Dean DeBlois,https://image.tmdb.org/t/p/w500/ottRXMCQ9jPB318syTcfIdtJWIE.jpg,"Lilo é uma garotinha de cinco anos que ama cuidar de animais. Um dia ela adota um cachorro e decide chamá-lo de Stitch. O que ela não sabe é que Stitch é um alienígena e um dos criminosos mais perigosos da galáxia. Agora, para escapar de seus captores que ainda o persegue, Stitch decide se passar por um cachorro comum, criando com o tempo um laço de amizade com Lilo.",85,13.8363
665760,Mare,2020-02-23,Drama,5.176,17,0,0,Andrea Štaka,https://image.tmdb.org/t/p/w500/2uQBgKCNkFm94R9pHaUnY4zwYlR.jpg,,84,13.8294
1710886,Sugar Mommy,2026-06-09,Drama,0.0,0,0,0,Christopher Novabos,https://image.tmdb.org/t/p/w500/2FBvobFZGibenqKerk786qg9AHD.jpg,,75,13.824
526896,Morbius,2022-03-30,Ação,5.888,4921,75000000,167635712,Daniel Espinosa,https://image.tmdb.org/t/p/w500/Av8Z2jZhEm1FLkFzMThzz9hndJF.jpg,"Gravemente doente com um raro distúrbio sanguíneo e determinado a salvar outros sofrendo o mesmo destino, o Dr. Morbius tenta uma aposta desesperada. O que primeiramente parece ser um sucesso radical, libera uma escuridão dentro dele e transforma esse médico em um caçador.",105,13.8107
10198,A Princesa e o Sapo,2009-12-08,Animação,7.2,6239,105000000,270997378,Ron Clements,https://image.tmdb.org/t/p/w500/5JQbaVcFd9x5snwWT9gquNKmDC.jpg,"Desde criança, Tiana sonha em ter um restaurante próprio. Para conseguir a quantia necessária para que possa finalmente alugar o imóvel de seus sonhos, ela aceita trabalhar na festa realizada por Charlotte LaBouff, sua amiga de infância. Logo surge um sapo, anunciando ser um príncipe e pedindo a Tiana que lhe conceda um beijo. Tiana aceita e se transforma em sapo!",98,13.8097
607,MIB - Homens de Preto,1997-07-02,Ação,7.227,15081,90000000,589390539,Barry Sonnenfeld,https://image.tmdb.org/t/p/w500/bUA0TD2COayMP6ur9Qbewdbbm2e.jpg,"Kay e Jay, os Homens de Preto, são o maior segredo já mantido no universo. Eles são agentes de uma agência não-oficial do governo e responsáveis por monitorar todos os encontros com alienígenas na Terra. Ao investigar uma série de atividades extraterrestres, descobrem um terrorista intergaláctico cuja missão é assassinar dois embaixadores de galáxias opostas.",98,13.8005
1136867,Amores Materialistas,2025-06-12,Romance,6.275,1406,20000000,107949056,Celine Song,https://image.tmdb.org/t/p/w500/gDC0Qwkaah9BRsDiPZcFPDZtCcN.jpg,O lucrativo negócio de uma casamenteira se complica quando ela se envolve em um triângulo amoroso tóxico que ameaça seus clientes.,109,13.7946
364,Batman: O Retorno,1992-06-19,Ação,6.949,7212,80000000,280000000,Tim Burton,https://image.tmdb.org/t/p/w500/trmToqPh8XYS6tzI2Nmv5ctfuSI.jpg,"O monstruoso Pinguim, que vive nos arredores de Gotham, se junta ao diabólico empresário Max Shreck para vencer Batman de uma vez por todas. Porém, a secretária de Shreck, Selina Kyle, descobre os planos e se transforma na irresistível Mulher Gato que se alia na destruição de Batman.",127,13.7883
335,Era uma Vez no Oeste,1968-12-21,Drama,8.27,5004,5000000,5380118,Sergio Leone,https://image.tmdb.org/t/p/w500/sBcaRQEZInpiQNSKKW5wjcEtXUS.jpg,"Enquanto os construtores ferroviários marcham imparavelmente através do deserto de Arizona a caminho do mar, Jill chega à pequena cidade de Flagstone com a intenção de começar uma nova vida.",166,13.7768
8681,Busca Implacável,2008-02-18,Ação,7.408,12283,25000000,226830568,Pierre Morel,https://image.tmdb.org/t/p/w500/q5Lr8E4HSK7Lc4zqWtgtYsM1iJA.jpg,"Bryan Mills é um ex-agente do governo, que deixou o emprego para que pudesse passar mais tempo com Kim, a filha que teve com sua ex-esposa Lenore. Ele passa então a trabalhar com antigos colegas, realizando serviços leves de segurança particular. Um dia Kim pede ao pai autorização para que viaje a Paris com uma amiga, a qual é negada pelo fato de que Bryan sabe bem os perigos que ela correria em um país estranho. Isto não a impede, fazendo a viagem assim mesmo. Só que o temor de Bryan se concretiza, já que logo após a chegada Kim e sua amiga desaparecem.",94,13.7712
49530,O Preço do Amanhã,2011-10-27,Ação,6.971,12338,40000000,173900000,Andrew Niccol,https://image.tmdb.org/t/p/w500/xuFZVPVebRrRwiH14uST8m4ulXj.jpg,"Acusado de assassinato, um homem deve descobrir como derrubar um sistema onde tempo é dinheiro e que permite que os ricos vivam para sempre, enquanto os pobres devem implorar por cada minuto de suas vidas.",109,13.7655
346,Os Sete Samurais,1954-04-26,Ação,8.453,4322,2000000,105000000,Akira Kurosawa,https://image.tmdb.org/t/p/w500/2f3Aw6GCzpn1qw56xq78dH0VBgn.jpg,"Um bando de bandidos aterroriza os habitantes de uma pequena cidade, saqueando-os periodicamente sem piedade. Para repelir estes ataques, os aldeões decidem contratar mercenários. Por fim, obtêm os serviços de 7 guerreiros, 7 samurais dispostos a defendê-los em troca apenas de abrigo e comida.",207,13.7504
1252309,Peça-me o Que Quiser,2024-11-29,Romance,6.1,313,0,2265661,Lucía Alemany,https://image.tmdb.org/t/p/w500/m1ny8QQmgUcPmatqGrbMDpclTwb.jpg,"Após a morte de seu pai, Eric Zimmerman viaja para a Espanha para supervisionar as filiais de sua empresa. Em Madri, ele se apaixona por Judith e se envolve em um relacionamento intenso e erótico cheio de exploração. Eric teme que seu segredo possa acabar com o caso deles.",114,13.7378
758330,"Boa Sorte, Leo Grande",2022-06-16,Romance,6.999,707,0,7589829,Sophie Hyde,https://image.tmdb.org/t/p/w500/dBDDdt8uRHu6nn6p94mZQ885q3F.jpg,"Em Boa Sorte, Leo Grande, Nancy Stokes é uma professora que acabou de se aposentar. Apesar de ter tido uma vida satisfatória, existe uma coisa que ela nunca teve: Nancy nunca fez um sexo digno de chamar de bom. Na verdade, Nancy nem sabe se o que ela fez foi de fato sexo. Mas isso são águas passadas, Nancy está obstinada em seu plano de ter, pelo menos uma vez, uma noite de sexo prazerosa. E tem tudo desenhado em sua cabeça: ela chamará um jovem trabalhador do sexo e reservará (anonimamente) um bom quarto em um hotel. Ela até sabe o nome do jovem: Leo Grande. Leo sabe o que faz e sabe que faz bem o seu trabalho. Apesar de parecer somente mais uma cliente e mais algumas horas de trabalho, Leo está certo que essa é a coisa que mais intrigou ele, e que Nancy é também uma pessoa diferente.",97,13.7065
316029,O Rei do Show,2017-12-20,Drama,7.854,10181,84000000,459066134,Michael Gracey,https://image.tmdb.org/t/p/w500/w5EPR88Kz73eRvnwmgUUKcZQt27.jpg,"De origem humilde e desde a infância sonhando com um mundo mágico, P.T. Barnum desafia as barreiras sociais se casando com a filha do patrão do pai e dá o pontapé inicial na realização de seu maior desejo abrindo uma espécie de museu de curiosidades. O empreendimento fracassa, mas ele logo vislumbra uma ousada saída: produzir um grande show estrelado por freaks, fraudes, bizarrices e rejeitados de todos os tipos.",104,13.6994
378064,A Voz do Silêncio,2016-09-17,Animação,8.4,4626,0,30819442,Naoko Yamada,https://image.tmdb.org/t/p/w500/haMUCn5bNgeKb2EkILvhYGoHXZX.jpg,"Nishimiya Shouko é uma estudante com deficiência auditiva. Durante o ensino fundamental, após se transferir para uma nova escola, Shouko passa a ser alvo de bullying e em pouco tempo precisa se transferir. O que ela não esperava é que alguns anos depois, Ishida Shouya, um dos valentões que tanto a fez sofrer no passado surgisse de novo em sua vida com um novo propósito.",130,13.6913
2059,A Lenda do Tesouro Perdido,2004-11-19,Aventura,6.653,6997,100000000,347500000,Jon Turteltaub,https://image.tmdb.org/t/p/w500/4UDjy5GkxPCdZHhc0F7Gq0KIaEz.jpg,"Benjamin Franklin Gates, na busca desenfreada por um lendário tesouro, tem que roubar um dos documentos mais sagrados e protegidos dos EUA, a Declaração de Independência, ou deixar que uma pista fundamental do mistério caia em mãos perigosas.",131,13.6901
1022787,Elio,2025-06-18,Animação,6.911,1094,150000000,154291182,Madeline Sharafian,https://image.tmdb.org/t/p/w500/2H8k54MWPQtsxWkQhR2HVfT34ty.jpg,"Elio, um garoto oprimido com uma imaginação fértil, acaba sendo transportado acidentalmente para o Comuniverso. Identificado por engano como o embaixador da Terra para o resto do universo, Elio precisará formar novos laços com excêntricas formas de vida alienígenas, sobreviver a uma série de tribulações terríveis e, de alguma forma, descobrir quem ele realmente está destinado a ser.",100,13.689
331482,Adoráveis Mulheres,2019-12-25,Drama,7.843,6953,40000000,332103783,Greta Gerwig,https://image.tmdb.org/t/p/w500/1dwhsiuvNyQmA9ytp3T40uz4MOv.jpg,"As irmãs Jo, Beth, Meg e Amy amadurecem na virada da adolescência para a vida adulta enquanto os Estados Unidos atravessam a Guerra Civil. Com personalidades completamente diferentes, elas enfrentam os desafios de crescer unidas pelo amor que nutrem umas pelas outras.",134,13.6852
476669,King's Man: A Origem,2021-12-22,Ação,6.708,5162,100000000,125897478,Matthew Vaughn,https://image.tmdb.org/t/p/w500/mFw4ERVUvp426Lsp9Km0rDoLiFE.jpg,"Quando uma série dos piores tiranos e gênios do crime da história se juntam para criar uma guerra que aniquilará milhões, um homem e seu pupilo precisam correr contra o tempo para pará-los.",130,13.6701
50014,Histórias Cruzadas,2011-08-09,Drama,8.204,9197,25000000,216600000,Tate Taylor,https://image.tmdb.org/t/p/w500/7iWfEm9VOeX8AAnC7F1ApxRDTfw.jpg,"Nos anos 60, no Mississippi, Skeeter é uma garota da sociedade que retorna determinada a se tornar escritora. Ela começa a entrevistar as mulheres negras da cidade, que deixaram suas vidas para trabalhar na criação dos filhos da elite branca, da qual a própria Skeeter faz parte. Aibileen Clark, a emprega da melhor amiga de Skeeter, é a primeira a conceder uma entrevista. Apesar das críticas, Skeeter e Aibileen continuam trabalhando juntas e, aos poucos, conseguem novas adesões.",146,13.6626
894205,Lobisomem na Noite,2022-09-25,Ação,6.966,1585,0,0,Michael Giacchino,https://image.tmdb.org/t/p/w500/qakD0XF0OPrOq8ghvZ1ZlYfNMEN.jpg,"Em uma noite escura e sombria, uma cabala secreta de caçadores de monstros emerge das sombras e se reúne no templo de Bloodstone após a morte de seu líder.  Em um estranho e macabro memorial à vida do líder, os participantes são lançados em uma misteriosa e mortal competição por uma poderosa relíquia – uma caçada que acabará por colocá-los cara a cara com um monstro perigoso.",53,13.6561
38575,Karate Kid,2010-06-10,Ação,6.6,6665,40000000,359126022,Harald Zwart,https://image.tmdb.org/t/p/w500/uC57SSZAkkLBCuWVsEfbqYkRda5.jpg,"Dre Parker se mudou com a mãe para Pequim, devido ao trabalho dela. Logo ao chegar, ele se interessa por Meiying, uma garota que conhece praticando violino em uma praça. A aproximação deles provoca a irritação de Cheng, que lhe dá uma surra usando a técnica do kung fu. A partir de então a vida de Dre se torna um inferno, já que passa a ser perseguido na escola por Cheng e seus colegas. Um dia, ao escapar deles, Dre é auxiliado pelo Sr. Han, o zelador de seu prédio, que é também um mestre de kung fu.",140,13.6561
373571,Godzilla II: Rei dos Monstros,2019-05-29,Ficção científica,6.688,6844,170000000,387300138,Michael Dougherty,https://image.tmdb.org/t/p/w500/2umU3r6V4V2gTmSnZJmH61nTorF.jpg,"Membros da agência Monarch enfrentam monstros gigantescos, incluindo o poderoso Godzilla, que entra em choque com Mothra, Rodan e seu maior inimigo, King Ghidorah, o monstro de três cabeças. Essas antigas superespécies disputam a supremacia, deixando a própria existência da humanidade em risco.",132,13.6324
61791,Planeta dos Macacos: A Origem,2011-08-03,Thriller,7.353,12993,93000000,481800873,Rupert Wyatt,https://image.tmdb.org/t/p/w500/qxe4ONZAgtC0mfsIuOyqVU9JREj.jpg,"Will Rodman é um jovem cientista que pesquisa macacos para obter um tratamento para o mal de Alzheimer, doença que afeta seu pai. Um desses primatas, a quem chamam de César, experimenta uma evolução tão notável na inteligência que Will decide levá-lo para casa para protegê-lo. Quando Will é forçado a colocar o animal em uma cela segura depois que ele ataca um vizinho, César lidera uma revolta animal contra seus captores humanos e a humanidade.",104,13.6303
215,Jogos Mortais II,2005-10-28,Terror,6.607,6002,4000000,152925093,Darren Lynn Bousman,https://image.tmdb.org/t/p/w500/ojWbOjvfeFNrf8keesvyerryyVo.jpg,"O detetive Eric Matthews consegue prender Jigsaw, o qual está morrendo. O que ele desconhece é que isso faz parte de um plano ainda maior do assassino sádico, que agora mantém o filho do policial como refém e pretende torná-lo uma de suas vítimas.",93,13.6286
302946,O Contador,2016-10-13,Crime,7.138,7509,44000000,155160045,Gavin O'Connor,https://image.tmdb.org/t/p/w500/vgJt4ADIjm5U2y3oPLu6kXEXOCY.jpg,"O matemático Christian Wolff sente-se muito mais à vontade lidando com números do que com pessoas. Atualmente, trabalha como contador autônomo para uma das maiores organizações criminosas do mundo. Com a receita federal no encalço, ele resolve mudar de ares e atender um novo cliente, uma empresa de equipamentos robóticos onde um dos funcionários descobriu um desvio gigantesco de recursos. À medida que Christian se aprofunda nos registros da empresa e se aproxima da verdade, o número de cadáveres começa a crescer rapidamente.",127,13.6247
38700,Bad Boys Para Sempre,2020-01-15,Thriller,7.108,8837,90000000,426505244,Bilall Fallah,https://image.tmdb.org/t/p/w500/kxV3r4H1BRB3QFySbgFyrlOwwXg.jpg,"Marcus Burnett agora é um inspetor e Mike Lowrey se encontra numa crise de meia-idade. Mas a dupla tem que se juntar novamente quando um mercenário albanês, cujo irmão foi capturado por eles, promete um bônus de vingança justamente quando eles estão prestes a se aposentar.",113,13.5786
101299,Jogos Vorazes: Em Chamas,2013-11-15,Aventura,7.4,18671,130000000,865011746,Francis Lawrence,https://image.tmdb.org/t/p/w500/m1lky5ftnhLRpkoYWKssH8qvlRU.jpg,"Após saírem vencedores da última edição dos Jogos Vorazes, as atitudes desafiadoras de Katniss e Peeta acabam inspirando uma rebelião contra a opressiva Capital. No entanto, os dois são obrigados a participarem de uma edição especial do torneio, o Massacre Quaternário, que acontece apenas a cada 25 anos, e reúne vencedores das edições anteriores.",146,13.5552
686,Contato,1997-07-11,Drama,7.448,5123,90000000,171120329,Robert Zemeckis,https://image.tmdb.org/t/p/w500/h0gZKEAFCjVUhvRf33lHHSxKFWu.jpg,"Desde quando era menina, Ellie Arroway tentou manter contato com vidas extraterrestres inteligentes. Deixou de lado sua vida particular e até mesmo o amor do teólogo Palmer Joss. Depois de anos seu sonho se tornou realidade. Com origem na distante estrela Vega, chega à Terra uma informação cifrada e Ellie é a primeira pessoa á captá-la e a única disposta a seguir cegamente a mensagem alienígena. Esta é a sua grande chance de fazer contato, mesmo que para isso tenha que correr risco de vida.",150,13.5446
1367642,Uma Segunda Chance,2026-03-11,Romance,7.802,389,30000000,89039780,Vanessa Caswill,https://image.tmdb.org/t/p/w500/yC3byha23vhC2GMR139p4W42n36.jpg,"Kenna comete um erro imperdoável que a leva à prisão. Sete anos depois, ela retorna à sua cidade natal, no Wyoming, na esperança de reconstruir a vida e conquistar a chance de se reencontrar com sua filha pequena, a quem nunca conheceu.",114,13.5433
335787,Uncharted: Fora do Mapa,2022-02-10,Ação,6.877,7077,120000000,407141258,Ruben Fleischer,https://image.tmdb.org/t/p/w500/qNAPgepJ4NHNA74ThVsxQEOUceJ.jpg,"Nathan Drake e seu parceiro canastrão Victor ""Sully"" Sullivan embarcam em uma perigosa busca para encontrar o maior tesouro jamais encontrado. Enquanto isso, eles também rastreiam pistas que podem levar ao irmão perdido de Nathan.",116,13.5404
1271,300,2007-03-07,Ação,7.208,14982,65000000,456082343,Zack Snyder,https://image.tmdb.org/t/p/w500/auVn38xLZRTlogkwFuS4Ikeiwrl.jpg,"Em 480 a.C., Leônidas, o rei de Esparta, comanda seu pequeno batalhão de 300 soldados contra um exército de mais de 1 milhão de persas na Batalha das Termópilas.",116,13.5377
804095,Os Fabelmans,2022-11-11,Drama,7.559,2844,40000000,45629909,Steven Spielberg,https://image.tmdb.org/t/p/w500/meqKIZTsdSlbvv47uxvJH7Jcr7H.jpg,"Crescendo no Arizona pós-Segunda Guerra Mundial, o jovem Sammy Fabelman aspira a se tornar um cineasta ao atingir a adolescência, mas logo descobre um segredo de família devastador e explora como o poder dos filmes pode ajudá-lo a ver a verdade.",151,13.5192
799583,Guerra Sem Regras,2024-04-18,Ação,6.996,2000,60000000,29768915,Guy Ritchie,https://image.tmdb.org/t/p/w500/oVC6BPY8DlvjssARKyDVDEWFw27.jpg,O Exército Britânico recruta um reduzido grupo de soldados altamente qualificados para lutar contra as forças alemãs durante a Segunda Guerra Mundial.,120,13.5089
4327,As Panteras,2000-11-02,Ação,5.85,4596,92000000,264105545,McG,https://image.tmdb.org/t/p/w500/3ZZogKW7RFV0MjmAP6zNF19mkKF.jpg,"Natalie, Dylan e Alex são chamadas para resolver um possível caso de espionagem industrial, envolvendo um revolucionário software de reconhecimento de voz, que em mãos erradas colocaria em risco a privacidade e a segurança de todo o mundo. Tudo ia bem, até que Bosley é sequestrado e a sede da agência de investigações é destruída. Agora, mais do que nunca as panteras sabem que a vida de Charlie corre perigo. Mas como proteger alguém que você não conhece?",98,13.4951
14,Beleza Americana,1999-09-15,Drama,7.999,13240,15000000,356296601,Sam Mendes,https://image.tmdb.org/t/p/w500/9PJKsH7Btz2xjYIvLLtJ7qcJlL3.jpg,"Lester Burham não aguenta mais o emprego e se sente impotente perante sua vida. Casado com Carolyn e pai da ""aborrecente"" Jane, o melhor momento de seu dia quando se masturba no chuveiro. Até que conhece Angela Hayes, amiga de Jane. Encantado com sua beleza e disposto a dar a volta por cima, Lester pede demissão e começa a reconstruir sua vida, com a ajuda de seu vizinho Ricky.",122,13.4927
198184,Chappie,2015-03-04,Crime,6.793,8609,49000000,104399548,Neill Blomkamp,https://image.tmdb.org/t/p/w500/cg93jYwHiDVkesAkllPfeiO6brm.jpg,"Em um futuro próximo, a África do Sul decidiu substituir os seus policiais humanos por robôs dotados de inteligência artificial. O criador, o cientista Deon, sonha em embutir emoções nos robôs. Um dia, ele rouba um modelo defeituoso e faz experiências nele, até conseguir criar Chappie, um robô capaz de pensar e aprender por conta própria. Mas Chappie é roubado por ladrões que precisam da ajuda para um assalto a banco. Quando Vincent, um engenheiro rival de Deon, decide sabotar as experiências do colega de trabalho, a segurança do país e o futuro de Chappie correm riscos.",120,13.4915
180,Minority Report: A Nova Lei,2002-06-20,Ficção científica,7.356,9839,102000000,358372926,Steven Spielberg,https://image.tmdb.org/t/p/w500/bNOdmraLsJ5DItu1eNLJMyw7a6v.jpg,"Não há crimes em Washington D.C. há seis anos, graças a impressionante tecnologia que identifica os assassinos antes que eles possam cometer seus crimes. Mas quando o próprio chefe da Divisão de Pré-Crime é acusado de um futuro assassinato, ele tem apenas 36 horas para descobrir quem está querendo destruí-lo ou tornar-se-á uma vítima do sistema ""perfeito"" que ele ajudou a criar.",148,13.4784
107,Snatch: Porcos e Diamantes,2000-09-01,Crime,7.827,10168,100000000,83557872,Guy Ritchie,https://image.tmdb.org/t/p/w500/fnbXu4HYTsOvbibOjnq8zF0Q7pe.jpg,"Quando o ladrão de joias Franky Quatro-Dedos faz uma parada em Londres, antes de entregar um enorme diamante roubado para o seu chefe em Nova York, ele não tinha a menor ideia da avalanche de acontecimentos sinistros e cômicos que abalariam o mundo do boxe, dos ciganos irlandeses, das lojas de penhores, das fazendas de porcos e... de um cão vira-latas.",103,13.4764
8358,Náufrago,2000-12-22,Aventura,7.667,12456,90000000,429632142,Robert Zemeckis,https://image.tmdb.org/t/p/w500/eaJRnsUIxOeMgpY81iIgGr372vp.jpg,"Durante uma viagem de trabalho para a Malásia, Chuck Noland sofre um acidente de avião e acaba preso em uma ilha deserta como o único sobrevivente. Chuck faz de tudo para sobreviver, sem abrir mão da esperança de um dia voltar para casa.",143,13.4722
1366,Rocky: Um Lutador,1976-12-03,Drama,7.801,8809,1000000,117253345,John G. Avildsen,https://image.tmdb.org/t/p/w500/b9B1DXcPNsJfTtc4x2LKA3bykoJ.jpg,"Rocky Balboa, um pequeno boxeador da classe trabalhadora da Filadélfia, é arbitrariamente escolhido para lutar contra o campeão dos pesos pesados, Apollo Creed, quando o adversário do invicto lutador agendado para a luta é ferido. Durante o treinamento com o mal-humorado Mickey Goldmill, Rocky timidamente começa um relacionamento com Adrian, a invisível irmã de Paulie, seu amigo empacotador de carne.",119,13.4719
82702,Como Treinar o seu Dragão 2,2014-06-05,Fantasia,7.685,10611,145000000,621537519,Dean DeBlois,https://image.tmdb.org/t/p/w500/bj6DeGQeaJa3ert4bjCBqLSZdHz.jpg,"Cinco anos após convencer os habitantes de seu vilarejo que os dragões não devem ser combatidos, Soluço convive com seu dragão Fúria da Noite, e estes animais integraram pacificamente a rotina dos moradores da ilha de Berk. Entre viagens pelos céus e corridas de dragões, Soluço descobre uma caverna secreta, onde centenas de novos dragões vivem. O local é protegido por Valka, mãe de Soluço, que foi afastada do filho quando ele ainda era um bebê. Juntos, eles precisarão proteger o mundo que conhecem do perigoso Drago Bludvist, que deseja controlar todos os dragões existentes.",102,13.4693
1317672,Amor Demais,2026-02-12,Romance,6.076,303,0,0,Roger Kumble,https://image.tmdb.org/t/p/w500/obv2Dt7T8p9lxtfl2qguuRL6nF8.jpg,"Após a morte de seu irmão, June recomeça a vida em Milão, namorando Will, um cara perfeito da sua nova escola internacional. Mas quando o melhor amigo do rapaz, o perigoso James que participa de lutas clandestinas de MMA, desperta uma rivalidade que rapidamente se transforma numa atração irresistível, June precisa escolher entre a segurança e um amor que transforma tudo que ela pensou que queria.",99,13.4534
264660,Ex_Machina: Instinto Artificial,2015-01-21,Drama,7.571,14487,15000000,36869414,Alex Garland,https://image.tmdb.org/t/p/w500/hfpnFtgcYom9Gk9s1IyWiovpZYg.jpg,"Um jovem programador chamado Caleb ganha um concurso e recebe a oportunidade de testar uma inteligência artificial criada por Nathan, um brilhante e recluso bilionário. Mas conforme os testes progridem, Caleb descobre que essa inteligência artificial é tão sofisticada e imprevisível que ele não sabe mais em quem confiar.",108,13.4517
1288059,I Want Your Sex,2026-07-29,Comédia,6.1,16,10000000,1268122,Gregg Araki,https://image.tmdb.org/t/p/w500/pR7SIX3AwqdoD96OI44oLG98e7g.jpg,"Elliot, um jovem novato, consegue um emprego para a renomada artista, ícone e provocadora Erika Tracy. Suas fantasias se tornam realidade quando Erika o convoca para se tornar sua musa sexual. No entanto, Elliot logo se vê fora de seu alcance quando a artista o leva em uma jornada mais profunda do que ele jamais havia imaginado, em um mundo de sexo, obsessão, poder, traição e assassinato.",90,13.4385
753342,Napoleão,2023-11-22,História,6.306,3213,165000000,222435664,Ridley Scott,https://image.tmdb.org/t/p/w500/2UY2xfkgw9EgOOyA7ro3eyGJ9V9.jpg,"Um olhar pessoal sobre as origens do líder militar francês e sua rápida e implacável ascensão a imperador. A história é vista através do prisma do relacionamento dependente e volátil de Napoleão com sua esposa e amor verdadeiro, Josefina.",158,13.4375
141,Donnie Darko,2001-01-19,Fantasia,7.76,13634,4500000,7500000,Richard Kelly,https://image.tmdb.org/t/p/w500/j2AtZFsflxiluaNtajMTI0Avm8C.jpg,"Quem vê Donnie Darko logo imagina se tratar de um adolescente desajustado. Na verdade, Donnie está à beira da loucura, devido a visões constantes de um coelho monstruoso, que tenta mantê-lo sob a sua sinistra influência. Incitado pela aparição, Donnie tem atuação antissocial, enquanto se submete à terapia, sobrevive às extravagâncias da vida e do romance no colégio e, por acaso, escapa a uma estranha morte devido à queda de um avião. Donnie luta contra os seus demônios, literal e figurativamente, numa intriga de histórias entrelaçadas que jogam com as viagens no tempo, gurus fundamentalistas, predestinação e os desígnios do universo.",113,13.4278
1153714,A Morte de um Unicórnio,2025-03-17,Terror,6.384,887,15000000,16423085,Alex Scharfman,https://image.tmdb.org/t/p/w500/yViLU5fnT4r6sGRMFfgQ0KrFYR8.jpg,"Elliot, funcionário de uma empresa farmacêutica, viaja com sua filha Ridley para uma reunião de emergência com seu chefe ultra-rico. Ao longo do caminho, eles acidentalmente atingem um unicórnio, e logo descobrem que o sangue, o corpo e o chifre do animal têm propriedades milagrosamente restaurativas.",107,13.4205
26389,Dupla Implacável,2010-02-04,Ação,6.451,2412,52000000,52800000,Pierre Morel,https://image.tmdb.org/t/p/w500/qpiASu5ZX5troHTXlhQGtOJ6lxb.jpg,"James Reece (Jonathan Rhys Meyers) é o assistente pessoal do embaixador americano na França e leva uma vida pacata e confortável em Paris. Seu sonho é se tornar um agente da CIA, onde poderia ter mais ação ao realizar seu trabalho. Sua vida muda quando é designado como o novo parceiro de Charlie Wax (John Travolta), que precisa deter um ataque terrorista. A partir de então Charlie guia James em uma perseguição pelo submundo parisiense, para cumprir sua missão.",92,13.4046
2109,A Hora do Rush,1998-09-18,Ação,7.081,5825,33000000,244721064,Brett Ratner,https://image.tmdb.org/t/p/w500/sdzr7YU2fPoTwjfsO4gN7ri0S5e.jpg,"Quando a filha de um diplomata chinês é sequestrada em Los Angeles, o cônsul chama o inspector Lee em Hong Kong para ajudar o FBI com o caso. O FBI não se importa com Lee e o deixa de lado no Departamento de Polícia de Los Angeles, pedindo ao detetive James Carter que o vigie. Apesar de Lee e Carter não se suportarem, eles resolvem trabalhar juntos para resolver o caso por conta própria ao descobrirem que foram abandonados tanto pelo FBI quanto pela polícia.",97,13.3992
563,Tropas Estelares,1997-11-07,Aventura,7.116,5636,105000000,121214377,Paul Verhoeven,https://image.tmdb.org/t/p/w500/xb6NkoDkbep6lhn8K6YDPitALpr.jpg,"Em um futuro distante, a Terra está em guerra contra uma raça de insetos gigantes alienígenas. Pouco se sabe sobre eles, exceto que têm a intenção de eliminar toda forma de vida humana. Mas houve um tempo, antes da guerra, em que a Infantaria Móvel viajava para planetas distantes a fim de combater os insetos, inimigos implacáveis, com apenas uma missão: garantir a sobrevivência de sua espécie a qualquer custo.",135,13.3935
411088,Um Contratempo,2017-01-06,Drama,8.1,5092,4000000,30000000,Oriol Paulo,https://image.tmdb.org/t/p/w500/pOnbhr6DbPgKjvcNexbRdmR37De.jpg,"Após acordar ao lado de sua amante assassinada em um quarto de hotel, um empresário contrata uma advogada para descobrir como ele acabou sendo suspeito de um homicídio.",107,13.3913
184315,Hércules,2014-07-23,Ação,5.804,4413,100000000,244819862,Brett Ratner,https://image.tmdb.org/t/p/w500/op64HvQ8XyB4l2afElLqxuYEuPT.jpg,"Meio homem, meio deus, o semideus Hércules anda atormentado pela terra. Depois de doze árduos trabalhos realizados e a perda de sua família, ele conhece seis assassinos impiedosos e une-se ao grupo em busca de trabalho, até que o rei da Trácia convida-o para treinar o seu exército.",98,13.3753
561,Constantine,2005-02-08,Fantasia,7.198,8431,100000000,230900000,Francis Lawrence,https://image.tmdb.org/t/p/w500/dd4uzgUAbBIiRW7dcY0AcgSWohJ.jpg,"John Constantine (Keanu Reeves) é um experiente ocultista e exorcista, que literalmente chegou ao inferno. Juntamente com Angela Dodson (Rachel Weisz), uma policial cética, ele investiga o misterioso assassinato da irmã gêmea dela, Isabel. As investigações levam a dupla a um mundo sombrio, em que precisam lidar com demônios e anjos malvados.",121,13.365
646380,Não Olhe para Cima,2021-12-08,Comédia,7.057,9574,75000000,791863,Adam McKay,https://image.tmdb.org/t/p/w500/6Sc7Tjt7aPsdghYK32mDMFeZkqJ.jpg,Dois astrônomos descobrem um cometa mortal vindo em direção à Terra e partem em um tour midiático para alertar a humanidade. Só que ninguém parece dar muita bola.,138,13.3601
423204,Invasão ao Serviço Secreto,2019-08-21,Ação,6.607,3946,40000000,146661977,Ric Roman Waugh,https://image.tmdb.org/t/p/w500/k34LUdkVAU77hDKUhcTgg0HUnHh.jpg,"Dedicado e sempre focado em seu trabalho, o agente do Serviço Secreto, Mike Banning vê sua vida mudar completamente da noite para o dia ao ser acusado de conspirar para o assassinato do presidente dos Estados Unidos. Quando percebe que todos estão atrás dele, Mike corre contra o tempo para descobrir o que realmente aconteceu enquanto foge de outros agentes.",122,13.359
117,Os Intocáveis,1987-06-03,Crime,7.753,6272,25000000,76270454,Brian De Palma,https://image.tmdb.org/t/p/w500/l0Xqmj5zW5QIw3437VkP1bFHMfr.jpg,"Na Chicago dos anos 1930, o jovem agente federal Eliot Ness tenta acabar com o reinado de terror e corrupção instaurado pelo gângster Al Capone. Para isso, ele recruta um pequeno time de corajosos e incorruptíveis homens e conta com a ajuda do experiente policial Jim Malone.",119,13.3587
1341138,Amigas Sem Filtro,2026-08-20,Comédia,10.0,1,0,0,Jon Lucas,https://image.tmdb.org/t/p/w500/vmCmJq3Bx9PfuOy6pRrCrq2GdvR.jpg,"Três amigas planejam um fim de semana de descanso em um spa de luxo, mas tudo sai do controle quando a integrante mais imprevisível do grupo aparece sem avisar. Entre massagens, bebidas e decisões duvidosas, o que era para ser uma escapada relaxante se transforma no fim de semana mais caótico e divertido de suas vidas.",97,13.3566
1358005,Paixão de Escritório,2026-06-04,Romance,6.424,356,0,0,Ol Parker,https://image.tmdb.org/t/p/w500/kN86jEhf5xeHTPwlVeZ1ZAW861r.jpg,Uma comédia romântica apimentada sobre dois viciados em trabalho que vivem um relacionamento secreto na empresa.,115,13.3283
9475,Perfume de Mulher,1992-12-23,Drama,7.791,4034,31000000,134100000,Martin Brest,https://image.tmdb.org/t/p/w500/7vYWmKziZCfuXuIesRdVHUtXaLY.jpg,"Frank é um militar aposentado, cego e impossível de se conviver junto. Sua sobrinha contrata Charlie para cuidar dele no dia de Ação de Graças. Charlie aceita o trabalho para poder pagar por uma viagem de volta pra casa no Natal, porém eles não contavam com a ideia de Frank em passar o dia em Nova York.",156,13.3212
7451,Triplo X,2002-08-09,Ação,5.991,4993,70000000,277448382,Rob Cohen,https://image.tmdb.org/t/p/w500/lpmyeqSR2Pc7ytfTp1ScD3ferX4.jpg,"O ex-atleta de esportes extremos Xander ""XXX"" Cage, famoso por suas acrobacias que desafiam a morte, é convencido de que pode ter sucesso em ações que espiões convencionais falharam. Xander é recrutado pelo agente Gibbons para se tornar um tipo diferente de agente secreto. Agora, em uma perigosa missão, ele precisa usar todas as suas habilidades para combater um inimigo mortal.",124,13.3191
1005331,Bagagem de Risco,2024-12-05,Thriller,6.879,2862,47000000,0,Jaume Collet Serra,https://image.tmdb.org/t/p/w500/6cMRujaT02bDOjYGGy5KncAD7U7.jpg,Um agente de segurança é chantageado e acaba deixando um pacote perigoso entrar em um voo na véspera de Natal.,119,13.3189
4488,Sexta-Feira 13,1980-05-09,Terror,6.4,3423,550000,39925100,Sean S. Cunningham,https://image.tmdb.org/t/p/w500/rdrVW0qN16Ho8BDwmcqW9oLQtn3.jpg,"O Acampamento Crystal Lake será reaberto. Monitores ansiosos, seus olhos brilhando com nobres ideais, e seus hormônios à flor da pele, estão prontos para liderar as canções e brincadeiras dos hóspedes. Mas há um jogo que não constava na lista de atividades. Alguém resolveu brincar de ""Mate o Monitor.""",90,13.3153
1573,Duro de Matar 2,1990-07-03,Ação,6.97,6529,70000000,240031094,Renny Harlin,https://image.tmdb.org/t/p/w500/spP1XGrhqvS8eDQz0xGr5L0jGpH.jpg,"Terroristas assumem o controle do aeroporto de Washington, visando libertar um preso político que está sendo extraditado, e ameaçam destruir várias aeronaves se as exigências deles não forem cumpridas. Mas a esposa de John McClane, um detetive de Nova York, se encontra em um dos aviões, assim o marido resolve enfrentar a quadrilha.",124,13.296
620,Os Caça-Fantasmas,1984-06-08,Comédia,7.498,9906,30000000,296640120,Ivan Reitman,https://image.tmdb.org/t/p/w500/6RjSQGuqwY2kqpNN7ibono0e1Cc.jpg,"Em Nova York, Peter Venkman, Ray Stantz e Egon Spengler são três cientistas do departamento de psicologia da Universidade de Columbia que se dedicam ao estudo de casos paranormais. Quando a subvenção termina, eles são despedidos e Venkman sugere que abram um negócio próprio, a exterminadora de fantasmas Ghostbusters. Inicialmente eles só têm despesas e nenhum cliente, mas eis que surge Dana Barrett, uma violoncelista que teve uma experiência assustadora em seu apartamento.",105,13.2889
23168,Atração Perigosa,2010-09-15,Crime,7.225,5767,37000000,154026136,Ben Affleck,https://image.tmdb.org/t/p/w500/g1IF1RQasgk0o4CTi6AxdZeSAvR.jpg,"Doug MacRay é o líder de um grupo de ladrões. Um dia, ao realizar um assalto, seu parceiro James faz Claire Keesey refém para facilitar a fuga do grupo, libertando-a logo em seguida. Sabendo que a jovem está traumatizada, Doug se aproxima dela e os dois se apaixonam. Doug tenta abandonar a vida de crimes, mas é forçado a continuar cometendo assaltos.",105,13.2817
453,Uma Mente Brilhante,2001-12-14,Drama,7.852,11275,58000000,316791257,Ron Howard,https://image.tmdb.org/t/p/w500/8K5W9QnNT7r1V9GuJ5z5KlrROkd.jpg,"John Nash é um gênio da matemática que, aos 21 anos, formulou um teorema que provou sua genialidade e o tornou aclamado no meio onde atuava. Mas aos poucos o belo e arrogante Nash se transforma em um sofrido e atormentado homem, que chega até mesmo a ser diagnosticado como esquizofrênico pelos médicos que o tratam. Porém, após anos de luta para se recuperar, ele consegue retornar à sociedade e acaba sendo premiado com o Nobel.",135,13.2785
467905,Manual Prático da Vingança Lucrativa,2026-02-16,Comédia,6.967,688,15000000,21598574,John Patton Ford,https://image.tmdb.org/t/p/w500/eyYbgERxVuWBhCeZZLNFlZVWLz2.jpg,"Deserdado desde o nascimento por sua família bilionária, Becket Redfellow está determinado a recuperar a fortuna que sempre acreditou ser sua por direito. Para isso, ele irá orquestrar uma série de ""acidentes"" engenhosamente planejados, até que não reste nenhum herdeiro de pé.",105,13.276
862163,Antarvasna,2021-03-20,Drama,0.0,0,0,0,Abhinav Singh,https://image.tmdb.org/t/p/w500/dypsORPTqwL9HnL44AHFcmDjuBc.jpg,,15,13.273
169,O Predador 2: A Caçada Continua,1990-11-21,Ficção científica,6.304,3936,35000000,57120318,Stephen Hopkins,https://image.tmdb.org/t/p/w500/xBNOmNi4SSB5JAXGlsvgYtWDOuD.jpg,"Um alienígena predador, invisível e equipado com armas poderosas, desembarca em Los Angeles, devastada pelo conflito de gangues de traficantes rivais, para iniciar seu festival de matança, deixando um rastro de corpos mutilados em seu caminho.",108,13.2722
1278,Os Sonhadores,2003-10-10,Drama,7.178,3143,15000000,15100000,Bernardo Bertolucci,https://image.tmdb.org/t/p/w500/isrHMKwZxKdilWOcrbd9gjPAi8I.jpg,"Em meio a tumultos políticos, três estudantes se vêem atraídos por sua paixão pelo cinema... e uns pelos outros! Enquanto seus pais estão de férias, os gêmeos Isabelle e Theo convidam o aluno de intercâmbio Matthew para ficar com eles. Assim começa uma intensa e erótica viagem de descoberta sexual e desejo, onde nada é proibido e tudo é possível!",116,13.255
9334,O Escorpião Rei,2002-04-18,Ação,5.589,3434,60000000,165333180,Chuck Russell,https://image.tmdb.org/t/p/w500/5E3tchAzZx8Kc5k1xmKDUalUPLa.jpg,"Em uma época bem remota, na cidade de Gomorra, Memnon é um governante maligno que está determinado a massacrar todos que forem contrários a ele. As poucas tribos sobreviventes, que nunca foram aliadas, se veem obrigadas a se unir para não desaparecer. Sabendo que seus inimigos acreditam e dependem das visões de um feiticeiro, eles contratam Mathayus, um eficaz mercenário, para eliminá-lo. Após se infiltrar no campo inimigo, Mathayus descobre que o feiticeiro é na verdade uma linda mulher.",92,13.2502
10588,O Gato,2003-11-21,Fantasia,5.352,1857,109000000,133800000,Bo Welch,https://image.tmdb.org/t/p/w500/doGqNxkbvJ5igyWWDRA0B0bmZnw.jpg,"Conrad e Sally são dois irmãos que, num dia chuvoso, estão em casa sem ter nada para fazer. A única diversão da dupla é ficar brincando com o animal de estimação deles, um peixe. Até que surge um gato travesso, de cartola vermelha e branca, que leva a dupla a um incrível mundo de imaginação.",82,13.2464
166428,Como Treinar o Seu Dragão 3,2019-01-03,Animação,7.753,7239,129000000,539987993,Dean DeBlois,https://image.tmdb.org/t/p/w500/5uqxMHM7YLKk6yni4bOE0D6DVz8.jpg,"Decidido a fazer de Berk um verdadeiro libelo ao ideal da convivência pacífica entre homens e dragões, Soluço e seus amigos seguem atrás de caçadores, para não só libertar suas presas mas também impedir a matança desenfreada dos animais. O esforço do grupo desperta a atenção de Grimmel ao descobrir que entre eles está Banguela, um legítimo Fúria da Noite. O vilão então desenvolve um plano para capturá-lo a todo custo, usando como arma uma fêmea capturada, da mesma espécie.",105,13.2407
9426,A Mosca,1986-08-15,Terror,7.443,5081,15000000,60629159,David Cronenberg,https://image.tmdb.org/t/p/w500/dQWmNTzZBRuxDGiLsuKuPXJQES1.jpg,"Seth Brundie é um cientista excêntrico que trabalha numa nova invenção, uma máquina de teletransporte - a TelePod. Ao seu lado, tem Veronica, uma jornalista que acompanha seus projetos acreditando ser essa a história do ano. Ao experimentar seu novo invento, Seth não percebe que uma mosca entrou na cabine do teletransporte. O imprevisto faz com que os padrões moleculares do homem e do inseto se misturem e, pouco a pouco, o cientista vai sofrendo terríveis transformações.",96,13.2334
1309083,Dolly: A Boneca Maldita,2026-03-06,Terror,5.776,208,0,1062322,Rod Blackhurst,https://image.tmdb.org/t/p/w500/vCeOJ9wpABXDSdqVnZ7jPbgtNUp.jpg,Uma jovem chamada Macy luta para sobreviver após ser sequestrada por uma figura monstruosa e perturbada que deseja criá-la como sua filha.,82,13.2239
420634,Aterrorizante,2018-01-25,Terror,6.305,3040,35000,421798,Damien Leone,https://image.tmdb.org/t/p/w500/z0m2BK6eCmaSJCDwS8JbkqDSg9P.jpg,Um palhaço maníaco aterroriza três jovens na noite de Halloween e todos os outros que estão em seu caminho.,82,13.2039
324849,Lego Batman: O Filme,2017-02-08,Animação,7.256,5523,80000000,311950384,Chris McKay,https://image.tmdb.org/t/p/w500/jUZAAKHfHwZj8bEvghaY9MrGCRG.jpg,"O Batman sempre combateu o crime sozinho. Mas quando o Coringa liberta os criminosos da Zona Fantasma, o Cavaleiro das Trevas terá que aprender a trabalhar em equipe e criar o órfão que ele adotou acidentalmente.",105,13.2019
2118,Los Angeles: Cidade Proibida,1997-09-19,Crime,7.806,5668,35000000,126216940,Curtis Hanson,https://image.tmdb.org/t/p/w500/sQPznDV3qpEIh7qenP0Jo9OlORX.jpg,"Três policiais trabalham em um crime não resolvido em um café de Los Angeles. O tenente Exley quer vingar seu pai assassinado, e o ex-parceiro do agente White foi uma das vítimas. Enquanto isso, o sargento Vincennes divulga informações confidenciais a um magnata dos tabloides.",132,13.1982
1008042,Fale Comigo,2023-07-26,Terror,7.139,3909,4500000,91959188,Danny Philippou,https://image.tmdb.org/t/p/w500/7U3lC4YnHD8zpeoxbY6Hsj9jyeu.jpg,"Quando um grupo de amigos descobre como conjurar espíritos usando uma antiga mão embalsamada, eles ficam viciados na nova emoção. Até que um deles vai longe demais e abre a porta para o mundo espiritual.",95,13.1895
